entity_id,domain,full_entity_id
13_00_luik_openen,automation,automation.13_00_luik_openen
airco_woonkamer_shutdown_trigger,automation,automation.airco_woonkamer_shutdown_trigger
avondverlichting_woonkamer,automation,automation.avondverlichting_woonkamer
badkamer_ir_timer,automation,automation.badkamer_ir_timer
badkamer_lichtknop_binnen,automation,automation.badkamer_lichtknop_binnen
badkamer_lichtknop_buiten,automation,automation.badkamer_lichtknop_buiten
badkamerlicht_binnen,automation,automation.badkamerlicht_binnen
badkamerlicht_buiten,automation,automation.badkamerlicht_buiten
badkamerlichtknop,automation,automation.badkamerlichtknop
badkamerlichtknop_binnen,automation,automation.badkamerlichtknop_binnen
badkamerlichtknop_buiten,automation,automation.badkamerlichtknop_buiten
badkamerlichtknop_rood,automation,automation.badkamerlichtknop_rood
badkamerlichtknop_wit,automation,automation.badkamerlichtknop_wit
bedroom_ir_manager,automation,automation.bedroom_ir_manager
bedroom_ir_monitor,automation,automation.bedroom_ir_monitor
bedroom_ir_timer,automation,automation.bedroom_ir_timer
bollamp_knippert_bij_deurbel,automation,automation.bollamp_knippert_bij_deurbel
bureau_rolien_off,automation,automation.bureau_rolien_off
bureau_rolien_on,automation,automation.bureau_rolien_on
bureau_rudi_off_via_rudi_knop,automation,automation.bureau_rudi_off_via_rudi_knop
bureau_rudi_on,automation,automation.bureau_rudi_on
deken_julius,automation,automation.deken_julius
deken_timer,automation,automation.deken_timer
ev_charging_charge_mode_to_green,automation,automation.ev_charging_charge_mode_to_green
ev_charging_mode_selector,automation,automation.ev_charging_mode_selector
floor_heating_manager,automation,automation.floor_heating_manager
floor_heating_monitor,automation,automation.floor_heating_monitor
floor_heating_timed_trigger,automation,automation.floor_heating_timed_trigger
floor_manual_pushed,automation,automation.floor_manual_pushed
floor_scheduled_pushed,automation,automation.floor_scheduled_pushed
keuken_aanrechtlicht_knop,automation,automation.keuken_aanrechtlicht_knop
keuken_plafondlicht_knop,automation,automation.keuken_plafondlicht_knop
keukenlicht,automation,automation.keukenlicht
klein_laadpaal_charge_mode_to_green,automation,automation.klein_laadpaal_charge_mode_to_green
logger_auto_reset_to_warning,automation,automation.logger_auto_reset_to_warning
new_automation,automation,automation.new_automation
new_automation_2,automation,automation.new_automation_2
poort_sensor_lichten_aan,automation,automation.poort_sensor_lichten_aan
rolluik_dicht,automation,automation.rolluik_dicht
rolluik_dicht_r_r,automation,automation.rolluik_dicht_r_r
rolluik_open,automation,automation.rolluik_open
rolluik_open_r_r,automation,automation.rolluik_open_r_r
test_x,automation,automation.test_x
tv_knop,automation,automation.tv_knop
veranda_sensor,automation,automation.veranda_sensor
vijverpomp,automation,automation.vijverpomp
voordeur_sensor,automation,automation.voordeur_sensor
voordeurbel,automation,automation.voordeurbel
zigbee_button_controller,automation,automation.zigbee_button_controller
zonnescherm_stroom_aan,automation,automation.zonnescherm_stroom_aan
zonnescherm_stroom_uit,automation,automation.zonnescherm_stroom_uit
0x00158d00058d1420_battery_low,binary_sensor,binary_sensor.0x00158d00058d1420_battery_low
0x00158d00058d1420_contact,binary_sensor,binary_sensor.0x00158d00058d1420_contact
0x00158d00058d1420_tamper,binary_sensor,binary_sensor.0x00158d00058d1420_tamper
0x540f57fffef57923_illuminance_above_threshold,binary_sensor,binary_sensor.0x540f57fffef57923_illuminance_above_threshold
0x540f57fffef57923_occupancy,binary_sensor,binary_sensor.0x540f57fffef57923_occupancy
0x583bc2fffe0bd20b_contact,binary_sensor,binary_sensor.0x583bc2fffe0bd20b_contact
0xa4c13848f66f5ba1_dry,binary_sensor,binary_sensor.0xa4c13848f66f5ba1_dry
0xa4c1388c951dfa90_dry,binary_sensor,binary_sensor.0xa4c1388c951dfa90_dry
0xa4c138afd24b2a41_dry,binary_sensor,binary_sensor.0xa4c138afd24b2a41_dry
4ab554b2_homeassistant_editorhassio_is_present,binary_sensor,binary_sensor.4ab554b2_homeassistant_editorhassio_is_present
77_174_236_10fixedkpnnet_is_present,binary_sensor,binary_sensor.77_174_236_10fixedkpnnet_is_present
9336c2b0_zigbee2mqtthassio_is_present,binary_sensor,binary_sensor.9336c2b0_zigbee2mqtthassio_is_present
9336c2b0_zigbee2mqtthassio_is_present_2,binary_sensor,binary_sensor.9336c2b0_zigbee2mqtthassio_is_present_2
9336c2b0_zigbee2mqtthassio_is_present_3,binary_sensor,binary_sensor.9336c2b0_zigbee2mqtthassio_is_present_3
9cf1ea8f_mqtt_explorerhassio_is_present,binary_sensor,binary_sensor.9cf1ea8f_mqtt_explorerhassio_is_present
9cf1ea8f_mqtt_explorerhassio_is_present_2,binary_sensor,binary_sensor.9cf1ea8f_mqtt_explorerhassio_is_present_2
9cf1ea8f_mqtt_explorerhassio_is_present_3,binary_sensor,binary_sensor.9cf1ea8f_mqtt_explorerhassio_is_present_3
9cf1ea8f_mqtt_explorerhassio_is_present_4,binary_sensor,binary_sensor.9cf1ea8f_mqtt_explorerhassio_is_present_4
9cf1ea8f_mqtt_explorerhassio_is_present_5,binary_sensor,binary_sensor.9cf1ea8f_mqtt_explorerhassio_is_present_5
a0d7b954_vscodehassio_is_present,binary_sensor,binary_sensor.a0d7b954_vscodehassio_is_present
a0d7b954_vscodehassio_is_present_2,binary_sensor,binary_sensor.a0d7b954_vscodehassio_is_present_2
a0d7b954_vscodehassio_is_present_3,binary_sensor,binary_sensor.a0d7b954_vscodehassio_is_present_3
a0d7b954_vscodehassio_is_present_4,binary_sensor,binary_sensor.a0d7b954_vscodehassio_is_present_4
a0d7b954_vscodehassio_is_present_5,binary_sensor,binary_sensor.a0d7b954_vscodehassio_is_present_5
a55_van_rudi_presence,binary_sensor,binary_sensor.a55_van_rudi_presence
achterdeur_magneetsensor_battery_low,binary_sensor,binary_sensor.achterdeur_magneetsensor_battery_low
achterdeur_magneetsensor_battery_low_2,binary_sensor,binary_sensor.achterdeur_magneetsensor_battery_low_2
achterdeur_magneetsensor_contact,binary_sensor,binary_sensor.achterdeur_magneetsensor_contact
achterdeur_magneetsensor_contact_2,binary_sensor,binary_sensor.achterdeur_magneetsensor_contact_2
achterdeur_magneetsensor_tamper,binary_sensor,binary_sensor.achterdeur_magneetsensor_tamper
achterdeur_magneetsensor_tamper_2,binary_sensor,binary_sensor.achterdeur_magneetsensor_tamper_2
achterdeur_sensor_battery_low,binary_sensor,binary_sensor.achterdeur_sensor_battery_low
achterdeur_sensor_contact,binary_sensor,binary_sensor.achterdeur_sensor_contact
achterdeur_sensor_tamper,binary_sensor,binary_sensor.achterdeur_sensor_tamper
achterdeurbel,binary_sensor,binary_sensor.achterdeurbel
assist_microphone_assist_in_progress,binary_sensor,binary_sensor.assist_microphone_assist_in_progress
backups_stale,binary_sensor,binary_sensor.backups_stale
bamboe_achtertuin_dry,binary_sensor,binary_sensor.bamboe_achtertuin_dry
bamboe_tuin_dry,binary_sensor,binary_sensor.bamboe_tuin_dry
bruidsplant_achtertuin_dry,binary_sensor,binary_sensor.bruidsplant_achtertuin_dry
core_configuratorhassio_is_present,binary_sensor,binary_sensor.core_configuratorhassio_is_present
core_configuratorhassio_is_present_2,binary_sensor,binary_sensor.core_configuratorhassio_is_present_2
core_configuratorhassio_is_present_3,binary_sensor,binary_sensor.core_configuratorhassio_is_present_3
core_configuratorhassio_is_present_4,binary_sensor,binary_sensor.core_configuratorhassio_is_present_4
core_configuratorhassio_is_present_5,binary_sensor,binary_sensor.core_configuratorhassio_is_present_5
core_mariadbhassio_is_present,binary_sensor,binary_sensor.core_mariadbhassio_is_present
core_mariadbhassio_is_present_2,binary_sensor,binary_sensor.core_mariadbhassio_is_present_2
core_mariadbhassio_is_present_3,binary_sensor,binary_sensor.core_mariadbhassio_is_present_3
core_mariadbhassio_is_present_4,binary_sensor,binary_sensor.core_mariadbhassio_is_present_4
core_mariadbhassio_is_present_5,binary_sensor,binary_sensor.core_mariadbhassio_is_present_5
core_mosquittohassio_is_present,binary_sensor,binary_sensor.core_mosquittohassio_is_present
core_mosquittohassio_is_present_2,binary_sensor,binary_sensor.core_mosquittohassio_is_present_2
core_mosquittohassio_is_present_3,binary_sensor,binary_sensor.core_mosquittohassio_is_present_3
core_mosquittohassio_is_present_4,binary_sensor,binary_sensor.core_mosquittohassio_is_present_4
core_mosquittohassio_is_present_5,binary_sensor,binary_sensor.core_mosquittohassio_is_present_5
daikin_zolderkleinsensenl_is_present,binary_sensor,binary_sensor.daikin_zolderkleinsensenl_is_present
darius_dockkleinsensenl_is_present,binary_sensor,binary_sensor.darius_dockkleinsensenl_is_present
darius_s_galaxy_s20_fe_5g_presence,binary_sensor,binary_sensor.darius_s_galaxy_s20_fe_5g_presence
db21ed7f_filebrowserhassio_is_present,binary_sensor,binary_sensor.db21ed7f_filebrowserhassio_is_present
db21ed7f_filebrowserhassio_is_present_2,binary_sensor,binary_sensor.db21ed7f_filebrowserhassio_is_present_2
db21ed7f_filebrowserhassio_is_present_3,binary_sensor,binary_sensor.db21ed7f_filebrowserhassio_is_present_3
db21ed7f_filebrowserhassio_is_present_4,binary_sensor,binary_sensor.db21ed7f_filebrowserhassio_is_present_4
db21ed7f_filebrowserhassio_is_present_5,binary_sensor,binary_sensor.db21ed7f_filebrowserhassio_is_present_5
db21ed7f_filebrowserhassio_is_present_6,binary_sensor,binary_sensor.db21ed7f_filebrowserhassio_is_present_6
db21ed7f_filebrowserhassio_is_present_7,binary_sensor,binary_sensor.db21ed7f_filebrowserhassio_is_present_7
deurbel,binary_sensor,binary_sensor.deurbel
digital_only_ev3_accessory,binary_sensor,binary_sensor.digital_only_ev3_accessory
digital_only_ev3_ev_battery_heating,binary_sensor,binary_sensor.digital_only_ev3_ev_battery_heating
digital_only_ev3_ev_battery_precondition,binary_sensor,binary_sensor.digital_only_ev3_ev_battery_precondition
digital_only_ev3_ev_battery_winter_mode,binary_sensor,binary_sensor.digital_only_ev3_ev_battery_winter_mode
digital_only_ev3_front_left_lamp_fault,binary_sensor,binary_sensor.digital_only_ev3_front_left_lamp_fault
digital_only_ev3_front_right_lamp_fault,binary_sensor,binary_sensor.digital_only_ev3_front_right_lamp_fault
digital_only_ev3_headlamp_left_high_fault,binary_sensor,binary_sensor.digital_only_ev3_headlamp_left_high_fault
digital_only_ev3_headlamp_right_high_fault,binary_sensor,binary_sensor.digital_only_ev3_headlamp_right_high_fault
digital_only_ev3_headlamp_status,binary_sensor,binary_sensor.digital_only_ev3_headlamp_status
digital_only_ev3_ign3,binary_sensor,binary_sensor.digital_only_ev3_ign3
digital_only_ev3_rear_left_lamp_fault,binary_sensor,binary_sensor.digital_only_ev3_rear_left_lamp_fault
digital_only_ev3_rear_right_lamp_fault,binary_sensor,binary_sensor.digital_only_ev3_rear_right_lamp_fault
digital_only_ev3_sleep_mode_check,binary_sensor,binary_sensor.digital_only_ev3_sleep_mode_check
digital_only_ev3_turn_signal_left_front,binary_sensor,binary_sensor.digital_only_ev3_turn_signal_left_front
digital_only_ev3_turn_signal_left_rear,binary_sensor,binary_sensor.digital_only_ev3_turn_signal_left_rear
digital_only_ev3_turn_signal_right_front,binary_sensor,binary_sensor.digital_only_ev3_turn_signal_right_front
digital_only_ev3_turn_signal_right_rear,binary_sensor,binary_sensor.digital_only_ev3_turn_signal_right_rear
dnshassio_is_present,binary_sensor,binary_sensor.dnshassio_is_present
dnshassio_is_present_2,binary_sensor,binary_sensor.dnshassio_is_present_2
dnshassio_is_present_3,binary_sensor,binary_sensor.dnshassio_is_present_3
dnshassio_is_present_4,binary_sensor,binary_sensor.dnshassio_is_present_4
dnshassio_is_present_5,binary_sensor,binary_sensor.dnshassio_is_present_5
draadjekleinsensenl_is_present,binary_sensor,binary_sensor.draadjekleinsensenl_is_present
droger_running,binary_sensor,binary_sensor.droger_running
echo_local_problem,binary_sensor,binary_sensor.echo_local_problem
energy_kwh_chargerkleinsensenl_is_present,binary_sensor,binary_sensor.energy_kwh_chargerkleinsensenl_is_present
energy_p1_meterkleinsensenl_is_present,binary_sensor,binary_sensor.energy_p1_meterkleinsensenl_is_present
energysocket_dariuskleinsensenl_is_present,binary_sensor,binary_sensor.energysocket_dariuskleinsensenl_is_present
energysocket_rudikleinsensenl_is_present,binary_sensor,binary_sensor.energysocket_rudikleinsensenl_is_present
enphase_site_1234567_cloud_reachable,binary_sensor,binary_sensor.enphase_site_1234567_cloud_reachable
enphase_site_5850136_cloud_reachable,binary_sensor,binary_sensor.enphase_site_5850136_cloud_reachable
enphase_site_5850163_cloud_reachable,binary_sensor,binary_sensor.enphase_site_5850163_cloud_reachable
envoykleinsensenl_is_present,binary_sensor,binary_sensor.envoykleinsensenl_is_present
espsomfyrts_zonnescherm,binary_sensor,binary_sensor.espsomfyrts_zonnescherm
espsomfyrts_zonnescherm_2,binary_sensor,binary_sensor.espsomfyrts_zonnescherm_2
espsomfyrts_zonnescherm_wind,binary_sensor,binary_sensor.espsomfyrts_zonnescherm_wind
espsomfyrts_zonnescherm_zon,binary_sensor,binary_sensor.espsomfyrts_zonnescherm_zon
ev3_back_left_door_lock,binary_sensor,binary_sensor.ev3_back_left_door_lock
ev3_back_right_door_lock,binary_sensor,binary_sensor.ev3_back_right_door_lock
ev3_front_left_door_lock,binary_sensor,binary_sensor.ev3_front_left_door_lock
ev3_front_right_door_lock,binary_sensor,binary_sensor.ev3_front_right_door_lock
ev3_locked,binary_sensor,binary_sensor.ev3_locked
ev3_sv1_24_air_conditioner,binary_sensor,binary_sensor.ev3_sv1_24_air_conditioner
ev3_sv1_24_back_left_door,binary_sensor,binary_sensor.ev3_sv1_24_back_left_door
ev3_sv1_24_back_left_window,binary_sensor,binary_sensor.ev3_sv1_24_back_left_window
ev3_sv1_24_back_right_door,binary_sensor,binary_sensor.ev3_sv1_24_back_right_door
ev3_sv1_24_back_right_window,binary_sensor,binary_sensor.ev3_sv1_24_back_right_window
ev3_sv1_24_back_window_heater,binary_sensor,binary_sensor.ev3_sv1_24_back_window_heater
ev3_sv1_24_brake_fluid_warning,binary_sensor,binary_sensor.ev3_sv1_24_brake_fluid_warning
ev3_sv1_24_defrost,binary_sensor,binary_sensor.ev3_sv1_24_defrost
ev3_sv1_24_engine,binary_sensor,binary_sensor.ev3_sv1_24_engine
ev3_sv1_24_ev_battery_charge,binary_sensor,binary_sensor.ev3_sv1_24_ev_battery_charge
ev3_sv1_24_ev_battery_plug,binary_sensor,binary_sensor.ev3_sv1_24_ev_battery_plug
ev3_sv1_24_ev_first_scheduled_departure,binary_sensor,binary_sensor.ev3_sv1_24_ev_first_scheduled_departure
ev3_sv1_24_ev_second_scheduled_departure,binary_sensor,binary_sensor.ev3_sv1_24_ev_second_scheduled_departure
ev3_sv1_24_front_left_door,binary_sensor,binary_sensor.ev3_sv1_24_front_left_door
ev3_sv1_24_front_left_window,binary_sensor,binary_sensor.ev3_sv1_24_front_left_window
ev3_sv1_24_front_right_door,binary_sensor,binary_sensor.ev3_sv1_24_front_right_door
ev3_sv1_24_front_right_window,binary_sensor,binary_sensor.ev3_sv1_24_front_right_window
ev3_sv1_24_fuel_low_level,binary_sensor,binary_sensor.ev3_sv1_24_fuel_low_level
ev3_sv1_24_hood,binary_sensor,binary_sensor.ev3_sv1_24_hood
ev3_sv1_24_smart_key_battery_warning,binary_sensor,binary_sensor.ev3_sv1_24_smart_key_battery_warning
ev3_sv1_24_steering_wheel_heater,binary_sensor,binary_sensor.ev3_sv1_24_steering_wheel_heater
ev3_sv1_24_tire_pressure_all,binary_sensor,binary_sensor.ev3_sv1_24_tire_pressure_all
ev3_sv1_24_tire_pressure_front_left,binary_sensor,binary_sensor.ev3_sv1_24_tire_pressure_front_left
ev3_sv1_24_tire_pressure_front_right,binary_sensor,binary_sensor.ev3_sv1_24_tire_pressure_front_right
ev3_sv1_24_tire_pressure_rear_left,binary_sensor,binary_sensor.ev3_sv1_24_tire_pressure_rear_left
ev3_sv1_24_tire_pressure_rear_right,binary_sensor,binary_sensor.ev3_sv1_24_tire_pressure_rear_right
ev3_sv1_24_trunk,binary_sensor,binary_sensor.ev3_sv1_24_trunk
ev3_sv1_24_washer_fluid_warning,binary_sensor,binary_sensor.ev3_sv1_24_washer_fluid_warning
everything_presence_lite_20b1c8_assumed_present,binary_sensor,binary_sensor.everything_presence_lite_20b1c8_assumed_present
everything_presence_lite_20b1c8_occupancy,binary_sensor,binary_sensor.everything_presence_lite_20b1c8_occupancy
everything_presence_lite_20b1c8_target_1_active,binary_sensor,binary_sensor.everything_presence_lite_20b1c8_target_1_active
everything_presence_lite_20b1c8_target_2_active,binary_sensor,binary_sensor.everything_presence_lite_20b1c8_target_2_active
everything_presence_lite_20b1c8_target_3_active,binary_sensor,binary_sensor.everything_presence_lite_20b1c8_target_3_active
everything_presence_lite_20b1c8_zone_1_occupancy,binary_sensor,binary_sensor.everything_presence_lite_20b1c8_zone_1_occupancy
fornuiskleinsensenl_is_present,binary_sensor,binary_sensor.fornuiskleinsensenl_is_present
heating_early_start,binary_sensor,binary_sensor.heating_early_start
heating_link,binary_sensor,binary_sensor.heating_link
heating_open_window,binary_sensor,binary_sensor.heating_open_window
heating_overlay,binary_sensor,binary_sensor.heating_overlay
heating_power,binary_sensor,binary_sensor.heating_power
hot_water_link,binary_sensor,binary_sensor.hot_water_link
hot_water_overlay,binary_sensor,binary_sensor.hot_water_overlay
hot_water_power,binary_sensor,binary_sensor.hot_water_power
huiskamer_climatecontrol_is_holiday_mode_active,binary_sensor,binary_sensor.huiskamer_climatecontrol_is_holiday_mode_active
huiskamer_climatecontrol_is_in_caution_state,binary_sensor,binary_sensor.huiskamer_climatecontrol_is_in_caution_state
huiskamer_climatecontrol_is_in_error_state,binary_sensor,binary_sensor.huiskamer_climatecontrol_is_in_error_state
huiskamer_climatecontrol_is_in_mode_conflict,binary_sensor,binary_sensor.huiskamer_climatecontrol_is_in_mode_conflict
huiskamer_climatecontrol_is_in_warning_state,binary_sensor,binary_sensor.huiskamer_climatecontrol_is_in_warning_state
huiskamer_climatecontrol_is_powerful_mode_active,binary_sensor,binary_sensor.huiskamer_climatecontrol_is_powerful_mode_active
huiskamer_gateway_is_firmware_update_supported,binary_sensor,binary_sensor.huiskamer_gateway_is_firmware_update_supported
huiskamer_gateway_is_in_error_state,binary_sensor,binary_sensor.huiskamer_gateway_is_in_error_state
huiskamer_outdoorunit_is_in_caution_state,binary_sensor,binary_sensor.huiskamer_outdoorunit_is_in_caution_state
huiskamer_outdoorunit_is_in_error_state,binary_sensor,binary_sensor.huiskamer_outdoorunit_is_in_error_state
huiskamer_outdoorunit_is_in_warning_state,binary_sensor,binary_sensor.huiskamer_outdoorunit_is_in_warning_state
huiskamerdeur_door,binary_sensor,binary_sensor.huiskamerdeur_door
ib1817389568_connection_state,binary_sensor,binary_sensor.ib1817389568_connection_state
ikea_parasol_1_contact,binary_sensor,binary_sensor.ikea_parasol_1_contact
ikea_parasol_1_contact_2,binary_sensor,binary_sensor.ikea_parasol_1_contact_2
ikea_parasol_2_contact,binary_sensor,binary_sensor.ikea_parasol_2_contact
ikea_raamsensor_j_d_contact,binary_sensor,binary_sensor.ikea_raamsensor_j_d_contact
inverter_122403000786_communicating,binary_sensor,binary_sensor.inverter_122403000786_communicating
inverter_122403000786_producing,binary_sensor,binary_sensor.inverter_122403000786_producing
inverter_122403011963_communicating,binary_sensor,binary_sensor.inverter_122403011963_communicating
inverter_122403011963_producing,binary_sensor,binary_sensor.inverter_122403011963_producing
inverter_122403013390_communicating,binary_sensor,binary_sensor.inverter_122403013390_communicating
inverter_122403013390_producing,binary_sensor,binary_sensor.inverter_122403013390_producing
inverter_122403013624_communicating,binary_sensor,binary_sensor.inverter_122403013624_communicating
inverter_122403013624_producing,binary_sensor,binary_sensor.inverter_122403013624_producing
inverter_122403017296_communicating,binary_sensor,binary_sensor.inverter_122403017296_communicating
inverter_122403017296_producing,binary_sensor,binary_sensor.inverter_122403017296_producing
inverter_122403017303_communicating,binary_sensor,binary_sensor.inverter_122403017303_communicating
inverter_122403017303_producing,binary_sensor,binary_sensor.inverter_122403017303_producing
inverter_122403017394_communicating,binary_sensor,binary_sensor.inverter_122403017394_communicating
inverter_122403017394_producing,binary_sensor,binary_sensor.inverter_122403017394_producing
inverter_122403017400_communicating,binary_sensor,binary_sensor.inverter_122403017400_communicating
inverter_122403017400_producing,binary_sensor,binary_sensor.inverter_122403017400_producing
inverter_122403017402_communicating,binary_sensor,binary_sensor.inverter_122403017402_communicating
inverter_122403017402_producing,binary_sensor,binary_sensor.inverter_122403017402_producing
inverter_122403017544_communicating,binary_sensor,binary_sensor.inverter_122403017544_communicating
inverter_122403017544_producing,binary_sensor,binary_sensor.inverter_122403017544_producing
inverter_122403017575_communicating,binary_sensor,binary_sensor.inverter_122403017575_communicating
inverter_122403017575_producing,binary_sensor,binary_sensor.inverter_122403017575_producing
inverter_122403017626_communicating,binary_sensor,binary_sensor.inverter_122403017626_communicating
inverter_122403017626_producing,binary_sensor,binary_sensor.inverter_122403017626_producing
inverter_122403017701_communicating,binary_sensor,binary_sensor.inverter_122403017701_communicating
inverter_122403017701_producing,binary_sensor,binary_sensor.inverter_122403017701_producing
julius_smartphone_s20kleinsensenl_is_present,binary_sensor,binary_sensor.julius_smartphone_s20kleinsensenl_is_present
julius_tabletkleinsensenl_is_present,binary_sensor,binary_sensor.julius_tabletkleinsensenl_is_present
kia_ev3kleinsensenl_is_present,binary_sensor,binary_sensor.kia_ev3kleinsensenl_is_present
kleinblinkcam1_battery,binary_sensor,binary_sensor.kleinblinkcam1_battery
kleinblinkcam1_motion,binary_sensor,binary_sensor.kleinblinkcam1_motion
kleinblinkcam2_battery,binary_sensor,binary_sensor.kleinblinkcam2_battery
kleinblinkcam2_motion,binary_sensor,binary_sensor.kleinblinkcam2_motion
kleinblinkkleinsensenl_is_present,binary_sensor,binary_sensor.kleinblinkkleinsensenl_is_present
kleinboilkleinsensenl_is_present,binary_sensor,binary_sensor.kleinboilkleinsensenl_is_present
kleincastkleinsensenl_is_present,binary_sensor,binary_sensor.kleincastkleinsensenl_is_present
kleinfloorkleinsensenl_is_present,binary_sensor,binary_sensor.kleinfloorkleinsensenl_is_present
kleingen_hdd_1,binary_sensor,binary_sensor.kleingen_hdd_1
kleinlesskleinnet_is_present,binary_sensor,binary_sensor.kleinlesskleinnet_is_present
kleinlink_slaapkamerkleinsensenl_is_present,binary_sensor,binary_sensor.kleinlink_slaapkamerkleinsensenl_is_present
kleinmetwokleinsensenl_is_present,binary_sensor,binary_sensor.kleinmetwokleinsensenl_is_present
kleinnext_drive_1_below_min_remaining_life,binary_sensor,binary_sensor.kleinnext_drive_1_below_min_remaining_life
kleinnext_drive_1_exceeded_max_bad_sectors,binary_sensor,binary_sensor.kleinnext_drive_1_exceeded_max_bad_sectors
kleinnext_drive_2_below_min_remaining_life,binary_sensor,binary_sensor.kleinnext_drive_2_below_min_remaining_life
kleinnext_drive_2_exceeded_max_bad_sectors,binary_sensor,binary_sensor.kleinnext_drive_2_exceeded_max_bad_sectors
kleinnext_security_status,binary_sensor,binary_sensor.kleinnext_security_status
kleinnotifier_dnd,binary_sensor,binary_sensor.kleinnotifier_dnd
kleinpaal_charging,binary_sensor,binary_sensor.kleinpaal_charging
kleinpaal_connectivity,binary_sensor,binary_sensor.kleinpaal_connectivity
kleinpaal_plugged_in,binary_sensor,binary_sensor.kleinpaal_plugged_in
kleinpaal_wifikleinsensenl_is_present,binary_sensor,binary_sensor.kleinpaal_wifikleinsensenl_is_present
kleinpaal_wifikleinsensenl_is_present_2,binary_sensor,binary_sensor.kleinpaal_wifikleinsensenl_is_present_2
kleinroofkleinsensenl_is_present,binary_sensor,binary_sensor.kleinroofkleinsensenl_is_present
kleinsensekleinsensenl_is_present,binary_sensor,binary_sensor.kleinsensekleinsensenl_is_present
kleinshedkleinsensenl_is_present,binary_sensor,binary_sensor.kleinshedkleinsensenl_is_present
kleinspy1_veranda_detections_motion,binary_sensor,binary_sensor.kleinspy1_veranda_detections_motion
kleinspy1_veranda_hdr_mode,binary_sensor,binary_sensor.kleinspy1_veranda_hdr_mode
kleinspy1_veranda_is_dark,binary_sensor,binary_sensor.kleinspy1_veranda_is_dark
kleinspy1_veranda_motion,binary_sensor,binary_sensor.kleinspy1_veranda_motion
kleinspy1_veranda_overlay_show_bitrate,binary_sensor,binary_sensor.kleinspy1_veranda_overlay_show_bitrate
kleinspy1_veranda_overlay_show_date,binary_sensor,binary_sensor.kleinspy1_veranda_overlay_show_date
kleinspy1_veranda_overlay_show_logo,binary_sensor,binary_sensor.kleinspy1_veranda_overlay_show_logo
kleinspy1_veranda_overlay_show_name,binary_sensor,binary_sensor.kleinspy1_veranda_overlay_show_name
kleinspy1_veranda_status_light_on,binary_sensor,binary_sensor.kleinspy1_veranda_status_light_on
kleinspy1_veranda_system_sounds,binary_sensor,binary_sensor.kleinspy1_veranda_system_sounds
kleinspy1kleinsensenl_is_present,binary_sensor,binary_sensor.kleinspy1kleinsensenl_is_present
kleinspy2_voordeur_detections_motion,binary_sensor,binary_sensor.kleinspy2_voordeur_detections_motion
kleinspy2_voordeur_hdr_mode,binary_sensor,binary_sensor.kleinspy2_voordeur_hdr_mode
kleinspy2_voordeur_is_dark,binary_sensor,binary_sensor.kleinspy2_voordeur_is_dark
kleinspy2_voordeur_motion,binary_sensor,binary_sensor.kleinspy2_voordeur_motion
kleinspy2_voordeur_overlay_show_bitrate,binary_sensor,binary_sensor.kleinspy2_voordeur_overlay_show_bitrate
kleinspy2_voordeur_overlay_show_date,binary_sensor,binary_sensor.kleinspy2_voordeur_overlay_show_date
kleinspy2_voordeur_overlay_show_logo,binary_sensor,binary_sensor.kleinspy2_voordeur_overlay_show_logo
kleinspy2_voordeur_overlay_show_name,binary_sensor,binary_sensor.kleinspy2_voordeur_overlay_show_name
kleinspy2_voordeur_status_light_on,binary_sensor,binary_sensor.kleinspy2_voordeur_status_light_on
kleinspy2_voordeur_system_sounds,binary_sensor,binary_sensor.kleinspy2_voordeur_system_sounds
kleinspy2kleinsensenl_is_present,binary_sensor,binary_sensor.kleinspy2kleinsensenl_is_present
kleinswitch_3kleinnet_is_present,binary_sensor,binary_sensor.kleinswitch_3kleinnet_is_present
kleinswitch_5kleinnet_is_present,binary_sensor,binary_sensor.kleinswitch_5kleinnet_is_present
kleinswitch_6kleinnet_is_present,binary_sensor,binary_sensor.kleinswitch_6kleinnet_is_present
kleintabkleinsensenl_is_present,binary_sensor,binary_sensor.kleintabkleinsensenl_is_present
kleintv_wirelesskleinsensenl_is_present,binary_sensor,binary_sensor.kleintv_wirelesskleinsensenl_is_present
kleinunifikleinsensenl_is_present,binary_sensor,binary_sensor.kleinunifikleinsensenl_is_present
kleinwizardkleinsensenl_is_present,binary_sensor,binary_sensor.kleinwizardkleinsensenl_is_present
laadpaal_running,binary_sensor,binary_sensor.laadpaal_running
matter_server_running,binary_sensor,binary_sensor.matter_server_running
mobiel_rolien_smartphone_prive_android_auto,binary_sensor,binary_sensor.mobiel_rolien_smartphone_prive_android_auto
mobiel_rolien_smartphone_prive_high_accuracy_mode,binary_sensor,binary_sensor.mobiel_rolien_smartphone_prive_high_accuracy_mode
mobiel_rudi_local_ip_android_auto,binary_sensor,binary_sensor.mobiel_rudi_local_ip_android_auto
mobiel_rudi_smartphone_android_auto,binary_sensor,binary_sensor.mobiel_rudi_smartphone_android_auto
mobiel_rudi_smartphone_rudiphone55_android_auto,binary_sensor,binary_sensor.mobiel_rudi_smartphone_rudiphone55_android_auto
mobiel_rudiphone55_android_auto,binary_sensor,binary_sensor.mobiel_rudiphone55_android_auto
myggbett_door_window_sensor_door,binary_sensor,binary_sensor.myggbett_door_window_sensor_door
myggbett_door_window_sensor_door_2,binary_sensor,binary_sensor.myggbett_door_window_sensor_door_2
myggbett_door_window_sensor_door_3,binary_sensor,binary_sensor.myggbett_door_window_sensor_door_3
myggbett_door_window_sensor_door_4,binary_sensor,binary_sensor.myggbett_door_window_sensor_door_4
myggbett_door_window_sensor_door_5,binary_sensor,binary_sensor.myggbett_door_window_sensor_door_5
observerhassio_is_present,binary_sensor,binary_sensor.observerhassio_is_present
observerhassio_is_present_2,binary_sensor,binary_sensor.observerhassio_is_present_2
observerhassio_is_present_3,binary_sensor,binary_sensor.observerhassio_is_present_3
observerhassio_is_present_4,binary_sensor,binary_sensor.observerhassio_is_present_4
observerhassio_is_present_5,binary_sensor,binary_sensor.observerhassio_is_present_5
poort_bewegingssensor_illuminance_above_threshold,binary_sensor,binary_sensor.poort_bewegingssensor_illuminance_above_threshold
poort_bewegingssensor_illuminance_above_threshold_2,binary_sensor,binary_sensor.poort_bewegingssensor_illuminance_above_threshold_2
poort_bewegingssensor_occupancy,binary_sensor,binary_sensor.poort_bewegingssensor_occupancy
poort_bewegingssensor_occupancy_2,binary_sensor,binary_sensor.poort_bewegingssensor_occupancy_2
red_robin_dry,binary_sensor,binary_sensor.red_robin_dry
relay_122315065630_communicating,binary_sensor,binary_sensor.relay_122315065630_communicating
relay_122315065630_contact,binary_sensor,binary_sensor.relay_122315065630_contact
rflink_dev_serial_by_id_usb_arduino_www_arduino_cc_0042_75130303735351a031c1_if00_connection_status,binary_sensor,binary_sensor.rflink_dev_serial_by_id_usb_arduino_www_arduino_cc_0042_75130303735351a031c1_if00_connection_status
rflink_dev_ttyacm1_connection_status,binary_sensor,binary_sensor.rflink_dev_ttyacm1_connection_status
rolien_phone_werkkleinsensenl_is_present,binary_sensor,binary_sensor.rolien_phone_werkkleinsensenl_is_present
rolien_s_s20_fekleinsensenl_is_present,binary_sensor,binary_sensor.rolien_s_s20_fekleinsensenl_is_present
rpi_power_status,binary_sensor,binary_sensor.rpi_power_status
ru2011441920_battery_state,binary_sensor,binary_sensor.ru2011441920_battery_state
ru2011441920_connection_state,binary_sensor,binary_sensor.ru2011441920_connection_state
rudi_local_ip_android_auto,binary_sensor,binary_sensor.rudi_local_ip_android_auto
rudi_smartphone_android_auto,binary_sensor,binary_sensor.rudi_smartphone_android_auto
rudi_smartphone_high_accuracy_mode,binary_sensor,binary_sensor.rudi_smartphone_high_accuracy_mode
rudiphone55_android_auto,binary_sensor,binary_sensor.rudiphone55_android_auto
slaapkamer_raamsensor_j_d_battery_low,binary_sensor,binary_sensor.slaapkamer_raamsensor_j_d_battery_low
slaapkamer_raamsensor_j_d_battery_low_2,binary_sensor,binary_sensor.slaapkamer_raamsensor_j_d_battery_low_2
slaapkamer_raamsensor_j_d_contact,binary_sensor,binary_sensor.slaapkamer_raamsensor_j_d_contact
slaapkamer_raamsensor_j_d_contact_2,binary_sensor,binary_sensor.slaapkamer_raamsensor_j_d_contact_2
slaapkamer_raamsensor_r_r_battery_low,binary_sensor,binary_sensor.slaapkamer_raamsensor_r_r_battery_low
slaapkamer_raamsensor_r_r_battery_low_2,binary_sensor,binary_sensor.slaapkamer_raamsensor_r_r_battery_low_2
slaapkamer_raamsensor_r_r_contact,binary_sensor,binary_sensor.slaapkamer_raamsensor_r_r_contact
slaapkamer_raamsensor_r_r_contact_2,binary_sensor,binary_sensor.slaapkamer_raamsensor_r_r_contact_2
slaapkamerraam_r_r_door,binary_sensor,binary_sensor.slaapkamerraam_r_r_door
slaapkamerraam_rr_door,binary_sensor,binary_sensor.slaapkamerraam_rr_door
sm_g780f_android_auto,binary_sensor,binary_sensor.sm_g780f_android_auto
sm_g780f_high_accuracy_mode,binary_sensor,binary_sensor.sm_g780f_high_accuracy_mode
supervisor_is_present,binary_sensor,binary_sensor.supervisor_is_present
supervisor_is_present_2,binary_sensor,binary_sensor.supervisor_is_present_2
supervisor_is_present_3,binary_sensor,binary_sensor.supervisor_is_present_3
supervisor_is_present_4,binary_sensor,binary_sensor.supervisor_is_present_4
supervisor_is_present_5,binary_sensor,binary_sensor.supervisor_is_present_5
supervisor_is_present_6,binary_sensor,binary_sensor.supervisor_is_present_6
trannergy_converterkleinsensenl_is_present,binary_sensor,binary_sensor.trannergy_converterkleinsensenl_is_present
tuindeur_door,binary_sensor,binary_sensor.tuindeur_door
tumble_dryer_door,binary_sensor,binary_sensor.tumble_dryer_door
tumble_dryer_mobile_start,binary_sensor,binary_sensor.tumble_dryer_mobile_start
tumble_dryer_notification_active,binary_sensor,binary_sensor.tumble_dryer_notification_active
tumble_dryer_problem,binary_sensor,binary_sensor.tumble_dryer_problem
tumble_dryer_remote_control,binary_sensor,binary_sensor.tumble_dryer_remote_control
tumble_dryer_smart_grid,binary_sensor,binary_sensor.tumble_dryer_smart_grid
universal_notifier_dnd,binary_sensor,binary_sensor.universal_notifier_dnd
unknown_enphase_cloud_active_system_events,binary_sensor,binary_sensor.unknown_enphase_cloud_active_system_events
vaatwasser_running,binary_sensor,binary_sensor.vaatwasser_running
veranda_bewegingssensor_illuminance_above_threshold,binary_sensor,binary_sensor.veranda_bewegingssensor_illuminance_above_threshold
veranda_bewegingssensor_illuminance_above_threshold_2,binary_sensor,binary_sensor.veranda_bewegingssensor_illuminance_above_threshold_2
veranda_bewegingssensor_occupancy,binary_sensor,binary_sensor.veranda_bewegingssensor_occupancy
veranda_bewegingssensor_occupancy_2,binary_sensor,binary_sensor.veranda_bewegingssensor_occupancy_2
voordeur_bewegingssensor_illuminance_above_threshold,binary_sensor,binary_sensor.voordeur_bewegingssensor_illuminance_above_threshold
voordeur_bewegingssensor_occupancy,binary_sensor,binary_sensor.voordeur_bewegingssensor_occupancy
voordeur_beweginssensor_illuminance_above_threshold,binary_sensor,binary_sensor.voordeur_beweginssensor_illuminance_above_threshold
voordeur_beweginssensor_occupancy,binary_sensor,binary_sensor.voordeur_beweginssensor_occupancy
voordeur_door,binary_sensor,binary_sensor.voordeur_door
washing_machine_running,binary_sensor,binary_sensor.washing_machine_running
washing_machine_running_2,binary_sensor,binary_sensor.washing_machine_running_2
watermeterkleinsensenl_is_present,binary_sensor,binary_sensor.watermeterkleinsensenl_is_present
woonkamer_rflink_connection_status,binary_sensor,binary_sensor.woonkamer_rflink_connection_status
woonkamer_rookmelder_battery_low_2,binary_sensor,binary_sensor.woonkamer_rookmelder_battery_low_2
woonkamer_rookmelder_carbon_monoxide,binary_sensor,binary_sensor.woonkamer_rookmelder_carbon_monoxide
woonkamer_rookmelder_carbon_monoxide_2,binary_sensor,binary_sensor.woonkamer_rookmelder_carbon_monoxide_2
woonkamer_rookmelder_tamper_2,binary_sensor,binary_sensor.woonkamer_rookmelder_tamper_2
woonkamer_rookmelder_test_2,binary_sensor,binary_sensor.woonkamer_rookmelder_test_2
zigbee2mqtt_bridge_connection_state,binary_sensor,binary_sensor.zigbee2mqtt_bridge_connection_state
zigbee2mqtt_bridge_connection_state_2,binary_sensor,binary_sensor.zigbee2mqtt_bridge_connection_state_2
zolder_climatecontrol_is_holiday_mode_active,binary_sensor,binary_sensor.zolder_climatecontrol_is_holiday_mode_active
zolder_climatecontrol_is_in_caution_state,binary_sensor,binary_sensor.zolder_climatecontrol_is_in_caution_state
zolder_climatecontrol_is_in_error_state,binary_sensor,binary_sensor.zolder_climatecontrol_is_in_error_state
zolder_climatecontrol_is_in_mode_conflict,binary_sensor,binary_sensor.zolder_climatecontrol_is_in_mode_conflict
zolder_climatecontrol_is_in_warning_state,binary_sensor,binary_sensor.zolder_climatecontrol_is_in_warning_state
zolder_climatecontrol_is_powerful_mode_active,binary_sensor,binary_sensor.zolder_climatecontrol_is_powerful_mode_active
zolder_gateway_is_firmware_update_supported,binary_sensor,binary_sensor.zolder_gateway_is_firmware_update_supported
zolder_gateway_is_in_error_state,binary_sensor,binary_sensor.zolder_gateway_is_in_error_state
zolder_outdoorunit_is_in_caution_state,binary_sensor,binary_sensor.zolder_outdoorunit_is_in_caution_state
zolder_outdoorunit_is_in_error_state,binary_sensor,binary_sensor.zolder_outdoorunit_is_in_error_state
zolder_outdoorunit_is_in_warning_state,binary_sensor,binary_sensor.zolder_outdoorunit_is_in_warning_state
zolder_rookmelder_battery_low_2,binary_sensor,binary_sensor.zolder_rookmelder_battery_low_2
zolder_rookmelder_carbon_monoxide,binary_sensor,binary_sensor.zolder_rookmelder_carbon_monoxide
zolder_rookmelder_carbon_monoxide_2,binary_sensor,binary_sensor.zolder_rookmelder_carbon_monoxide_2
zolder_rookmelder_tamper_2,binary_sensor,binary_sensor.zolder_rookmelder_tamper_2
zolder_rookmelder_test_2,binary_sensor,binary_sensor.zolder_rookmelder_test_2
unknown_enphase_cloud_system_event_history,calendar,calendar.unknown_enphase_cloud_system_event_history
echo_local,climate,climate.echo_local
echo_vloerverwarming,climate,climate.echo_vloerverwarming
ev3_climate_control,climate,climate.ev3_climate_control
floor_heating_control,climate,climate.floor_heating_control
floor_thermostat,climate,climate.floor_thermostat
heating,climate,climate.heating
huiskamer_room_temperature,climate,climate.huiskamer_room_temperature
zolder_room_temperature,climate,climate.zolder_room_temperature
badkamer_ir_timer_long,counter,counter.badkamer_ir_timer_long
badkamer_ir_timer_short,counter,counter.badkamer_ir_timer_short
espsomfyrts_zonnescherm,cover,cover.espsomfyrts_zonnescherm
ev3_back_left_window,cover,cover.ev3_back_left_window
ev3_back_right_window,cover,cover.ev3_back_right_window
ev3_front_left_window,cover,cover.ev3_front_left_window
ev3_front_right_window,cover,cover.ev3_front_right_window
zonnescherm,cover,cover.zonnescherm
darius_s25,device_tracker,device_tracker.darius_s25
darius_smartphone_smartphone,device_tracker,device_tracker.darius_smartphone_smartphone
ev3_sv1_24_location,device_tracker,device_tracker.ev3_sv1_24_location
julius_smartphone,device_tracker,device_tracker.julius_smartphone
mobiel_darius_smartphone,device_tracker,device_tracker.mobiel_darius_smartphone
mobiel_julius_smartphone,device_tracker,device_tracker.mobiel_julius_smartphone
mobiel_rolien_smartphone_prive,device_tracker,device_tracker.mobiel_rolien_smartphone_prive
mobiel_rolien_smartphone_werk,device_tracker,device_tracker.mobiel_rolien_smartphone_werk
mobiel_rudi_smartphone,device_tracker,device_tracker.mobiel_rudi_smartphone
rolien_werk,device_tracker,device_tracker.rolien_werk
rudi,device_tracker,device_tracker.rudi
rudi_smartphone,device_tracker,device_tracker.rudi_smartphone
rudiphone55,device_tracker,device_tracker.rudiphone55
sm_g780f,device_tracker,device_tracker.sm_g780f
badkamer_ir_timer_long,input_boolean,input_boolean.badkamer_ir_timer_long
badkamer_ir_timer_short,input_boolean,input_boolean.badkamer_ir_timer_short
bedroom_ir_button_pushed,input_boolean,input_boolean.bedroom_ir_button_pushed
bedroom_ir_current_state,input_boolean,input_boolean.bedroom_ir_current_state
bedroom_ir_temperature_above,input_boolean,input_boolean.bedroom_ir_temperature_above
bedroom_ir_temperature_below,input_boolean,input_boolean.bedroom_ir_temperature_below
ev_charging_charge_full_manual,input_boolean,input_boolean.ev_charging_charge_full_manual
ev_charging_disable,input_boolean,input_boolean.ev_charging_disable
ev_charging_green,input_boolean,input_boolean.ev_charging_green
ev_charging_max_charge_manual_to_green,input_boolean,input_boolean.ev_charging_max_charge_manual_to_green
ev_charging_max_man_charge_green_loading,input_boolean,input_boolean.ev_charging_max_man_charge_green_loading
floor_current_state,input_boolean,input_boolean.floor_current_state
floor_manual_pushed,input_boolean,input_boolean.floor_manual_pushed
floor_manual_state,input_boolean,input_boolean.floor_manual_state
floor_schedule_schema_state,input_boolean,input_boolean.floor_schedule_schema_state
floor_schedule_state,input_boolean,input_boolean.floor_schedule_state
floor_scheduled_pushed,input_boolean,input_boolean.floor_scheduled_pushed
floor_scheduled_state,input_boolean,input_boolean.floor_scheduled_state
floor_temperature_above,input_boolean,input_boolean.floor_temperature_above
floor_temperature_below,input_boolean,input_boolean.floor_temperature_below
to_80_full_green_loading,input_boolean,input_boolean.to_80_full_green_loading
zigbee2mqtt_long_join,input_boolean,input_boolean.zigbee2mqtt_long_join
bedroom_ir_backup_trigger,input_number,input_number.bedroom_ir_backup_trigger
bedroom_ir_temperature_setting,input_number,input_number.bedroom_ir_temperature_setting
ceiling_fan_speed,input_number,input_number.ceiling_fan_speed
ev_charging_max_charge_manual_green,input_number,input_number.ev_charging_max_charge_manual_green
ev_charging_max_manual_to_green,input_number,input_number.ev_charging_max_manual_to_green
floor_backup_trigger_timer,input_number,input_number.floor_backup_trigger_timer
floor_schedule_initial_temp_erature,input_number,input_number.floor_schedule_initial_temp_erature
floor_schedule_initial_temperature,input_number,input_number.floor_schedule_initial_temperature
floor_surface_temperature_setting,input_number,input_number.floor_surface_temperature_setting
input_number_physical_water_meter_reading,input_number,input_number.input_number_physical_water_meter_reading
knop_badkamer_ir_slaapkamer_duration,input_number,input_number.knop_badkamer_ir_slaapkamer_duration
physical_water_meter_reading,input_number,input_number.physical_water_meter_reading
watermeter_offset,input_number,input_number.watermeter_offset
watermeter_reading_offset,input_number,input_number.watermeter_reading_offset
watermeter_stand,input_number,input_number.watermeter_stand
badkamer_fan_nieuw,light,light.badkamer_fan_nieuw
badkamer_lichtknop_binnen,light,light.badkamer_lichtknop_binnen
badkamer_lichtknop_buiten,light,light.badkamer_lichtknop_buiten
badkamer_ventilator,light,light.badkamer_ventilator
badkamerlicht,light,light.badkamerlicht
bofumotor_836102_0a,light,light.bofumotor_836102_0a
bollamp,light,light.bollamp
chuango_076f45_02,light,light.chuango_076f45_02
deken_knop,light,light.deken_knop
deken_rr,light,light.deken_rr
deurbel,light,light.deurbel
donut,light,light.donut
drayton_16a0_1c,light,light.drayton_16a0_1c
drayton_6a00_10,light,light.drayton_6a00_10
drayton_6a40_18,light,light.drayton_6a40_18
drayton_70a0_53,light,light.drayton_70a0_53
drayton_ac80_0b,light,light.drayton_ac80_0b
drayton_aca0_29,light,light.drayton_aca0_29
drayton_acf0_29,light,light.drayton_acf0_29
drayton_acf0_a9,light,light.drayton_acf0_a9
drayton_ad80_29,light,light.drayton_ad80_29
drayton_adf0_a7,light,light.drayton_adf0_a7
drayton_aec0_05,light,light.drayton_aec0_05
drayton_aef0_0b,light,light.drayton_aef0_0b
drayton_aef0_a7,light,light.drayton_aef0_a7
drayton_d290_00,light,light.drayton_d290_00
drayton_d290_04,light,light.drayton_d290_04
drayton_d290_07,light,light.drayton_d290_07
drayton_d290_09,light,light.drayton_d290_09
drayton_d290_1f,light,light.drayton_d290_1f
drayton_d290_7d,light,light.drayton_d290_7d
drayton_fac0_08,light,light.drayton_fac0_08
drayton_fac0_10,light,light.drayton_fac0_10
drayton_fac0_11,light,light.drayton_fac0_11
drayton_fac0_12,light,light.drayton_fac0_12
drayton_fac0_13,light,light.drayton_fac0_13
drayton_fac0_14,light,light.drayton_fac0_14
drayton_fac0_15,light,light.drayton_fac0_15
drayton_fac0_18,light,light.drayton_fac0_18
drayton_fac0_19,light,light.drayton_fac0_19
drayton_fac0_1a,light,light.drayton_fac0_1a
drayton_fac0_1b,light,light.drayton_fac0_1b
drayton_fac0_31,light,light.drayton_fac0_31
drayton_fac0_36,light,light.drayton_fac0_36
drayton_fac0_53,light,light.drayton_fac0_53
drayton_fac0_55,light,light.drayton_fac0_55
drayton_fac0_5d,light,light.drayton_fac0_5d
drayton_fac0_97,light,light.drayton_fac0_97
drayton_fac0_9b,light,light.drayton_fac0_9b
drayton_fac0_b3,light,light.drayton_fac0_b3
drayton_fac0_b7,light,light.drayton_fac0_b7
drayton_fac0_bb,light,light.drayton_fac0_bb
eettafellamp,light,light.eettafellamp
funkbus_27c2_01,light,light.funkbus_27c2_01
funkbus_6f85_01,light,light.funkbus_6f85_01
hal_boven_plafondlamp,light,light.hal_boven_plafondlamp
hal_boven_plafondlamp_1,light,light.hal_boven_plafondlamp_1
hal_boven_plafondlamp_2,light,light.hal_boven_plafondlamp_2
hal_boven_plafondlamp_3,light,light.hal_boven_plafondlamp_3
hal_en_buitenlicht,light,light.hal_en_buitenlicht
home_assistant_voice_0ace95_led_ring,light,light.home_assistant_voice_0ace95_led_ring
kajplats_e27_cws_globe_1055lm,light,light.kajplats_e27_cws_globe_1055lm
kajplats_e27_cws_globe_1055lm_2,light,light.kajplats_e27_cws_globe_1055lm_2
keeloq_5100_00,light,light.keeloq_5100_00
keeloq_9588_00,light,light.keeloq_9588_00
keeloq_9588_04,light,light.keeloq_9588_04
keeloq_9588_0b,light,light.keeloq_9588_0b
keuken_plafond,light,light.keuken_plafond
nachtkastjelamp,light,light.nachtkastjelamp
newkaku_03ce5288_1,light,light.newkaku_03ce5288_1
newkaku_03ce5288_5,light,light.newkaku_03ce5288_5
newkaku_03ce5288_9,light,light.newkaku_03ce5288_9
newkaku_03ce5288_d,light,light.newkaku_03ce5288_d
rolluik,light,light.rolluik
rolluik_r_r,light,light.rolluik_r_r
rts_0ee93d_01,light,light.rts_0ee93d_01
rts_10ee93d_01,light,light.rts_10ee93d_01
rts_934d00_01,light,light.rts_934d00_01
rts_9350d1_01,light,light.rts_9350d1_01
rts_9350e2_01,light,light.rts_9350e2_01
rts_93ae1c_01,light,light.rts_93ae1c_01
schemerlamp,light,light.schemerlamp
schemerlamp_2,light,light.schemerlamp_2
spot,light,light.spot
toilet_beneden,light,light.toilet_beneden
toilet_beneden_plafondlamp_1,light,light.toilet_beneden_plafondlamp_1
toilet_beneden_plafondlamp_2,light,light.toilet_beneden_plafondlamp_2
varmblixt_table_wall_lamp,light,light.varmblixt_table_wall_lamp
vijverpompen,light,light.vijverpompen
wijnrek_lamp,light,light.wijnrek_lamp
woonkamer_home_assistant_voice_woonkamer_led_ring,light,light.woonkamer_home_assistant_voice_woonkamer_led_ring
zonnescherm,light,light.zonnescherm
ev3_sv1_24_door_lock,lock,lock.ev3_sv1_24_door_lock
kleincastnew,media_player,media_player.kleincastnew
kleintv,media_player,media_player.kleintv
kleintv_3,media_player,media_player.kleintv_3
kleintv_4,media_player,media_player.kleintv_4
kleintv_5,media_player,media_player.kleintv_5
kleintv_6,media_player,media_player.kleintv_6
badkamerlicht_off_transition_time,number,number.badkamerlicht_off_transition_time
badkamerlicht_on_level,number,number.badkamerlicht_on_level
badkamerlicht_on_off_transition_time,number,number.badkamerlicht_on_off_transition_time
badkamerlicht_on_transition_time,number,number.badkamerlicht_on_transition_time
badkamerlicht_power_on_level,number,number.badkamerlicht_power_on_level
bamboe_achtertuin_humidity_calibration,number,number.bamboe_achtertuin_humidity_calibration
bamboe_achtertuin_soil_calibration,number,number.bamboe_achtertuin_soil_calibration
bamboe_achtertuin_soil_sampling,number,number.bamboe_achtertuin_soil_sampling
bamboe_achtertuin_soil_warning,number,number.bamboe_achtertuin_soil_warning
bamboe_achtertuin_temperature_calibration,number,number.bamboe_achtertuin_temperature_calibration
bamboe_achtertuin_temperature_sampling,number,number.bamboe_achtertuin_temperature_sampling
bamboo_achtertuin_max_air_humidity,number,number.bamboo_achtertuin_max_air_humidity
bamboo_achtertuin_max_soil_moisture,number,number.bamboo_achtertuin_max_soil_moisture
bamboo_achtertuin_max_temperature,number,number.bamboo_achtertuin_max_temperature
bamboo_achtertuin_max_vpd,number,number.bamboo_achtertuin_max_vpd
bamboo_achtertuin_min_air_humidity,number,number.bamboo_achtertuin_min_air_humidity
bamboo_achtertuin_min_soil_moisture,number,number.bamboo_achtertuin_min_soil_moisture
bamboo_achtertuin_min_temperature,number,number.bamboo_achtertuin_min_temperature
bamboo_achtertuin_min_vpd,number,number.bamboo_achtertuin_min_vpd
bollamp_off_transition_time,number,number.bollamp_off_transition_time
bollamp_on_level,number,number.bollamp_on_level
bollamp_on_off_transition_time,number,number.bollamp_on_off_transition_time
bollamp_on_transition_time,number,number.bollamp_on_transition_time
bollamp_power_on_level,number,number.bollamp_power_on_level
bruidsplant_achtertuin_humidity_calibration,number,number.bruidsplant_achtertuin_humidity_calibration
bruidsplant_achtertuin_max_soil_moisture,number,number.bruidsplant_achtertuin_max_soil_moisture
bruidsplant_achtertuin_max_temperature,number,number.bruidsplant_achtertuin_max_temperature
bruidsplant_achtertuin_min_soil_moisture,number,number.bruidsplant_achtertuin_min_soil_moisture
bruidsplant_achtertuin_min_temperature,number,number.bruidsplant_achtertuin_min_temperature
bruidsplant_achtertuin_soil_calibration,number,number.bruidsplant_achtertuin_soil_calibration
bruidsplant_achtertuin_soil_sampling,number,number.bruidsplant_achtertuin_soil_sampling
bruidsplant_achtertuin_soil_warning,number,number.bruidsplant_achtertuin_soil_warning
bruidsplant_achtertuin_temperature_calibration,number,number.bruidsplant_achtertuin_temperature_calibration
bruidsplant_achtertuin_temperature_sampling,number,number.bruidsplant_achtertuin_temperature_sampling
donut_off_transition_time,number,number.donut_off_transition_time
donut_on_level,number,number.donut_on_level
donut_on_off_transition_time,number,number.donut_on_off_transition_time
donut_on_transition_time,number,number.donut_on_transition_time
donut_power_on_level,number,number.donut_power_on_level
energy_socket_julius_status_light_brightness,number,number.energy_socket_julius_status_light_brightness
energy_socket_rudi_status_light_brightness,number,number.energy_socket_rudi_status_light_brightness
energy_socket_serverkast_status_light_brightness,number,number.energy_socket_serverkast_status_light_brightness
energy_socket_vaatwasser_status_light_brightness,number,number.energy_socket_vaatwasser_status_light_brightness
ev3_sv1_24_ac_charging_limit,number,number.ev3_sv1_24_ac_charging_limit
ev3_sv1_24_dc_charging_limit,number,number.ev3_sv1_24_dc_charging_limit
ev3_sv1_24_v2l_limit,number,number.ev3_sv1_24_v2l_limit
hal_boven_plafondlamp_1_off_transition_time,number,number.hal_boven_plafondlamp_1_off_transition_time
hal_boven_plafondlamp_1_on_level,number,number.hal_boven_plafondlamp_1_on_level
hal_boven_plafondlamp_1_on_off_transition_time,number,number.hal_boven_plafondlamp_1_on_off_transition_time
hal_boven_plafondlamp_1_on_transition_time,number,number.hal_boven_plafondlamp_1_on_transition_time
hal_boven_plafondlamp_1_power_on_level,number,number.hal_boven_plafondlamp_1_power_on_level
hal_boven_plafondlamp_2_off_transition_time,number,number.hal_boven_plafondlamp_2_off_transition_time
hal_boven_plafondlamp_2_on_level,number,number.hal_boven_plafondlamp_2_on_level
hal_boven_plafondlamp_2_on_off_transition_time,number,number.hal_boven_plafondlamp_2_on_off_transition_time
hal_boven_plafondlamp_2_on_transition_time,number,number.hal_boven_plafondlamp_2_on_transition_time
hal_boven_plafondlamp_2_power_on_level,number,number.hal_boven_plafondlamp_2_power_on_level
hal_boven_plafondlamp_3_off_transition_time,number,number.hal_boven_plafondlamp_3_off_transition_time
hal_boven_plafondlamp_3_on_level,number,number.hal_boven_plafondlamp_3_on_level
hal_boven_plafondlamp_3_on_off_transition_time,number,number.hal_boven_plafondlamp_3_on_off_transition_time
hal_boven_plafondlamp_3_on_transition_time,number,number.hal_boven_plafondlamp_3_on_transition_time
hal_boven_plafondlamp_3_power_on_level,number,number.hal_boven_plafondlamp_3_power_on_level
kajplats_e27_cws_globe_1055lm_off_transition_time,number,number.kajplats_e27_cws_globe_1055lm_off_transition_time
kajplats_e27_cws_globe_1055lm_off_transition_time_2,number,number.kajplats_e27_cws_globe_1055lm_off_transition_time_2
kajplats_e27_cws_globe_1055lm_on_level,number,number.kajplats_e27_cws_globe_1055lm_on_level
kajplats_e27_cws_globe_1055lm_on_level_2,number,number.kajplats_e27_cws_globe_1055lm_on_level_2
kajplats_e27_cws_globe_1055lm_on_off_transition_time,number,number.kajplats_e27_cws_globe_1055lm_on_off_transition_time
kajplats_e27_cws_globe_1055lm_on_off_transition_time_2,number,number.kajplats_e27_cws_globe_1055lm_on_off_transition_time_2
kajplats_e27_cws_globe_1055lm_on_transition_time,number,number.kajplats_e27_cws_globe_1055lm_on_transition_time
kajplats_e27_cws_globe_1055lm_on_transition_time_2,number,number.kajplats_e27_cws_globe_1055lm_on_transition_time_2
kajplats_e27_cws_globe_1055lm_power_on_level,number,number.kajplats_e27_cws_globe_1055lm_power_on_level
kleinnotifier_voice_buffer,number,number.kleinnotifier_voice_buffer
kleinpaal_charging_amps,number,number.kleinpaal_charging_amps
nachtkastjelamp_off_transition_time,number,number.nachtkastjelamp_off_transition_time
nachtkastjelamp_on_level,number,number.nachtkastjelamp_on_level
nachtkastjelamp_on_off_transition_time,number,number.nachtkastjelamp_on_off_transition_time
nachtkastjelamp_on_transition_time,number,number.nachtkastjelamp_on_transition_time
nachtkastjelamp_power_on_level,number,number.nachtkastjelamp_power_on_level
p1_meter_status_light_brightness,number,number.p1_meter_status_light_brightness
red_robin_humidity_calibration,number,number.red_robin_humidity_calibration
red_robin_soil_calibration,number,number.red_robin_soil_calibration
red_robin_soil_sampling,number,number.red_robin_soil_sampling
red_robin_soil_warning,number,number.red_robin_soil_warning
red_robin_temperature_calibration,number,number.red_robin_temperature_calibration
red_robin_temperature_sampling,number,number.red_robin_temperature_sampling
red_robin_voortuin_max_air_humidity,number,number.red_robin_voortuin_max_air_humidity
red_robin_voortuin_max_soil_moisture,number,number.red_robin_voortuin_max_soil_moisture
red_robin_voortuin_max_soil_temperature,number,number.red_robin_voortuin_max_soil_temperature
red_robin_voortuin_max_temperature,number,number.red_robin_voortuin_max_temperature
red_robin_voortuin_max_vpd,number,number.red_robin_voortuin_max_vpd
red_robin_voortuin_min_air_humidity,number,number.red_robin_voortuin_min_air_humidity
red_robin_voortuin_min_soil_moisture,number,number.red_robin_voortuin_min_soil_moisture
red_robin_voortuin_min_soil_temperature,number,number.red_robin_voortuin_min_soil_temperature
red_robin_voortuin_min_temperature,number,number.red_robin_voortuin_min_temperature
red_robin_voortuin_min_vpd,number,number.red_robin_voortuin_min_vpd
schemerlamp_off_transition_time,number,number.schemerlamp_off_transition_time
schemerlamp_on_level,number,number.schemerlamp_on_level
schemerlamp_on_off_transition_time,number,number.schemerlamp_on_off_transition_time
schemerlamp_on_transition_time,number,number.schemerlamp_on_transition_time
schemerlamp_power_on_level,number,number.schemerlamp_power_on_level
sonoff_zbdongle_p_router_transmit_power,number,number.sonoff_zbdongle_p_router_transmit_power
toilet_beneden_plafondlamp_1_off_transition_time,number,number.toilet_beneden_plafondlamp_1_off_transition_time
toilet_beneden_plafondlamp_1_on_level,number,number.toilet_beneden_plafondlamp_1_on_level
toilet_beneden_plafondlamp_1_on_off_transition_time,number,number.toilet_beneden_plafondlamp_1_on_off_transition_time
toilet_beneden_plafondlamp_1_on_transition_time,number,number.toilet_beneden_plafondlamp_1_on_transition_time
toilet_beneden_plafondlamp_1_power_on_level,number,number.toilet_beneden_plafondlamp_1_power_on_level
toilet_beneden_plafondlamp_2_off_transition_time,number,number.toilet_beneden_plafondlamp_2_off_transition_time
toilet_beneden_plafondlamp_2_on_level,number,number.toilet_beneden_plafondlamp_2_on_level
toilet_beneden_plafondlamp_2_on_off_transition_time,number,number.toilet_beneden_plafondlamp_2_on_off_transition_time
toilet_beneden_plafondlamp_2_on_transition_time,number,number.toilet_beneden_plafondlamp_2_on_transition_time
universal_notifier_voice_buffer,number,number.universal_notifier_voice_buffer
varmblixt_table_wall_lamp_off_transition_time,number,number.varmblixt_table_wall_lamp_off_transition_time
varmblixt_table_wall_lamp_on_level,number,number.varmblixt_table_wall_lamp_on_level
varmblixt_table_wall_lamp_on_off_transition_time,number,number.varmblixt_table_wall_lamp_on_off_transition_time
varmblixt_table_wall_lamp_on_transition_time,number,number.varmblixt_table_wall_lamp_on_transition_time
varmblixt_table_wall_lamp_power_on_level,number,number.varmblixt_table_wall_lamp_power_on_level
wijnrek_lamp_off_transition_time,number,number.wijnrek_lamp_off_transition_time
wijnrek_lamp_on_level,number,number.wijnrek_lamp_on_level
wijnrek_lamp_on_off_transition_time,number,number.wijnrek_lamp_on_off_transition_time
wijnrek_lamp_on_transition_time,number,number.wijnrek_lamp_on_transition_time
wijnrek_lamp_power_on_level,number,number.wijnrek_lamp_power_on_level
search_result,openplantbook,openplantbook.search_result
darius,person,person.darius
julius,person,person.julius
rolien,person,person.rolien
rudi,person,person.rudi
kleinbroad,remote,remote.kleinbroad
kleinlink_1,remote,remote.kleinlink_1
kleintv,remote,remote.kleintv
kleintv_2,remote,remote.kleintv_2
kleintv_3,remote,remote.kleintv_3
kleintv_4,remote,remote.kleintv_4
add_manual_logger_target,script,script.add_manual_logger_target
color_cycle_nachtkastjelamp,script,script.color_cycle_nachtkastjelamp
new_script,script,script.new_script
new_script_2,script,script.new_script_2
rolluik_j_d_dicht,script,script.rolluik_j_d_dicht
rolluik_j_d_open,script,script.rolluik_j_d_open
rolluik_r_r_dicht,script,script.rolluik_r_r_dicht
rolluik_r_r_open,script,script.rolluik_r_r_open
set_component_log_level,script,script.set_component_log_level
tv_power_tv,script,script.tv_power_tv
update_logger_component_list,script,script.update_logger_component_list
wol_rudi_duplicate,script,script.wol_rudi_duplicate
badkamerlicht_power_on_behavior_on_startup,select,select.badkamerlicht_power_on_behavior_on_startup
bollamp_power_on_behavior_on_startup,select,select.bollamp_power_on_behavior_on_startup
buitenlamp_nieuwe_schuur_power_on_behavior,select,select.buitenlamp_nieuwe_schuur_power_on_behavior
bureau_rudi_power_on_behavior,select,select.bureau_rudi_power_on_behavior
bureaulamp_rudi_power_on_behavior,select,select.bureaulamp_rudi_power_on_behavior
deken_julius_power_on_behavior_2,select,select.deken_julius_power_on_behavior_2
deken_r_r_power_on_behavior,select,select.deken_r_r_power_on_behavior
donut_power_on_behavior,select,select.donut_power_on_behavior
hal_boven_plafondlamp_1_power_on_behavior_on_startup,select,select.hal_boven_plafondlamp_1_power_on_behavior_on_startup
hal_boven_plafondlamp_2_power_on_behavior_on_startup,select,select.hal_boven_plafondlamp_2_power_on_behavior_on_startup
hal_boven_plafondlamp_3_power_on_behavior_on_startup,select,select.hal_boven_plafondlamp_3_power_on_behavior_on_startup
huiskamer_climatecontrol_schedule,select,select.huiskamer_climatecontrol_schedule
ikea_energy_meter_11_bureau_rolien_power_on_behavior_2,select,select.ikea_energy_meter_11_bureau_rolien_power_on_behavior_2
ikea_energy_meter_12_voetverwarmer_power_on_behavior_2,select,select.ikea_energy_meter_12_voetverwarmer_power_on_behavior_2
ikea_energy_meter_1_darius_power_on_behavior_2,select,select.ikea_energy_meter_1_darius_power_on_behavior_2
ikea_energy_meter_2_server_power_on_behavior_2,select,select.ikea_energy_meter_2_server_power_on_behavior_2
ikea_energy_meter_3_droger_power_on_behavior_2,select,select.ikea_energy_meter_3_droger_power_on_behavior_2
ikea_energy_meter_4_wasmachine_power_on_behavior_2,select,select.ikea_energy_meter_4_wasmachine_power_on_behavior_2
ikea_energy_meter_6_minikoelkast_power_on_behavior_2,select,select.ikea_energy_meter_6_minikoelkast_power_on_behavior_2
ikea_energy_meter_7_miniboiler_power_on_behavior_2,select,select.ikea_energy_meter_7_miniboiler_power_on_behavior_2
ikea_energy_meter_8_airfryer_power_on_behavior_2,select,select.ikea_energy_meter_8_airfryer_power_on_behavior_2
ikea_energy_meter_9_plafond_verwarming_power_on_behavior_2,select,select.ikea_energy_meter_9_plafond_verwarming_power_on_behavior_2
kajplats_e27_cws_globe_1055lm_power_on_behavior,select,select.kajplats_e27_cws_globe_1055lm_power_on_behavior
kajplats_e27_cws_globe_1055lm_power_on_behavior_on_startup,select,select.kajplats_e27_cws_globe_1055lm_power_on_behavior_on_startup
kajplats_e27_cws_globe_1055lm_power_on_behavior_on_startup_2,select,select.kajplats_e27_cws_globe_1055lm_power_on_behavior_on_startup_2
keuken_aanrecht_power_on_behavior,select,select.keuken_aanrecht_power_on_behavior
kleinnotifier_priority_volume,select,select.kleinnotifier_priority_volume
luchtpomp_power_on_behavior,select,select.luchtpomp_power_on_behavior
nachtkastjelamp_power_on_behavior,select,select.nachtkastjelamp_power_on_behavior
oude_schuur_buitenlamp_power_on_behavior,select,select.oude_schuur_buitenlamp_power_on_behavior
schemerlamp_power_on_behavior_on_startup,select,select.schemerlamp_power_on_behavior_on_startup
toilet_beneden_plafondlamp_1_power_on_behavior_on_startup,select,select.toilet_beneden_plafondlamp_1_power_on_behavior_on_startup
toilet_beneden_plafondlamp_2_power_on_behavior_on_startup,select,select.toilet_beneden_plafondlamp_2_power_on_behavior_on_startup
tv_power_on_behavior,select,select.tv_power_on_behavior
universal_notifier_priority_volume,select,select.universal_notifier_priority_volume
varmblixt_table_wall_lamp_power_on_behavior,select,select.varmblixt_table_wall_lamp_power_on_behavior
veranda_ventilator_power_on_behavior,select,select.veranda_ventilator_power_on_behavior
verandalamp_links_power_on_behavior,select,select.verandalamp_links_power_on_behavior
verandalamp_rechts_power_on_behavior,select,select.verandalamp_rechts_power_on_behavior
vijverpompen_power_on_behavior,select,select.vijverpompen_power_on_behavior
wijnrek_lamp_power_on_behavior_on_startup,select,select.wijnrek_lamp_power_on_behavior_on_startup
zolder_climatecontrol_schedule,select,select.zolder_climatecontrol_schedule
zonnescherm_stroom_power_on_behavior,select,select.zonnescherm_stroom_power_on_behavior
0x00158d00058d1420_battery,sensor,sensor.0x00158d00058d1420_battery
0x04e3e5fffe09f5fd_battery,sensor,sensor.0x04e3e5fffe09f5fd_battery
0x04e3e5fffe09f5fd_voltage,sensor,sensor.0x04e3e5fffe09f5fd_voltage
0x08b95ffffeeb7767_battery,sensor,sensor.0x08b95ffffeeb7767_battery
0x08b95ffffeeb7767_linkquality,sensor,sensor.0x08b95ffffeeb7767_linkquality
0x08b95ffffeeb7767_voltage,sensor,sensor.0x08b95ffffeeb7767_voltage
0x180df9fffe0bf38a_current,sensor,sensor.0x180df9fffe0bf38a_current
0x180df9fffe0bf38a_energy,sensor,sensor.0x180df9fffe0bf38a_energy
0x180df9fffe0bf38a_power,sensor,sensor.0x180df9fffe0bf38a_power
0x180df9fffe0bf38a_voltage,sensor,sensor.0x180df9fffe0bf38a_voltage
0x180df9fffe10a413_current,sensor,sensor.0x180df9fffe10a413_current
0x180df9fffe10a413_energy,sensor,sensor.0x180df9fffe10a413_energy
0x180df9fffe10a413_power,sensor,sensor.0x180df9fffe10a413_power
0x180df9fffe10a413_voltage,sensor,sensor.0x180df9fffe10a413_voltage
0x348d13fffee38a35_current,sensor,sensor.0x348d13fffee38a35_current
0x348d13fffee38a35_energy,sensor,sensor.0x348d13fffee38a35_energy
0x348d13fffee38a35_power,sensor,sensor.0x348d13fffee38a35_power
0x348d13fffee38a35_voltage,sensor,sensor.0x348d13fffee38a35_voltage
0x540f57fffef57923_battery,sensor,sensor.0x540f57fffef57923_battery
0x583bc2fffe0bd20b_battery,sensor,sensor.0x583bc2fffe0bd20b_battery
0x583bc2fffe0bd20b_voltage,sensor,sensor.0x583bc2fffe0bd20b_voltage
0x5cc7c1fffea4fc26_battery,sensor,sensor.0x5cc7c1fffea4fc26_battery
0x5cc7c1fffea4fc26_voltage,sensor,sensor.0x5cc7c1fffea4fc26_voltage
0x60efabfffef093f7_battery,sensor,sensor.0x60efabfffef093f7_battery
0x64028ffffebb33cd_current,sensor,sensor.0x64028ffffebb33cd_current
0x64028ffffebb33cd_energy,sensor,sensor.0x64028ffffebb33cd_energy
0x64028ffffebb33cd_power,sensor,sensor.0x64028ffffebb33cd_power
0x64028ffffebb33cd_voltage,sensor,sensor.0x64028ffffebb33cd_voltage
0x84ba20fffe3217f5_battery,sensor,sensor.0x84ba20fffe3217f5_battery
0xa4c138022ea9ffff_battery,sensor,sensor.0xa4c138022ea9ffff_battery
0xa4c138022ea9ffff_temperature,sensor,sensor.0xa4c138022ea9ffff_temperature
0xa4c13804a85effff_battery,sensor,sensor.0xa4c13804a85effff_battery
0xa4c13804a85effff_temperature,sensor,sensor.0xa4c13804a85effff_temperature
0xa4c13848f66f5ba1_battery,sensor,sensor.0xa4c13848f66f5ba1_battery
0xa4c13848f66f5ba1_humidity,sensor,sensor.0xa4c13848f66f5ba1_humidity
0xa4c13848f66f5ba1_soil_moisture,sensor,sensor.0xa4c13848f66f5ba1_soil_moisture
0xa4c13848f66f5ba1_temperature,sensor,sensor.0xa4c13848f66f5ba1_temperature
0xa4c1388c951dfa90_battery,sensor,sensor.0xa4c1388c951dfa90_battery
0xa4c1388c951dfa90_humidity,sensor,sensor.0xa4c1388c951dfa90_humidity
0xa4c1388c951dfa90_soil_moisture,sensor,sensor.0xa4c1388c951dfa90_soil_moisture
0xa4c1388c951dfa90_temperature,sensor,sensor.0xa4c1388c951dfa90_temperature
0xa4c138afd24b2a41_battery,sensor,sensor.0xa4c138afd24b2a41_battery
0xa4c138afd24b2a41_humidity,sensor,sensor.0xa4c138afd24b2a41_humidity
0xa4c138afd24b2a41_soil_moisture,sensor,sensor.0xa4c138afd24b2a41_soil_moisture
0xa4c138afd24b2a41_temperature,sensor,sensor.0xa4c138afd24b2a41_temperature
0xf0fd45fffeff3b31_current,sensor,sensor.0xf0fd45fffeff3b31_current
0xf0fd45fffeff3b31_energy,sensor,sensor.0xf0fd45fffeff3b31_energy
0xf0fd45fffeff3b31_power,sensor,sensor.0xf0fd45fffeff3b31_power
0xf0fd45fffeff3b31_voltage,sensor,sensor.0xf0fd45fffeff3b31_voltage
4ab554b2_homeassistant_editorhassio_is_new,sensor,sensor.4ab554b2_homeassistant_editorhassio_is_new
77_174_236_10fixedkpnnet_is_new,sensor,sensor.77_174_236_10fixedkpnnet_is_new
9336c2b0_zigbee2mqtthassio_is_new,sensor,sensor.9336c2b0_zigbee2mqtthassio_is_new
9336c2b0_zigbee2mqtthassio_is_new_2,sensor,sensor.9336c2b0_zigbee2mqtthassio_is_new_2
9336c2b0_zigbee2mqtthassio_is_new_3,sensor,sensor.9336c2b0_zigbee2mqtthassio_is_new_3
9cf1ea8f_mqtt_explorerhassio_is_new,sensor,sensor.9cf1ea8f_mqtt_explorerhassio_is_new
9cf1ea8f_mqtt_explorerhassio_is_new_2,sensor,sensor.9cf1ea8f_mqtt_explorerhassio_is_new_2
9cf1ea8f_mqtt_explorerhassio_is_new_3,sensor,sensor.9cf1ea8f_mqtt_explorerhassio_is_new_3
9cf1ea8f_mqtt_explorerhassio_is_new_4,sensor,sensor.9cf1ea8f_mqtt_explorerhassio_is_new_4
9cf1ea8f_mqtt_explorerhassio_is_new_5,sensor,sensor.9cf1ea8f_mqtt_explorerhassio_is_new_5
a0d7b954_vscodehassio_is_new,sensor,sensor.a0d7b954_vscodehassio_is_new
a0d7b954_vscodehassio_is_new_2,sensor,sensor.a0d7b954_vscodehassio_is_new_2
a0d7b954_vscodehassio_is_new_3,sensor,sensor.a0d7b954_vscodehassio_is_new_3
a0d7b954_vscodehassio_is_new_4,sensor,sensor.a0d7b954_vscodehassio_is_new_4
a0d7b954_vscodehassio_is_new_5,sensor,sensor.a0d7b954_vscodehassio_is_new_5
accusaver_energie_vandaag,sensor,sensor.accusaver_energie_vandaag
accusaver_energy_apparentpower,sensor,sensor.accusaver_energy_apparentpower
accusaver_energy_current,sensor,sensor.accusaver_energy_current
accusaver_energy_factor,sensor,sensor.accusaver_energy_factor
accusaver_energy_power,sensor,sensor.accusaver_energy_power
accusaver_energy_reactivepower,sensor,sensor.accusaver_energy_reactivepower
accusaver_energy_today,sensor,sensor.accusaver_energy_today
accusaver_energy_total,sensor,sensor.accusaver_energy_total
accusaver_energy_voltage,sensor,sensor.accusaver_energy_voltage
accusaver_energy_yesterday,sensor,sensor.accusaver_energy_yesterday
accusaver_mqtt_connect_count,sensor,sensor.accusaver_mqtt_connect_count
accusaver_wifi_connect_count,sensor,sensor.accusaver_wifi_connect_count
accuserver_energie_gisteren,sensor,sensor.accuserver_energie_gisteren
achterdeur_magneetsensor_battery,sensor,sensor.achterdeur_magneetsensor_battery
achterdeur_magneetsensor_battery_2,sensor,sensor.achterdeur_magneetsensor_battery_2
achterdeur_magneetsensor_linkquality,sensor,sensor.achterdeur_magneetsensor_linkquality
achterdeur_sensor_battery,sensor,sensor.achterdeur_sensor_battery
achtertuin_achtertuin_tf2_battery,sensor,sensor.achtertuin_achtertuin_tf2_battery
achtertuin_achtertuin_tf2_battery_voltage,sensor,sensor.achtertuin_achtertuin_tf2_battery_voltage
achtertuin_achtertuin_tf2_humidity,sensor,sensor.achtertuin_achtertuin_tf2_humidity
achtertuin_achtertuin_tf2_temperature,sensor,sensor.achtertuin_achtertuin_tf2_temperature
active_issues,sensor,sensor.active_issues
air_quality,sensor,sensor.air_quality
alarm_control_panels,sensor,sensor.alarm_control_panels
alectov5_0069_temp,sensor,sensor.alectov5_0069_temp
alectov5_0069_update_time,sensor,sensor.alectov5_0069_update_time
areas,sensor,sensor.areas
automations,sensor,sensor.automations
badkamer_t_h_battery,sensor,sensor.badkamer_t_h_battery
badkamer_t_h_humidity,sensor,sensor.badkamer_t_h_humidity
badkamer_t_h_pressure,sensor,sensor.badkamer_t_h_pressure
badkamer_t_h_temperature,sensor,sensor.badkamer_t_h_temperature
bamboe_achtertuin_air_humidity,sensor,sensor.bamboe_achtertuin_air_humidity
bamboe_achtertuin_battery,sensor,sensor.bamboe_achtertuin_battery
bamboe_achtertuin_humidity,sensor,sensor.bamboe_achtertuin_humidity
bamboe_achtertuin_soil_moisture,sensor,sensor.bamboe_achtertuin_soil_moisture
bamboe_achtertuin_soil_moisture_2,sensor,sensor.bamboe_achtertuin_soil_moisture_2
bamboe_achtertuin_temperature,sensor,sensor.bamboe_achtertuin_temperature
bamboe_achtertuin_temperature_2,sensor,sensor.bamboe_achtertuin_temperature_2
bamboe_tuin_air_humidity,sensor,sensor.bamboe_tuin_air_humidity
bamboe_tuin_battery,sensor,sensor.bamboe_tuin_battery
bamboe_tuin_humidity,sensor,sensor.bamboe_tuin_humidity
bamboe_tuin_soil_moisture,sensor,sensor.bamboe_tuin_soil_moisture
bamboe_tuin_soil_moisture_2,sensor,sensor.bamboe_tuin_soil_moisture_2
bamboe_tuin_soil_temperature,sensor,sensor.bamboe_tuin_soil_temperature
bamboe_tuin_temperature,sensor,sensor.bamboe_tuin_temperature
bamboe_tuin_temperature_2,sensor,sensor.bamboe_tuin_temperature_2
bamboo_achtertuin_air_humidity,sensor,sensor.bamboo_achtertuin_air_humidity
bamboo_achtertuin_soil_moisture,sensor,sensor.bamboo_achtertuin_soil_moisture
bamboo_achtertuin_temperature,sensor,sensor.bamboo_achtertuin_temperature
bamboo_achtertuin_vapour_pressure_deficit,sensor,sensor.bamboo_achtertuin_vapour_pressure_deficit
bedroom_ir_combined_temperature,sensor,sensor.bedroom_ir_combined_temperature
bedroom_ir_panel_thermostat_battery,sensor,sensor.bedroom_ir_panel_thermostat_battery
bedroom_ir_panel_thermostat_battery_2,sensor,sensor.bedroom_ir_panel_thermostat_battery_2
bedroom_ir_panel_thermostat_temperature,sensor,sensor.bedroom_ir_panel_thermostat_temperature
bedroom_ir_panel_thermostat_temperature_2,sensor,sensor.bedroom_ir_panel_thermostat_temperature_2
bilresa_dual_button_battery,sensor,sensor.bilresa_dual_button_battery
bilresa_dual_button_battery_voltage,sensor,sensor.bilresa_dual_button_battery_voltage
bilresa_scroll_wheel_battery,sensor,sensor.bilresa_scroll_wheel_battery
bilresa_scroll_wheel_battery_2,sensor,sensor.bilresa_scroll_wheel_battery_2
bilresa_scroll_wheel_battery_3,sensor,sensor.bilresa_scroll_wheel_battery_3
bilresa_scroll_wheel_battery_voltage,sensor,sensor.bilresa_scroll_wheel_battery_voltage
bilresa_scroll_wheel_battery_voltage_2,sensor,sensor.bilresa_scroll_wheel_battery_voltage_2
bilresa_scroll_wheel_battery_voltage_3,sensor,sensor.bilresa_scroll_wheel_battery_voltage_3
binary_sensors,sensor,sensor.binary_sensors
blink_kleinblinkcam1_temperature,sensor,sensor.blink_kleinblinkcam1_temperature
blink_kleinblinkcam1_wi_fi_rssi,sensor,sensor.blink_kleinblinkcam1_wi_fi_rssi
blink_kleinblinkcam1_wi_fi_signal_strength,sensor,sensor.blink_kleinblinkcam1_wi_fi_signal_strength
blink_kleinblinkcam2_temperature,sensor,sensor.blink_kleinblinkcam2_temperature
blink_kleinblinkcam2_wi_fi_rssi,sensor,sensor.blink_kleinblinkcam2_wi_fi_rssi
blink_kleinblinkcam2_wi_fi_signal_strength,sensor,sensor.blink_kleinblinkcam2_wi_fi_signal_strength
boiler,sensor,sensor.boiler
bruidsplant_achtertuin_battery,sensor,sensor.bruidsplant_achtertuin_battery
bruidsplant_achtertuin_humidity,sensor,sensor.bruidsplant_achtertuin_humidity
bruidsplant_achtertuin_soil_moisture,sensor,sensor.bruidsplant_achtertuin_soil_moisture
bruidsplant_achtertuin_soil_moisture_2,sensor,sensor.bruidsplant_achtertuin_soil_moisture_2
bruidsplant_achtertuin_temperature,sensor,sensor.bruidsplant_achtertuin_temperature
bruidsplant_achtertuin_temperature_2,sensor,sensor.bruidsplant_achtertuin_temperature_2
buttons,sensor,sensor.buttons
calendars,sensor,sensor.calendars
cameras,sensor,sensor.cameras
climate,sensor,sensor.climate
core_configuratorhassio_is_new,sensor,sensor.core_configuratorhassio_is_new
core_configuratorhassio_is_new_2,sensor,sensor.core_configuratorhassio_is_new_2
core_configuratorhassio_is_new_3,sensor,sensor.core_configuratorhassio_is_new_3
core_configuratorhassio_is_new_4,sensor,sensor.core_configuratorhassio_is_new_4
core_configuratorhassio_is_new_5,sensor,sensor.core_configuratorhassio_is_new_5
core_mariadbhassio_is_new,sensor,sensor.core_mariadbhassio_is_new
core_mariadbhassio_is_new_2,sensor,sensor.core_mariadbhassio_is_new_2
core_mariadbhassio_is_new_3,sensor,sensor.core_mariadbhassio_is_new_3
core_mariadbhassio_is_new_4,sensor,sensor.core_mariadbhassio_is_new_4
core_mariadbhassio_is_new_5,sensor,sensor.core_mariadbhassio_is_new_5
core_mosquittohassio_is_new,sensor,sensor.core_mosquittohassio_is_new
core_mosquittohassio_is_new_2,sensor,sensor.core_mosquittohassio_is_new_2
core_mosquittohassio_is_new_3,sensor,sensor.core_mosquittohassio_is_new_3
core_mosquittohassio_is_new_4,sensor,sensor.core_mosquittohassio_is_new_4
core_mosquittohassio_is_new_5,sensor,sensor.core_mosquittohassio_is_new_5
covers,sensor,sensor.covers
cresta_3c01_hum,sensor,sensor.cresta_3c01_hum
cresta_3c01_temp,sensor,sensor.cresta_3c01_temp
cresta_3c01_update_time,sensor,sensor.cresta_3c01_update_time
cresta_7503_hum,sensor,sensor.cresta_7503_hum
cresta_7503_temp,sensor,sensor.cresta_7503_temp
cresta_7503_update_time,sensor,sensor.cresta_7503_update_time
cresta_ce053cce5e08c097f724b8120029f641000901_update_time,sensor,sensor.cresta_ce053cce5e08c097f724b8120029f641000901_update_time
cresta_ce053cce9e13c160f32d4e7f0029002c000901_update_time,sensor,sensor.cresta_ce053cce9e13c160f32d4e7f0029002c000901_update_time
cresta_ce053ccede02c253ff4081010000f642000901_update_time,sensor,sensor.cresta_ce053ccede02c253ff4081010000f642000901_update_time
cresta_ce05aece5e00c105fb0b2d6fff001e42000401_update_time,sensor,sensor.cresta_ce05aece5e00c105fb0b2d6fff001e42000401_update_time
cresta_ce05aece5e02c005fb594b0000001e00002101_update_time,sensor,sensor.cresta_ce05aece5e02c005fb594b0000001e00002101_update_time
cresta_ce05aece9e01c105fb1d46830000f668000901_update_time,sensor,sensor.cresta_ce05aece9e01c105fb1d46830000f668000901_update_time
cresta_ce05aece9e03c105fb4c00020000002a000901_update_time,sensor,sensor.cresta_ce05aece9e03c105fb4c00020000002a000901_update_time
cresta_ce05aece9e03c134fb02000000000017000901_update_time,sensor,sensor.cresta_ce05aece9e03c134fb02000000000017000901_update_time
cresta_ce05aece9e09c105fb73ee4e0029f703000901_update_time,sensor,sensor.cresta_ce05aece9e09c105fb73ee4e0029f703000901_update_time
cresta_ce05aece9e15c105fb2f39930000f621000901_update_time,sensor,sensor.cresta_ce05aece9e15c105fb2f39930000f621000901_update_time
cresta_ce05aecede11c105fb4b8856000000a3000901_update_time,sensor,sensor.cresta_ce05aecede11c105fb4b8856000000a3000901_update_time
cresta_ce05aecede13c105fb251d0f00000023000901_update_time,sensor,sensor.cresta_ce05aecede13c105fb251d0f00000023000901_update_time
cresta_ce05aecede15c105fb3d000700290100000901_update_time,sensor,sensor.cresta_ce05aecede15c105fb3d000700290100000901_update_time
cresta_ce05aecede16c205fbf20a7f0000f643000901_update_time,sensor,sensor.cresta_ce05aecede16c205fbf20a7f0000f643000901_update_time
custom_integrations,sensor,sensor.custom_integrations
daikin_zolderkleinsensenl_is_new,sensor,sensor.daikin_zolderkleinsensenl_is_new
darius_dockkleinsensenl_is_new,sensor,sensor.darius_dockkleinsensenl_is_new
darius_knop_battery,sensor,sensor.darius_knop_battery
darius_s25_battery_level,sensor,sensor.darius_s25_battery_level
dates,sensor,sensor.dates
datetimes,sensor,sensor.datetimes
db21ed7f_filebrowserhassio_is_new,sensor,sensor.db21ed7f_filebrowserhassio_is_new
db21ed7f_filebrowserhassio_is_new_2,sensor,sensor.db21ed7f_filebrowserhassio_is_new_2
db21ed7f_filebrowserhassio_is_new_3,sensor,sensor.db21ed7f_filebrowserhassio_is_new_3
db21ed7f_filebrowserhassio_is_new_4,sensor,sensor.db21ed7f_filebrowserhassio_is_new_4
db21ed7f_filebrowserhassio_is_new_5,sensor,sensor.db21ed7f_filebrowserhassio_is_new_5
db21ed7f_filebrowserhassio_is_new_6,sensor,sensor.db21ed7f_filebrowserhassio_is_new_6
db21ed7f_filebrowserhassio_is_new_7,sensor,sensor.db21ed7f_filebrowserhassio_is_new_7
device_trackers,sensor,sensor.device_trackers
devices,sensor,sensor.devices
digital_only_ev3,sensor,sensor.digital_only_ev3
digital_only_ev3_ev_battery_pack_voltage,sensor,sensor.digital_only_ev3_ev_battery_pack_voltage
digital_only_ev3_ev_battery_temperature_max,sensor,sensor.digital_only_ev3_ev_battery_temperature_max
digital_only_ev3_ev_battery_temperature_min,sensor,sensor.digital_only_ev3_ev_battery_temperature_min
digital_only_ev3_ev_battery_water_temperature,sensor,sensor.digital_only_ev3_ev_battery_water_temperature
digital_only_ev3_ev_power_consumption_battery_heater,sensor,sensor.digital_only_ev3_ev_power_consumption_battery_heater
digital_only_ev3_tire_pressure_front_left,sensor,sensor.digital_only_ev3_tire_pressure_front_left
digital_only_ev3_tire_pressure_front_right,sensor,sensor.digital_only_ev3_tire_pressure_front_right
digital_only_ev3_tire_pressure_rear_left,sensor,sensor.digital_only_ev3_tire_pressure_rear_left
digital_only_ev3_tire_pressure_rear_right,sensor,sensor.digital_only_ev3_tire_pressure_rear_right
dnshassio_is_new,sensor,sensor.dnshassio_is_new
dnshassio_is_new_2,sensor,sensor.dnshassio_is_new_2
dnshassio_is_new_3,sensor,sensor.dnshassio_is_new_3
dnshassio_is_new_4,sensor,sensor.dnshassio_is_new_4
dnshassio_is_new_5,sensor,sensor.dnshassio_is_new_5
draadjekleinsensenl_is_new,sensor,sensor.draadjekleinsensenl_is_new
droger_current_phase,sensor,sensor.droger_current_phase
droger_current_power,sensor,sensor.droger_current_power
droger_cycle_count,sensor,sensor.droger_cycle_count
droger_elapsed_time,sensor,sensor.droger_elapsed_time
droger_profile_extra_droog_count,sensor,sensor.droger_profile_extra_droog_count
droger_profile_kastdroog_count,sensor,sensor.droger_profile_kastdroog_count
droger_profile_kort_count,sensor,sensor.droger_profile_kort_count
droger_profile_korte_droging_count,sensor,sensor.droger_profile_korte_droging_count
droger_profile_normale_droging_count,sensor,sensor.droger_profile_normale_droging_count
droger_profile_standaard_count,sensor,sensor.droger_profile_standaard_count
droger_program,sensor,sensor.droger_program
droger_progress,sensor,sensor.droger_progress
droger_state,sensor,sensor.droger_state
droger_suggested_settings_available,sensor,sensor.droger_suggested_settings_available
droger_time_remaining,sensor,sensor.droger_time_remaining
droger_total_duration,sensor,sensor.droger_total_duration
electriciteitsmeter_total_power_import_cost,sensor,sensor.electriciteitsmeter_total_power_import_cost
energie_gisteren,sensor,sensor.energie_gisteren
energy_current_hour_2,sensor,sensor.energy_current_hour_2
energy_current_hour_3,sensor,sensor.energy_current_hour_3
energy_current_hour_4,sensor,sensor.energy_current_hour_4
energy_kwh_chargerkleinsensenl_is_new,sensor,sensor.energy_kwh_chargerkleinsensenl_is_new
energy_kwh_kleinboil_apparent_power,sensor,sensor.energy_kwh_kleinboil_apparent_power
energy_kwh_kleinboil_current,sensor,sensor.energy_kwh_kleinboil_current
energy_kwh_kleinboil_energy_export,sensor,sensor.energy_kwh_kleinboil_energy_export
energy_kwh_kleinboil_energy_import,sensor,sensor.energy_kwh_kleinboil_energy_import
energy_kwh_kleinboil_frequency,sensor,sensor.energy_kwh_kleinboil_frequency
energy_kwh_kleinboil_power,sensor,sensor.energy_kwh_kleinboil_power
energy_kwh_kleinboil_power_factor,sensor,sensor.energy_kwh_kleinboil_power_factor
energy_kwh_kleinboil_power_phase_1,sensor,sensor.energy_kwh_kleinboil_power_phase_1
energy_kwh_kleinboil_reactive_power,sensor,sensor.energy_kwh_kleinboil_reactive_power
energy_kwh_kleinboil_voltage,sensor,sensor.energy_kwh_kleinboil_voltage
energy_kwh_kleinboil_wi_fi_strength,sensor,sensor.energy_kwh_kleinboil_wi_fi_strength
energy_kwh_meter_airco_apparent_power,sensor,sensor.energy_kwh_meter_airco_apparent_power
energy_kwh_meter_airco_current,sensor,sensor.energy_kwh_meter_airco_current
energy_kwh_meter_airco_energy_export,sensor,sensor.energy_kwh_meter_airco_energy_export
energy_kwh_meter_airco_energy_import,sensor,sensor.energy_kwh_meter_airco_energy_import
energy_kwh_meter_airco_frequency,sensor,sensor.energy_kwh_meter_airco_frequency
energy_kwh_meter_airco_power,sensor,sensor.energy_kwh_meter_airco_power
energy_kwh_meter_airco_power_factor,sensor,sensor.energy_kwh_meter_airco_power_factor
energy_kwh_meter_airco_power_phase_1,sensor,sensor.energy_kwh_meter_airco_power_phase_1
energy_kwh_meter_airco_reactive_power,sensor,sensor.energy_kwh_meter_airco_reactive_power
energy_kwh_meter_airco_voltage,sensor,sensor.energy_kwh_meter_airco_voltage
energy_kwh_meter_airco_wi_fi_strength,sensor,sensor.energy_kwh_meter_airco_wi_fi_strength
energy_kwh_meter_charger_apparent_power,sensor,sensor.energy_kwh_meter_charger_apparent_power
energy_kwh_meter_charger_apparent_power_phase_1,sensor,sensor.energy_kwh_meter_charger_apparent_power_phase_1
energy_kwh_meter_charger_apparent_power_phase_2,sensor,sensor.energy_kwh_meter_charger_apparent_power_phase_2
energy_kwh_meter_charger_apparent_power_phase_3,sensor,sensor.energy_kwh_meter_charger_apparent_power_phase_3
energy_kwh_meter_charger_current,sensor,sensor.energy_kwh_meter_charger_current
energy_kwh_meter_charger_current_phase_1,sensor,sensor.energy_kwh_meter_charger_current_phase_1
energy_kwh_meter_charger_current_phase_2,sensor,sensor.energy_kwh_meter_charger_current_phase_2
energy_kwh_meter_charger_current_phase_3,sensor,sensor.energy_kwh_meter_charger_current_phase_3
energy_kwh_meter_charger_energy_export,sensor,sensor.energy_kwh_meter_charger_energy_export
energy_kwh_meter_charger_energy_import,sensor,sensor.energy_kwh_meter_charger_energy_import
energy_kwh_meter_charger_frequency,sensor,sensor.energy_kwh_meter_charger_frequency
energy_kwh_meter_charger_power,sensor,sensor.energy_kwh_meter_charger_power
energy_kwh_meter_charger_power_factor_phase_1,sensor,sensor.energy_kwh_meter_charger_power_factor_phase_1
energy_kwh_meter_charger_power_factor_phase_2,sensor,sensor.energy_kwh_meter_charger_power_factor_phase_2
energy_kwh_meter_charger_power_factor_phase_3,sensor,sensor.energy_kwh_meter_charger_power_factor_phase_3
energy_kwh_meter_charger_power_phase_1,sensor,sensor.energy_kwh_meter_charger_power_phase_1
energy_kwh_meter_charger_power_phase_2,sensor,sensor.energy_kwh_meter_charger_power_phase_2
energy_kwh_meter_charger_power_phase_3,sensor,sensor.energy_kwh_meter_charger_power_phase_3
energy_kwh_meter_charger_reactive_power,sensor,sensor.energy_kwh_meter_charger_reactive_power
energy_kwh_meter_charger_reactive_power_phase_1,sensor,sensor.energy_kwh_meter_charger_reactive_power_phase_1
energy_kwh_meter_charger_reactive_power_phase_2,sensor,sensor.energy_kwh_meter_charger_reactive_power_phase_2
energy_kwh_meter_charger_reactive_power_phase_3,sensor,sensor.energy_kwh_meter_charger_reactive_power_phase_3
energy_kwh_meter_charger_voltage_phase_1,sensor,sensor.energy_kwh_meter_charger_voltage_phase_1
energy_kwh_meter_charger_voltage_phase_2,sensor,sensor.energy_kwh_meter_charger_voltage_phase_2
energy_kwh_meter_charger_voltage_phase_3,sensor,sensor.energy_kwh_meter_charger_voltage_phase_3
energy_kwh_meter_charger_wi_fi_strength,sensor,sensor.energy_kwh_meter_charger_wi_fi_strength
energy_kwh_meter_fornuis_apparent_power,sensor,sensor.energy_kwh_meter_fornuis_apparent_power
energy_kwh_meter_fornuis_apparent_power_phase_1,sensor,sensor.energy_kwh_meter_fornuis_apparent_power_phase_1
energy_kwh_meter_fornuis_apparent_power_phase_2,sensor,sensor.energy_kwh_meter_fornuis_apparent_power_phase_2
energy_kwh_meter_fornuis_apparent_power_phase_3,sensor,sensor.energy_kwh_meter_fornuis_apparent_power_phase_3
energy_kwh_meter_fornuis_current,sensor,sensor.energy_kwh_meter_fornuis_current
energy_kwh_meter_fornuis_current_phase_1,sensor,sensor.energy_kwh_meter_fornuis_current_phase_1
energy_kwh_meter_fornuis_current_phase_2,sensor,sensor.energy_kwh_meter_fornuis_current_phase_2
energy_kwh_meter_fornuis_current_phase_3,sensor,sensor.energy_kwh_meter_fornuis_current_phase_3
energy_kwh_meter_fornuis_energy_export,sensor,sensor.energy_kwh_meter_fornuis_energy_export
energy_kwh_meter_fornuis_energy_import,sensor,sensor.energy_kwh_meter_fornuis_energy_import
energy_kwh_meter_fornuis_frequency,sensor,sensor.energy_kwh_meter_fornuis_frequency
energy_kwh_meter_fornuis_power,sensor,sensor.energy_kwh_meter_fornuis_power
energy_kwh_meter_fornuis_power_factor_phase_1,sensor,sensor.energy_kwh_meter_fornuis_power_factor_phase_1
energy_kwh_meter_fornuis_power_factor_phase_2,sensor,sensor.energy_kwh_meter_fornuis_power_factor_phase_2
energy_kwh_meter_fornuis_power_factor_phase_3,sensor,sensor.energy_kwh_meter_fornuis_power_factor_phase_3
energy_kwh_meter_fornuis_power_phase_1,sensor,sensor.energy_kwh_meter_fornuis_power_phase_1
energy_kwh_meter_fornuis_power_phase_2,sensor,sensor.energy_kwh_meter_fornuis_power_phase_2
energy_kwh_meter_fornuis_power_phase_3,sensor,sensor.energy_kwh_meter_fornuis_power_phase_3
energy_kwh_meter_fornuis_reactive_power,sensor,sensor.energy_kwh_meter_fornuis_reactive_power
energy_kwh_meter_fornuis_reactive_power_phase_1,sensor,sensor.energy_kwh_meter_fornuis_reactive_power_phase_1
energy_kwh_meter_fornuis_reactive_power_phase_2,sensor,sensor.energy_kwh_meter_fornuis_reactive_power_phase_2
energy_kwh_meter_fornuis_reactive_power_phase_3,sensor,sensor.energy_kwh_meter_fornuis_reactive_power_phase_3
energy_kwh_meter_fornuis_voltage_phase_1,sensor,sensor.energy_kwh_meter_fornuis_voltage_phase_1
energy_kwh_meter_fornuis_voltage_phase_2,sensor,sensor.energy_kwh_meter_fornuis_voltage_phase_2
energy_kwh_meter_fornuis_voltage_phase_3,sensor,sensor.energy_kwh_meter_fornuis_voltage_phase_3
energy_kwh_meter_fornuis_wi_fi_strength,sensor,sensor.energy_kwh_meter_fornuis_wi_fi_strength
energy_kwh_meter_kleinfloor_apparent_power,sensor,sensor.energy_kwh_meter_kleinfloor_apparent_power
energy_kwh_meter_kleinfloor_current,sensor,sensor.energy_kwh_meter_kleinfloor_current
energy_kwh_meter_kleinfloor_energy_import,sensor,sensor.energy_kwh_meter_kleinfloor_energy_import
energy_kwh_meter_kleinfloor_frequency,sensor,sensor.energy_kwh_meter_kleinfloor_frequency
energy_kwh_meter_kleinfloor_power,sensor,sensor.energy_kwh_meter_kleinfloor_power
energy_kwh_meter_kleinfloor_power_factor,sensor,sensor.energy_kwh_meter_kleinfloor_power_factor
energy_kwh_meter_kleinfloor_power_phase_1,sensor,sensor.energy_kwh_meter_kleinfloor_power_phase_1
energy_kwh_meter_kleinfloor_production_power,sensor,sensor.energy_kwh_meter_kleinfloor_production_power
energy_kwh_meter_kleinfloor_reactive_power,sensor,sensor.energy_kwh_meter_kleinfloor_reactive_power
energy_kwh_meter_kleinfloor_voltage,sensor,sensor.energy_kwh_meter_kleinfloor_voltage
energy_kwh_meter_kleinfloor_wi_fi_strength,sensor,sensor.energy_kwh_meter_kleinfloor_wi_fi_strength
energy_kwh_meter_kleinshed_apparent_power,sensor,sensor.energy_kwh_meter_kleinshed_apparent_power
energy_kwh_meter_kleinshed_current,sensor,sensor.energy_kwh_meter_kleinshed_current
energy_kwh_meter_kleinshed_energy_import,sensor,sensor.energy_kwh_meter_kleinshed_energy_import
energy_kwh_meter_kleinshed_frequency,sensor,sensor.energy_kwh_meter_kleinshed_frequency
energy_kwh_meter_kleinshed_power,sensor,sensor.energy_kwh_meter_kleinshed_power
energy_kwh_meter_kleinshed_power_factor,sensor,sensor.energy_kwh_meter_kleinshed_power_factor
energy_kwh_meter_kleinshed_power_mod,sensor,sensor.energy_kwh_meter_kleinshed_power_mod
energy_kwh_meter_kleinshed_power_phase_1,sensor,sensor.energy_kwh_meter_kleinshed_power_phase_1
energy_kwh_meter_kleinshed_production_power,sensor,sensor.energy_kwh_meter_kleinshed_production_power
energy_kwh_meter_kleinshed_reactive_power,sensor,sensor.energy_kwh_meter_kleinshed_reactive_power
energy_kwh_meter_kleinshed_voltage,sensor,sensor.energy_kwh_meter_kleinshed_voltage
energy_kwh_meter_kleinshed_wi_fi_strength,sensor,sensor.energy_kwh_meter_kleinshed_wi_fi_strength
energy_next_hour_2,sensor,sensor.energy_next_hour_2
energy_next_hour_3,sensor,sensor.energy_next_hour_3
energy_next_hour_4,sensor,sensor.energy_next_hour_4
energy_p1_meterkleinsensenl_is_new,sensor,sensor.energy_p1_meterkleinsensenl_is_new
energy_production_today_2,sensor,sensor.energy_production_today_2
energy_production_today_3,sensor,sensor.energy_production_today_3
energy_production_today_4,sensor,sensor.energy_production_today_4
energy_production_today_remaining_2,sensor,sensor.energy_production_today_remaining_2
energy_production_today_remaining_3,sensor,sensor.energy_production_today_remaining_3
energy_production_today_remaining_4,sensor,sensor.energy_production_today_remaining_4
energy_production_tomorrow_2,sensor,sensor.energy_production_tomorrow_2
energy_production_tomorrow_3,sensor,sensor.energy_production_tomorrow_3
energy_production_tomorrow_4,sensor,sensor.energy_production_tomorrow_4
energy_socket_julius_current,sensor,sensor.energy_socket_julius_current
energy_socket_julius_energy_export,sensor,sensor.energy_socket_julius_energy_export
energy_socket_julius_energy_import,sensor,sensor.energy_socket_julius_energy_import
energy_socket_julius_frequency,sensor,sensor.energy_socket_julius_frequency
energy_socket_julius_power,sensor,sensor.energy_socket_julius_power
energy_socket_julius_power_phase_1,sensor,sensor.energy_socket_julius_power_phase_1
energy_socket_julius_voltage,sensor,sensor.energy_socket_julius_voltage
energy_socket_julius_wi_fi_strength,sensor,sensor.energy_socket_julius_wi_fi_strength
energy_socket_rolien_apparent_power,sensor,sensor.energy_socket_rolien_apparent_power
energy_socket_rolien_current,sensor,sensor.energy_socket_rolien_current
energy_socket_rolien_energy_export,sensor,sensor.energy_socket_rolien_energy_export
energy_socket_rolien_energy_import,sensor,sensor.energy_socket_rolien_energy_import
energy_socket_rolien_frequency,sensor,sensor.energy_socket_rolien_frequency
energy_socket_rolien_power,sensor,sensor.energy_socket_rolien_power
energy_socket_rolien_power_factor,sensor,sensor.energy_socket_rolien_power_factor
energy_socket_rolien_power_phase_1,sensor,sensor.energy_socket_rolien_power_phase_1
energy_socket_rolien_reactive_power,sensor,sensor.energy_socket_rolien_reactive_power
energy_socket_rolien_voltage,sensor,sensor.energy_socket_rolien_voltage
energy_socket_rolien_wi_fi_strength,sensor,sensor.energy_socket_rolien_wi_fi_strength
energy_socket_rudi_current,sensor,sensor.energy_socket_rudi_current
energy_socket_rudi_energy_export,sensor,sensor.energy_socket_rudi_energy_export
energy_socket_rudi_energy_import,sensor,sensor.energy_socket_rudi_energy_import
energy_socket_rudi_frequency,sensor,sensor.energy_socket_rudi_frequency
energy_socket_rudi_power,sensor,sensor.energy_socket_rudi_power
energy_socket_rudi_power_phase_1,sensor,sensor.energy_socket_rudi_power_phase_1
energy_socket_rudi_voltage,sensor,sensor.energy_socket_rudi_voltage
energy_socket_rudi_wi_fi_strength,sensor,sensor.energy_socket_rudi_wi_fi_strength
energy_socket_serverkast_current,sensor,sensor.energy_socket_serverkast_current
energy_socket_serverkast_energy_export,sensor,sensor.energy_socket_serverkast_energy_export
energy_socket_serverkast_energy_import,sensor,sensor.energy_socket_serverkast_energy_import
energy_socket_serverkast_frequency,sensor,sensor.energy_socket_serverkast_frequency
energy_socket_serverkast_power,sensor,sensor.energy_socket_serverkast_power
energy_socket_serverkast_power_phase_1,sensor,sensor.energy_socket_serverkast_power_phase_1
energy_socket_serverkast_voltage,sensor,sensor.energy_socket_serverkast_voltage
energy_socket_serverkast_wi_fi_strength,sensor,sensor.energy_socket_serverkast_wi_fi_strength
energy_socket_vaatwasser_energy_import,sensor,sensor.energy_socket_vaatwasser_energy_import
energy_socket_vaatwasser_power,sensor,sensor.energy_socket_vaatwasser_power
energy_socket_vaatwasser_power_phase_1,sensor,sensor.energy_socket_vaatwasser_power_phase_1
energysocket_dariuskleinsensenl_is_new,sensor,sensor.energysocket_dariuskleinsensenl_is_new
energysocket_rudikleinsensenl_is_new,sensor,sensor.energysocket_rudikleinsensenl_is_new
energyzero_today_energy_average_price,sensor,sensor.energyzero_today_energy_average_price
energyzero_today_energy_current_hour_price,sensor,sensor.energyzero_today_energy_current_hour_price
energyzero_today_energy_hours_priced_equal_or_lower,sensor,sensor.energyzero_today_energy_hours_priced_equal_or_lower
energyzero_today_energy_max_price,sensor,sensor.energyzero_today_energy_max_price
energyzero_today_energy_min_price,sensor,sensor.energyzero_today_energy_min_price
energyzero_today_energy_next_hour_price,sensor,sensor.energyzero_today_energy_next_hour_price
energyzero_today_energy_percentage_of_max,sensor,sensor.energyzero_today_energy_percentage_of_max
energyzero_today_gas_current_hour_price,sensor,sensor.energyzero_today_gas_current_hour_price
energyzero_today_gas_next_hour_price,sensor,sensor.energyzero_today_gas_next_hour_price
enphase_cloud_current_grid_power,sensor,sensor.enphase_cloud_current_grid_power
enphase_cloud_current_power_consumption,sensor,sensor.enphase_cloud_current_power_consumption
enphase_cloud_current_production_power,sensor,sensor.enphase_cloud_current_production_power
enphase_cloud_site_evse_charging,sensor,sensor.enphase_cloud_site_evse_charging
enphase_site_1234567_cloud_latency,sensor,sensor.enphase_site_1234567_cloud_latency
enphase_site_5850136_cloud_latency,sensor,sensor.enphase_site_5850136_cloud_latency
enphase_site_5850163_cloud_error_code,sensor,sensor.enphase_site_5850163_cloud_error_code
enphase_site_5850163_cloud_latency,sensor,sensor.enphase_site_5850163_cloud_latency
enphase_site_5850163_site_consumption,sensor,sensor.enphase_site_5850163_site_consumption
enphase_site_5850163_site_grid_export,sensor,sensor.enphase_site_5850163_site_grid_export
enphase_site_5850163_site_grid_import,sensor,sensor.enphase_site_5850163_site_grid_import
enphase_site_5850163_site_solar_production,sensor,sensor.enphase_site_5850163_site_solar_production
entities,sensor,sensor.entities
envoy_122428000926_balanced_net_power_consumption,sensor,sensor.envoy_122428000926_balanced_net_power_consumption
envoy_122428000926_balanced_net_power_consumption_l1,sensor,sensor.envoy_122428000926_balanced_net_power_consumption_l1
envoy_122428000926_balanced_net_power_consumption_l2,sensor,sensor.envoy_122428000926_balanced_net_power_consumption_l2
envoy_122428000926_balanced_net_power_consumption_l3,sensor,sensor.envoy_122428000926_balanced_net_power_consumption_l3
envoy_122428000926_current_net_power_consumption,sensor,sensor.envoy_122428000926_current_net_power_consumption
envoy_122428000926_current_net_power_consumption_l1,sensor,sensor.envoy_122428000926_current_net_power_consumption_l1
envoy_122428000926_current_net_power_consumption_l2,sensor,sensor.envoy_122428000926_current_net_power_consumption_l2
envoy_122428000926_current_net_power_consumption_l3,sensor,sensor.envoy_122428000926_current_net_power_consumption_l3
envoy_122428000926_current_power_consumption,sensor,sensor.envoy_122428000926_current_power_consumption
envoy_122428000926_current_power_consumption_l1,sensor,sensor.envoy_122428000926_current_power_consumption_l1
envoy_122428000926_current_power_consumption_l2,sensor,sensor.envoy_122428000926_current_power_consumption_l2
envoy_122428000926_current_power_consumption_l3,sensor,sensor.envoy_122428000926_current_power_consumption_l3
envoy_122428000926_current_power_production,sensor,sensor.envoy_122428000926_current_power_production
envoy_122428000926_current_power_production_l1,sensor,sensor.envoy_122428000926_current_power_production_l1
envoy_122428000926_current_power_production_l2,sensor,sensor.envoy_122428000926_current_power_production_l2
envoy_122428000926_current_power_production_l3,sensor,sensor.envoy_122428000926_current_power_production_l3
envoy_122428000926_energy_consumption_last_seven_days,sensor,sensor.envoy_122428000926_energy_consumption_last_seven_days
envoy_122428000926_energy_consumption_last_seven_days_l1,sensor,sensor.envoy_122428000926_energy_consumption_last_seven_days_l1
envoy_122428000926_energy_consumption_last_seven_days_l2,sensor,sensor.envoy_122428000926_energy_consumption_last_seven_days_l2
envoy_122428000926_energy_consumption_last_seven_days_l3,sensor,sensor.envoy_122428000926_energy_consumption_last_seven_days_l3
envoy_122428000926_energy_consumption_today,sensor,sensor.envoy_122428000926_energy_consumption_today
envoy_122428000926_energy_consumption_today_l1,sensor,sensor.envoy_122428000926_energy_consumption_today_l1
envoy_122428000926_energy_consumption_today_l2,sensor,sensor.envoy_122428000926_energy_consumption_today_l2
envoy_122428000926_energy_consumption_today_l3,sensor,sensor.envoy_122428000926_energy_consumption_today_l3
envoy_122428000926_energy_production_last_seven_days,sensor,sensor.envoy_122428000926_energy_production_last_seven_days
envoy_122428000926_energy_production_last_seven_days_l1,sensor,sensor.envoy_122428000926_energy_production_last_seven_days_l1
envoy_122428000926_energy_production_last_seven_days_l2,sensor,sensor.envoy_122428000926_energy_production_last_seven_days_l2
envoy_122428000926_energy_production_last_seven_days_l3,sensor,sensor.envoy_122428000926_energy_production_last_seven_days_l3
envoy_122428000926_energy_production_today,sensor,sensor.envoy_122428000926_energy_production_today
envoy_122428000926_energy_production_today_l1,sensor,sensor.envoy_122428000926_energy_production_today_l1
envoy_122428000926_energy_production_today_l2,sensor,sensor.envoy_122428000926_energy_production_today_l2
envoy_122428000926_energy_production_today_l3,sensor,sensor.envoy_122428000926_energy_production_today_l3
envoy_122428000926_frequency_net_consumption_ct,sensor,sensor.envoy_122428000926_frequency_net_consumption_ct
envoy_122428000926_frequency_net_consumption_ct_l1,sensor,sensor.envoy_122428000926_frequency_net_consumption_ct_l1
envoy_122428000926_frequency_net_consumption_ct_l2,sensor,sensor.envoy_122428000926_frequency_net_consumption_ct_l2
envoy_122428000926_frequency_net_consumption_ct_l3,sensor,sensor.envoy_122428000926_frequency_net_consumption_ct_l3
envoy_122428000926_frequency_production_ct,sensor,sensor.envoy_122428000926_frequency_production_ct
envoy_122428000926_frequency_production_ct_l1,sensor,sensor.envoy_122428000926_frequency_production_ct_l1
envoy_122428000926_frequency_production_ct_l2,sensor,sensor.envoy_122428000926_frequency_production_ct_l2
envoy_122428000926_frequency_production_ct_l3,sensor,sensor.envoy_122428000926_frequency_production_ct_l3
envoy_122428000926_lifetime_balanced_net_energy_consumption,sensor,sensor.envoy_122428000926_lifetime_balanced_net_energy_consumption
envoy_122428000926_lifetime_balanced_net_energy_consumption_l1,sensor,sensor.envoy_122428000926_lifetime_balanced_net_energy_consumption_l1
envoy_122428000926_lifetime_balanced_net_energy_consumption_l2,sensor,sensor.envoy_122428000926_lifetime_balanced_net_energy_consumption_l2
envoy_122428000926_lifetime_balanced_net_energy_consumption_l3,sensor,sensor.envoy_122428000926_lifetime_balanced_net_energy_consumption_l3
envoy_122428000926_lifetime_energy_consumption,sensor,sensor.envoy_122428000926_lifetime_energy_consumption
envoy_122428000926_lifetime_energy_consumption_l1,sensor,sensor.envoy_122428000926_lifetime_energy_consumption_l1
envoy_122428000926_lifetime_energy_consumption_l2,sensor,sensor.envoy_122428000926_lifetime_energy_consumption_l2
envoy_122428000926_lifetime_energy_consumption_l3,sensor,sensor.envoy_122428000926_lifetime_energy_consumption_l3
envoy_122428000926_lifetime_energy_production,sensor,sensor.envoy_122428000926_lifetime_energy_production
envoy_122428000926_lifetime_energy_production_l1,sensor,sensor.envoy_122428000926_lifetime_energy_production_l1
envoy_122428000926_lifetime_energy_production_l2,sensor,sensor.envoy_122428000926_lifetime_energy_production_l2
envoy_122428000926_lifetime_energy_production_l3,sensor,sensor.envoy_122428000926_lifetime_energy_production_l3
envoy_122428000926_lifetime_net_energy_consumption,sensor,sensor.envoy_122428000926_lifetime_net_energy_consumption
envoy_122428000926_lifetime_net_energy_consumption_l1,sensor,sensor.envoy_122428000926_lifetime_net_energy_consumption_l1
envoy_122428000926_lifetime_net_energy_consumption_l2,sensor,sensor.envoy_122428000926_lifetime_net_energy_consumption_l2
envoy_122428000926_lifetime_net_energy_consumption_l3,sensor,sensor.envoy_122428000926_lifetime_net_energy_consumption_l3
envoy_122428000926_lifetime_net_energy_production,sensor,sensor.envoy_122428000926_lifetime_net_energy_production
envoy_122428000926_lifetime_net_energy_production_l1,sensor,sensor.envoy_122428000926_lifetime_net_energy_production_l1
envoy_122428000926_lifetime_net_energy_production_l2,sensor,sensor.envoy_122428000926_lifetime_net_energy_production_l2
envoy_122428000926_lifetime_net_energy_production_l3,sensor,sensor.envoy_122428000926_lifetime_net_energy_production_l3
envoy_122428000926_meter_status_flags_active_net_consumption_ct,sensor,sensor.envoy_122428000926_meter_status_flags_active_net_consumption_ct
envoy_122428000926_meter_status_flags_active_net_consumption_ct_l1,sensor,sensor.envoy_122428000926_meter_status_flags_active_net_consumption_ct_l1
envoy_122428000926_meter_status_flags_active_net_consumption_ct_l2,sensor,sensor.envoy_122428000926_meter_status_flags_active_net_consumption_ct_l2
envoy_122428000926_meter_status_flags_active_net_consumption_ct_l3,sensor,sensor.envoy_122428000926_meter_status_flags_active_net_consumption_ct_l3
envoy_122428000926_meter_status_flags_active_production_ct,sensor,sensor.envoy_122428000926_meter_status_flags_active_production_ct
envoy_122428000926_meter_status_flags_active_production_ct_l1,sensor,sensor.envoy_122428000926_meter_status_flags_active_production_ct_l1
envoy_122428000926_meter_status_flags_active_production_ct_l2,sensor,sensor.envoy_122428000926_meter_status_flags_active_production_ct_l2
envoy_122428000926_meter_status_flags_active_production_ct_l3,sensor,sensor.envoy_122428000926_meter_status_flags_active_production_ct_l3
envoy_122428000926_net_consumption_ct_current,sensor,sensor.envoy_122428000926_net_consumption_ct_current
envoy_122428000926_net_consumption_ct_current_l1,sensor,sensor.envoy_122428000926_net_consumption_ct_current_l1
envoy_122428000926_net_consumption_ct_current_l2,sensor,sensor.envoy_122428000926_net_consumption_ct_current_l2
envoy_122428000926_net_consumption_ct_current_l3,sensor,sensor.envoy_122428000926_net_consumption_ct_current_l3
envoy_122428000926_power_factor_net_consumption_ct,sensor,sensor.envoy_122428000926_power_factor_net_consumption_ct
envoy_122428000926_power_factor_net_consumption_ct_l1,sensor,sensor.envoy_122428000926_power_factor_net_consumption_ct_l1
envoy_122428000926_power_factor_net_consumption_ct_l2,sensor,sensor.envoy_122428000926_power_factor_net_consumption_ct_l2
envoy_122428000926_power_factor_net_consumption_ct_l3,sensor,sensor.envoy_122428000926_power_factor_net_consumption_ct_l3
envoy_122428000926_power_factor_production_ct,sensor,sensor.envoy_122428000926_power_factor_production_ct
envoy_122428000926_power_factor_production_ct_l1,sensor,sensor.envoy_122428000926_power_factor_production_ct_l1
envoy_122428000926_power_factor_production_ct_l2,sensor,sensor.envoy_122428000926_power_factor_production_ct_l2
envoy_122428000926_power_factor_production_ct_l3,sensor,sensor.envoy_122428000926_power_factor_production_ct_l3
envoy_122428000926_production_ct_current,sensor,sensor.envoy_122428000926_production_ct_current
envoy_122428000926_production_ct_current_l1,sensor,sensor.envoy_122428000926_production_ct_current_l1
envoy_122428000926_production_ct_current_l2,sensor,sensor.envoy_122428000926_production_ct_current_l2
envoy_122428000926_production_ct_current_l3,sensor,sensor.envoy_122428000926_production_ct_current_l3
envoy_122428000926_today_s_net_energy_consumption,sensor,sensor.envoy_122428000926_today_s_net_energy_consumption
envoy_122428000926_today_s_net_energy_consumption_l1,sensor,sensor.envoy_122428000926_today_s_net_energy_consumption_l1
envoy_122428000926_today_s_net_energy_consumption_l2,sensor,sensor.envoy_122428000926_today_s_net_energy_consumption_l2
envoy_122428000926_today_s_net_energy_consumption_l3,sensor,sensor.envoy_122428000926_today_s_net_energy_consumption_l3
envoy_122428000926_voltage_net_consumption_ct,sensor,sensor.envoy_122428000926_voltage_net_consumption_ct
envoy_122428000926_voltage_net_consumption_ct_l1,sensor,sensor.envoy_122428000926_voltage_net_consumption_ct_l1
envoy_122428000926_voltage_net_consumption_ct_l2,sensor,sensor.envoy_122428000926_voltage_net_consumption_ct_l2
envoy_122428000926_voltage_net_consumption_ct_l3,sensor,sensor.envoy_122428000926_voltage_net_consumption_ct_l3
envoy_122428000926_voltage_production_ct,sensor,sensor.envoy_122428000926_voltage_production_ct
envoy_122428000926_voltage_production_ct_l1,sensor,sensor.envoy_122428000926_voltage_production_ct_l1
envoy_122428000926_voltage_production_ct_l2,sensor,sensor.envoy_122428000926_voltage_production_ct_l2
envoy_122428000926_voltage_production_ct_l3,sensor,sensor.envoy_122428000926_voltage_production_ct_l3
envoykleinsensenl_is_new,sensor,sensor.envoykleinsensenl_is_new
espsomfyrts_free_memory,sensor,sensor.espsomfyrts_free_memory
espsomfyrts_max_memory,sensor,sensor.espsomfyrts_max_memory
espsomfyrts_min_memory,sensor,sensor.espsomfyrts_min_memory
espsomfyrts_wifi_channel,sensor,sensor.espsomfyrts_wifi_channel
espsomfyrts_wifi_strength,sensor,sensor.espsomfyrts_wifi_strength
ev3_ev_charging_power,sensor,sensor.ev3_ev_charging_power
ev3_set_temperature,sensor,sensor.ev3_set_temperature
ev3_sv1_24_average_energy_consumption,sensor,sensor.ev3_sv1_24_average_energy_consumption
ev3_sv1_24_car_battery_level,sensor,sensor.ev3_sv1_24_car_battery_level
ev3_sv1_24_daily_driving_stats,sensor,sensor.ev3_sv1_24_daily_driving_stats
ev3_sv1_24_data,sensor,sensor.ev3_sv1_24_data
ev3_sv1_24_estimated_charge_duration,sensor,sensor.ev3_sv1_24_estimated_charge_duration
ev3_sv1_24_estimated_fast_charge_duration,sensor,sensor.ev3_sv1_24_estimated_fast_charge_duration
ev3_sv1_24_estimated_portable_charge_duration,sensor,sensor.ev3_sv1_24_estimated_portable_charge_duration
ev3_sv1_24_estimated_station_charge_duration,sensor,sensor.ev3_sv1_24_estimated_station_charge_duration
ev3_sv1_24_ev_battery_capacity,sensor,sensor.ev3_sv1_24_ev_battery_capacity
ev3_sv1_24_ev_battery_level,sensor,sensor.ev3_sv1_24_ev_battery_level
ev3_sv1_24_ev_battery_level_2,sensor,sensor.ev3_sv1_24_ev_battery_level_2
ev3_sv1_24_ev_charging_current_limit,sensor,sensor.ev3_sv1_24_ev_charging_current_limit
ev3_sv1_24_ev_range,sensor,sensor.ev3_sv1_24_ev_range
ev3_sv1_24_ev_state_of_health_battery,sensor,sensor.ev3_sv1_24_ev_state_of_health_battery
ev3_sv1_24_fuel_level,sensor,sensor.ev3_sv1_24_fuel_level
ev3_sv1_24_odometer,sensor,sensor.ev3_sv1_24_odometer
ev3_sv1_24_target_range_of_charge_ac,sensor,sensor.ev3_sv1_24_target_range_of_charge_ac
ev3_sv1_24_target_range_of_charge_dc,sensor,sensor.ev3_sv1_24_target_range_of_charge_dc
ev3_sv1_24_total_driving_range,sensor,sensor.ev3_sv1_24_total_driving_range
ev3_sv1_24_total_energy_consumption,sensor,sensor.ev3_sv1_24_total_energy_consumption
ev3_sv1_24_total_energy_regeneration,sensor,sensor.ev3_sv1_24_total_energy_regeneration
everything_presence_lite_20b1c8_assumed_present_remaining,sensor,sensor.everything_presence_lite_20b1c8_assumed_present_remaining
everything_presence_lite_20b1c8_illuminance,sensor,sensor.everything_presence_lite_20b1c8_illuminance
everything_presence_lite_20b1c8_target_1_angle,sensor,sensor.everything_presence_lite_20b1c8_target_1_angle
everything_presence_lite_20b1c8_target_1_distance,sensor,sensor.everything_presence_lite_20b1c8_target_1_distance
everything_presence_lite_20b1c8_target_1_resolution,sensor,sensor.everything_presence_lite_20b1c8_target_1_resolution
everything_presence_lite_20b1c8_target_1_speed,sensor,sensor.everything_presence_lite_20b1c8_target_1_speed
everything_presence_lite_20b1c8_target_1_x,sensor,sensor.everything_presence_lite_20b1c8_target_1_x
everything_presence_lite_20b1c8_target_1_y,sensor,sensor.everything_presence_lite_20b1c8_target_1_y
everything_presence_lite_20b1c8_target_2_angle,sensor,sensor.everything_presence_lite_20b1c8_target_2_angle
everything_presence_lite_20b1c8_target_2_distance,sensor,sensor.everything_presence_lite_20b1c8_target_2_distance
everything_presence_lite_20b1c8_target_2_resolution,sensor,sensor.everything_presence_lite_20b1c8_target_2_resolution
everything_presence_lite_20b1c8_target_2_speed,sensor,sensor.everything_presence_lite_20b1c8_target_2_speed
everything_presence_lite_20b1c8_target_2_x,sensor,sensor.everything_presence_lite_20b1c8_target_2_x
everything_presence_lite_20b1c8_target_2_y,sensor,sensor.everything_presence_lite_20b1c8_target_2_y
everything_presence_lite_20b1c8_target_3_angle,sensor,sensor.everything_presence_lite_20b1c8_target_3_angle
everything_presence_lite_20b1c8_target_3_distance,sensor,sensor.everything_presence_lite_20b1c8_target_3_distance
everything_presence_lite_20b1c8_target_3_resolution,sensor,sensor.everything_presence_lite_20b1c8_target_3_resolution
everything_presence_lite_20b1c8_target_3_speed,sensor,sensor.everything_presence_lite_20b1c8_target_3_speed
everything_presence_lite_20b1c8_target_3_x,sensor,sensor.everything_presence_lite_20b1c8_target_3_x
everything_presence_lite_20b1c8_target_3_y,sensor,sensor.everything_presence_lite_20b1c8_target_3_y
everything_presence_lite_20b1c8_zone_1_target_count,sensor,sensor.everything_presence_lite_20b1c8_zone_1_target_count
fans,sensor,sensor.fans
floor_surface_thermostat_battery,sensor,sensor.floor_surface_thermostat_battery
floor_surface_thermostat_battery_2,sensor,sensor.floor_surface_thermostat_battery_2
floor_surface_thermostat_temperature,sensor,sensor.floor_surface_thermostat_temperature
floor_surface_thermostat_temperature_2,sensor,sensor.floor_surface_thermostat_temperature_2
fm_one_4717_estimated_distance,sensor,sensor.fm_one_4717_estimated_distance
fm_one_8116_estimated_distance,sensor,sensor.fm_one_8116_estimated_distance
fm_one_965a_estimated_distance,sensor,sensor.fm_one_965a_estimated_distance
fm_one_a314_estimated_distance,sensor,sensor.fm_one_a314_estimated_distance
fm_one_a89d_estimated_distance,sensor,sensor.fm_one_a89d_estimated_distance
fm_one_bd47_estimated_distance,sensor,sensor.fm_one_bd47_estimated_distance
fm_two_3315_estimated_distance,sensor,sensor.fm_two_3315_estimated_distance
fornuiskleinsensenl_is_new,sensor,sensor.fornuiskleinsensenl_is_new
galaxy_watch4_26kz_battery_level,sensor,sensor.galaxy_watch4_26kz_battery_level
gordijn_j_d_battery,sensor,sensor.gordijn_j_d_battery
heating_heating,sensor,sensor.heating_heating
heating_humidity,sensor,sensor.heating_humidity
heating_temperature,sensor,sensor.heating_temperature
home_assistant_v2_db_size,sensor,sensor.home_assistant_v2_db_size
huiskamer_climatecontrol_cooling_daily_electrical_consumption,sensor,sensor.huiskamer_climatecontrol_cooling_daily_electrical_consumption
huiskamer_climatecontrol_cooling_monthly_electrical_consumption,sensor,sensor.huiskamer_climatecontrol_cooling_monthly_electrical_consumption
huiskamer_climatecontrol_cooling_weekly_electrical_consumption,sensor,sensor.huiskamer_climatecontrol_cooling_weekly_electrical_consumption
huiskamer_climatecontrol_cooling_yearly_electrical_consumption,sensor,sensor.huiskamer_climatecontrol_cooling_yearly_electrical_consumption
huiskamer_climatecontrol_heating_daily_electrical_consumption,sensor,sensor.huiskamer_climatecontrol_heating_daily_electrical_consumption
huiskamer_climatecontrol_heating_monthly_electrical_consumption,sensor,sensor.huiskamer_climatecontrol_heating_monthly_electrical_consumption
huiskamer_climatecontrol_heating_weekly_electrical_consumption,sensor,sensor.huiskamer_climatecontrol_heating_weekly_electrical_consumption
huiskamer_climatecontrol_heating_yearly_electrical_consumption,sensor,sensor.huiskamer_climatecontrol_heating_yearly_electrical_consumption
huiskamer_climatecontrol_on_off_mode,sensor,sensor.huiskamer_climatecontrol_on_off_mode
huiskamer_climatecontrol_outdoor_temperature,sensor,sensor.huiskamer_climatecontrol_outdoor_temperature
huiskamer_climatecontrol_powerful_mode,sensor,sensor.huiskamer_climatecontrol_powerful_mode
huiskamer_climatecontrol_room_temperature,sensor,sensor.huiskamer_climatecontrol_room_temperature
huiskamer_gateway_error_code,sensor,sensor.huiskamer_gateway_error_code
huiskamer_gateway_firmware_version,sensor,sensor.huiskamer_gateway_firmware_version
huiskamer_gateway_serial_number,sensor,sensor.huiskamer_gateway_serial_number
huiskamer_indoorunit_software_version,sensor,sensor.huiskamer_indoorunit_software_version
huiskamer_ratelimit_day,sensor,sensor.huiskamer_ratelimit_day
huiskamer_ratelimit_minute,sensor,sensor.huiskamer_ratelimit_minute
huiskamer_ratelimit_ratelimit_reset,sensor,sensor.huiskamer_ratelimit_ratelimit_reset
huiskamer_ratelimit_remaining_day,sensor,sensor.huiskamer_ratelimit_remaining_day
huiskamer_ratelimit_remaining_minutes,sensor,sensor.huiskamer_ratelimit_remaining_minutes
huiskamer_ratelimit_retry_after,sensor,sensor.huiskamer_ratelimit_retry_after
huiskamerdeur_battery,sensor,sensor.huiskamerdeur_battery
huiskamerdeur_battery_voltage,sensor,sensor.huiskamerdeur_battery_voltage
humidifiers,sensor,sensor.humidifiers
ignored_issues,sensor,sensor.ignored_issues
ikea_energy_meter_10_bureau_verwarming_current,sensor,sensor.ikea_energy_meter_10_bureau_verwarming_current
ikea_energy_meter_10_bureau_verwarming_energy,sensor,sensor.ikea_energy_meter_10_bureau_verwarming_energy
ikea_energy_meter_10_bureau_verwarming_power,sensor,sensor.ikea_energy_meter_10_bureau_verwarming_power
ikea_energy_meter_10_bureau_verwarming_voltage,sensor,sensor.ikea_energy_meter_10_bureau_verwarming_voltage
ikea_energy_meter_10_voetverwarming_current,sensor,sensor.ikea_energy_meter_10_voetverwarming_current
ikea_energy_meter_10_voetverwarming_energy,sensor,sensor.ikea_energy_meter_10_voetverwarming_energy
ikea_energy_meter_10_voetverwarming_power,sensor,sensor.ikea_energy_meter_10_voetverwarming_power
ikea_energy_meter_10_voetverwarming_voltage,sensor,sensor.ikea_energy_meter_10_voetverwarming_voltage
ikea_energy_meter_11_bureau_rolien_current,sensor,sensor.ikea_energy_meter_11_bureau_rolien_current
ikea_energy_meter_11_bureau_rolien_current_2,sensor,sensor.ikea_energy_meter_11_bureau_rolien_current_2
ikea_energy_meter_11_bureau_rolien_energy,sensor,sensor.ikea_energy_meter_11_bureau_rolien_energy
ikea_energy_meter_11_bureau_rolien_energy_2,sensor,sensor.ikea_energy_meter_11_bureau_rolien_energy_2
ikea_energy_meter_11_bureau_rolien_power,sensor,sensor.ikea_energy_meter_11_bureau_rolien_power
ikea_energy_meter_11_bureau_rolien_power_2,sensor,sensor.ikea_energy_meter_11_bureau_rolien_power_2
ikea_energy_meter_11_bureau_rolien_voltage,sensor,sensor.ikea_energy_meter_11_bureau_rolien_voltage
ikea_energy_meter_11_bureau_rolien_voltage_2,sensor,sensor.ikea_energy_meter_11_bureau_rolien_voltage_2
ikea_energy_meter_12_voetverwarmer_current,sensor,sensor.ikea_energy_meter_12_voetverwarmer_current
ikea_energy_meter_12_voetverwarmer_energy,sensor,sensor.ikea_energy_meter_12_voetverwarmer_energy
ikea_energy_meter_12_voetverwarmer_power,sensor,sensor.ikea_energy_meter_12_voetverwarmer_power
ikea_energy_meter_12_voetverwarmer_voltage,sensor,sensor.ikea_energy_meter_12_voetverwarmer_voltage
ikea_energy_meter_13_waterleiding_current,sensor,sensor.ikea_energy_meter_13_waterleiding_current
ikea_energy_meter_13_waterleiding_energy,sensor,sensor.ikea_energy_meter_13_waterleiding_energy
ikea_energy_meter_13_waterleiding_power,sensor,sensor.ikea_energy_meter_13_waterleiding_power
ikea_energy_meter_13_waterleiding_voltage,sensor,sensor.ikea_energy_meter_13_waterleiding_voltage
ikea_energy_meter_1_darius_current_2,sensor,sensor.ikea_energy_meter_1_darius_current_2
ikea_energy_meter_1_darius_energy,sensor,sensor.ikea_energy_meter_1_darius_energy
ikea_energy_meter_1_darius_energy_2,sensor,sensor.ikea_energy_meter_1_darius_energy_2
ikea_energy_meter_1_darius_power,sensor,sensor.ikea_energy_meter_1_darius_power
ikea_energy_meter_1_darius_power_2,sensor,sensor.ikea_energy_meter_1_darius_power_2
ikea_energy_meter_1_darius_voltage_2,sensor,sensor.ikea_energy_meter_1_darius_voltage_2
ikea_energy_meter_2_server_current,sensor,sensor.ikea_energy_meter_2_server_current
ikea_energy_meter_2_server_current_2,sensor,sensor.ikea_energy_meter_2_server_current_2
ikea_energy_meter_2_server_energy,sensor,sensor.ikea_energy_meter_2_server_energy
ikea_energy_meter_2_server_energy_2,sensor,sensor.ikea_energy_meter_2_server_energy_2
ikea_energy_meter_2_server_linkquality,sensor,sensor.ikea_energy_meter_2_server_linkquality
ikea_energy_meter_2_server_power,sensor,sensor.ikea_energy_meter_2_server_power
ikea_energy_meter_2_server_power_2,sensor,sensor.ikea_energy_meter_2_server_power_2
ikea_energy_meter_2_server_voltage,sensor,sensor.ikea_energy_meter_2_server_voltage
ikea_energy_meter_2_server_voltage_2,sensor,sensor.ikea_energy_meter_2_server_voltage_2
ikea_energy_meter_3_droger_current,sensor,sensor.ikea_energy_meter_3_droger_current
ikea_energy_meter_3_droger_current_2,sensor,sensor.ikea_energy_meter_3_droger_current_2
ikea_energy_meter_3_droger_energy,sensor,sensor.ikea_energy_meter_3_droger_energy
ikea_energy_meter_3_droger_energy_2,sensor,sensor.ikea_energy_meter_3_droger_energy_2
ikea_energy_meter_3_droger_linkquality,sensor,sensor.ikea_energy_meter_3_droger_linkquality
ikea_energy_meter_3_droger_power,sensor,sensor.ikea_energy_meter_3_droger_power
ikea_energy_meter_3_droger_power_2,sensor,sensor.ikea_energy_meter_3_droger_power_2
ikea_energy_meter_3_droger_voltage,sensor,sensor.ikea_energy_meter_3_droger_voltage
ikea_energy_meter_3_droger_voltage_2,sensor,sensor.ikea_energy_meter_3_droger_voltage_2
ikea_energy_meter_4_wasmachine_current,sensor,sensor.ikea_energy_meter_4_wasmachine_current
ikea_energy_meter_4_wasmachine_current_2,sensor,sensor.ikea_energy_meter_4_wasmachine_current_2
ikea_energy_meter_4_wasmachine_energy,sensor,sensor.ikea_energy_meter_4_wasmachine_energy
ikea_energy_meter_4_wasmachine_energy_2,sensor,sensor.ikea_energy_meter_4_wasmachine_energy_2
ikea_energy_meter_4_wasmachine_power,sensor,sensor.ikea_energy_meter_4_wasmachine_power
ikea_energy_meter_4_wasmachine_power_2,sensor,sensor.ikea_energy_meter_4_wasmachine_power_2
ikea_energy_meter_4_wasmachine_voltage,sensor,sensor.ikea_energy_meter_4_wasmachine_voltage
ikea_energy_meter_4_wasmachine_voltage_2,sensor,sensor.ikea_energy_meter_4_wasmachine_voltage_2
ikea_energy_meter_5_badkamer_verwarming_current,sensor,sensor.ikea_energy_meter_5_badkamer_verwarming_current
ikea_energy_meter_5_badkamer_verwarming_current_2,sensor,sensor.ikea_energy_meter_5_badkamer_verwarming_current_2
ikea_energy_meter_5_badkamer_verwarming_energy,sensor,sensor.ikea_energy_meter_5_badkamer_verwarming_energy
ikea_energy_meter_5_badkamer_verwarming_energy_2,sensor,sensor.ikea_energy_meter_5_badkamer_verwarming_energy_2
ikea_energy_meter_5_badkamer_verwarming_linkquality,sensor,sensor.ikea_energy_meter_5_badkamer_verwarming_linkquality
ikea_energy_meter_5_badkamer_verwarming_linkquality_2,sensor,sensor.ikea_energy_meter_5_badkamer_verwarming_linkquality_2
ikea_energy_meter_5_badkamer_verwarming_power,sensor,sensor.ikea_energy_meter_5_badkamer_verwarming_power
ikea_energy_meter_5_badkamer_verwarming_power_2,sensor,sensor.ikea_energy_meter_5_badkamer_verwarming_power_2
ikea_energy_meter_5_badkamer_verwarming_voltage,sensor,sensor.ikea_energy_meter_5_badkamer_verwarming_voltage
ikea_energy_meter_5_badkamer_verwarming_voltage_2,sensor,sensor.ikea_energy_meter_5_badkamer_verwarming_voltage_2
ikea_energy_meter_5_vaatwasser_current,sensor,sensor.ikea_energy_meter_5_vaatwasser_current
ikea_energy_meter_5_vaatwasser_energy,sensor,sensor.ikea_energy_meter_5_vaatwasser_energy
ikea_energy_meter_5_vaatwasser_linkquality,sensor,sensor.ikea_energy_meter_5_vaatwasser_linkquality
ikea_energy_meter_5_vaatwasser_power,sensor,sensor.ikea_energy_meter_5_vaatwasser_power
ikea_energy_meter_5_vaatwasser_voltage,sensor,sensor.ikea_energy_meter_5_vaatwasser_voltage
ikea_energy_meter_6_minikoelkast_current,sensor,sensor.ikea_energy_meter_6_minikoelkast_current
ikea_energy_meter_6_minikoelkast_current_2,sensor,sensor.ikea_energy_meter_6_minikoelkast_current_2
ikea_energy_meter_6_minikoelkast_energy,sensor,sensor.ikea_energy_meter_6_minikoelkast_energy
ikea_energy_meter_6_minikoelkast_energy_2,sensor,sensor.ikea_energy_meter_6_minikoelkast_energy_2
ikea_energy_meter_6_minikoelkast_power,sensor,sensor.ikea_energy_meter_6_minikoelkast_power
ikea_energy_meter_6_minikoelkast_power_2,sensor,sensor.ikea_energy_meter_6_minikoelkast_power_2
ikea_energy_meter_6_minikoelkast_voltage,sensor,sensor.ikea_energy_meter_6_minikoelkast_voltage
ikea_energy_meter_6_minikoelkast_voltage_2,sensor,sensor.ikea_energy_meter_6_minikoelkast_voltage_2
ikea_energy_meter_7_miniboiler_current,sensor,sensor.ikea_energy_meter_7_miniboiler_current
ikea_energy_meter_7_miniboiler_current_2,sensor,sensor.ikea_energy_meter_7_miniboiler_current_2
ikea_energy_meter_7_miniboiler_energy,sensor,sensor.ikea_energy_meter_7_miniboiler_energy
ikea_energy_meter_7_miniboiler_energy_2,sensor,sensor.ikea_energy_meter_7_miniboiler_energy_2
ikea_energy_meter_7_miniboiler_power,sensor,sensor.ikea_energy_meter_7_miniboiler_power
ikea_energy_meter_7_miniboiler_power_2,sensor,sensor.ikea_energy_meter_7_miniboiler_power_2
ikea_energy_meter_7_miniboiler_voltage,sensor,sensor.ikea_energy_meter_7_miniboiler_voltage
ikea_energy_meter_7_miniboiler_voltage_2,sensor,sensor.ikea_energy_meter_7_miniboiler_voltage_2
ikea_energy_meter_8_airfryer_current,sensor,sensor.ikea_energy_meter_8_airfryer_current
ikea_energy_meter_8_airfryer_current_2,sensor,sensor.ikea_energy_meter_8_airfryer_current_2
ikea_energy_meter_8_airfryer_energy,sensor,sensor.ikea_energy_meter_8_airfryer_energy
ikea_energy_meter_8_airfryer_energy_2,sensor,sensor.ikea_energy_meter_8_airfryer_energy_2
ikea_energy_meter_8_airfryer_power,sensor,sensor.ikea_energy_meter_8_airfryer_power
ikea_energy_meter_8_airfryer_power_2,sensor,sensor.ikea_energy_meter_8_airfryer_power_2
ikea_energy_meter_8_airfryer_voltage,sensor,sensor.ikea_energy_meter_8_airfryer_voltage
ikea_energy_meter_8_airfryer_voltage_2,sensor,sensor.ikea_energy_meter_8_airfryer_voltage_2
ikea_energy_meter_9_plafond_verwarming_current,sensor,sensor.ikea_energy_meter_9_plafond_verwarming_current
ikea_energy_meter_9_plafond_verwarming_current_2,sensor,sensor.ikea_energy_meter_9_plafond_verwarming_current_2
ikea_energy_meter_9_plafond_verwarming_energy,sensor,sensor.ikea_energy_meter_9_plafond_verwarming_energy
ikea_energy_meter_9_plafond_verwarming_energy_2,sensor,sensor.ikea_energy_meter_9_plafond_verwarming_energy_2
ikea_energy_meter_9_plafond_verwarming_power,sensor,sensor.ikea_energy_meter_9_plafond_verwarming_power
ikea_energy_meter_9_plafond_verwarming_power_2,sensor,sensor.ikea_energy_meter_9_plafond_verwarming_power_2
ikea_energy_meter_9_plafond_verwarming_voltage,sensor,sensor.ikea_energy_meter_9_plafond_verwarming_voltage
ikea_energy_meter_9_plafond_verwarming_voltage_2,sensor,sensor.ikea_energy_meter_9_plafond_verwarming_voltage_2
ikea_of_sweden_inspelning_smart_plug_current,sensor,sensor.ikea_of_sweden_inspelning_smart_plug_current
ikea_of_sweden_inspelning_smart_plug_power,sensor,sensor.ikea_of_sweden_inspelning_smart_plug_power
ikea_of_sweden_inspelning_smart_plug_summation_delivered,sensor,sensor.ikea_of_sweden_inspelning_smart_plug_summation_delivered
ikea_of_sweden_inspelning_smart_plug_voltage,sensor,sensor.ikea_of_sweden_inspelning_smart_plug_voltage
ikea_of_sweden_rodret_dimmer_battery,sensor,sensor.ikea_of_sweden_rodret_dimmer_battery
ikea_of_sweden_rodret_dimmer_lqi,sensor,sensor.ikea_of_sweden_rodret_dimmer_lqi
ikea_of_sweden_rodret_dimmer_rssi,sensor,sensor.ikea_of_sweden_rodret_dimmer_rssi
ikea_parasol_1_battery,sensor,sensor.ikea_parasol_1_battery
ikea_parasol_1_battery_2,sensor,sensor.ikea_parasol_1_battery_2
ikea_parasol_2_battery,sensor,sensor.ikea_parasol_2_battery
ikea_raamsensor_j_d_battery,sensor,sensor.ikea_raamsensor_j_d_battery
ikea_raamsensor_j_d_voltage,sensor,sensor.ikea_raamsensor_j_d_voltage
images,sensor,sensor.images
input_booleans,sensor,sensor.input_booleans
input_buttons,sensor,sensor.input_buttons
input_datetimes,sensor,sensor.input_datetimes
input_numbers,sensor,sensor.input_numbers
input_selects,sensor,sensor.input_selects
input_texts,sensor,sensor.input_texts
integrations,sensor,sensor.integrations
inverter_122403000786,sensor,sensor.inverter_122403000786
inverter_122403000786_ac_current,sensor,sensor.inverter_122403000786_ac_current
inverter_122403000786_ac_frequency,sensor,sensor.inverter_122403000786_ac_frequency
inverter_122403000786_ac_voltage,sensor,sensor.inverter_122403000786_ac_voltage
inverter_122403000786_dc_current,sensor,sensor.inverter_122403000786_dc_current
inverter_122403000786_dc_voltage,sensor,sensor.inverter_122403000786_dc_voltage
inverter_122403000786_last_reading_interval,sensor,sensor.inverter_122403000786_last_reading_interval
inverter_122403000786_lifetime_energy_production,sensor,sensor.inverter_122403000786_lifetime_energy_production
inverter_122403000786_max_reported_production,sensor,sensor.inverter_122403000786_max_reported_production
inverter_122403000786_power_conversion_error_cycles,sensor,sensor.inverter_122403000786_power_conversion_error_cycles
inverter_122403000786_power_conversion_error_seconds,sensor,sensor.inverter_122403000786_power_conversion_error_seconds
inverter_122403000786_production,sensor,sensor.inverter_122403000786_production
inverter_122403000786_temperature,sensor,sensor.inverter_122403000786_temperature
inverter_122403000786_this_week_s_energy_production,sensor,sensor.inverter_122403000786_this_week_s_energy_production
inverter_122403000786_today_s_energy_production,sensor,sensor.inverter_122403000786_today_s_energy_production
inverter_122403000786_yesterday_s_energy_production,sensor,sensor.inverter_122403000786_yesterday_s_energy_production
inverter_122403011963,sensor,sensor.inverter_122403011963
inverter_122403011963_ac_current,sensor,sensor.inverter_122403011963_ac_current
inverter_122403011963_ac_frequency,sensor,sensor.inverter_122403011963_ac_frequency
inverter_122403011963_ac_voltage,sensor,sensor.inverter_122403011963_ac_voltage
inverter_122403011963_dc_current,sensor,sensor.inverter_122403011963_dc_current
inverter_122403011963_dc_voltage,sensor,sensor.inverter_122403011963_dc_voltage
inverter_122403011963_last_reading_interval,sensor,sensor.inverter_122403011963_last_reading_interval
inverter_122403011963_lifetime_energy_production,sensor,sensor.inverter_122403011963_lifetime_energy_production
inverter_122403011963_max_reported_production,sensor,sensor.inverter_122403011963_max_reported_production
inverter_122403011963_power_conversion_error_cycles,sensor,sensor.inverter_122403011963_power_conversion_error_cycles
inverter_122403011963_power_conversion_error_seconds,sensor,sensor.inverter_122403011963_power_conversion_error_seconds
inverter_122403011963_production,sensor,sensor.inverter_122403011963_production
inverter_122403011963_temperature,sensor,sensor.inverter_122403011963_temperature
inverter_122403011963_this_week_s_energy_production,sensor,sensor.inverter_122403011963_this_week_s_energy_production
inverter_122403011963_today_s_energy_production,sensor,sensor.inverter_122403011963_today_s_energy_production
inverter_122403011963_yesterday_s_energy_production,sensor,sensor.inverter_122403011963_yesterday_s_energy_production
inverter_122403013390,sensor,sensor.inverter_122403013390
inverter_122403013390_ac_current,sensor,sensor.inverter_122403013390_ac_current
inverter_122403013390_ac_frequency,sensor,sensor.inverter_122403013390_ac_frequency
inverter_122403013390_ac_voltage,sensor,sensor.inverter_122403013390_ac_voltage
inverter_122403013390_dc_current,sensor,sensor.inverter_122403013390_dc_current
inverter_122403013390_dc_voltage,sensor,sensor.inverter_122403013390_dc_voltage
inverter_122403013390_last_reading_interval,sensor,sensor.inverter_122403013390_last_reading_interval
inverter_122403013390_lifetime_energy_production,sensor,sensor.inverter_122403013390_lifetime_energy_production
inverter_122403013390_max_reported_production,sensor,sensor.inverter_122403013390_max_reported_production
inverter_122403013390_power_conversion_error_cycles,sensor,sensor.inverter_122403013390_power_conversion_error_cycles
inverter_122403013390_power_conversion_error_seconds,sensor,sensor.inverter_122403013390_power_conversion_error_seconds
inverter_122403013390_production,sensor,sensor.inverter_122403013390_production
inverter_122403013390_temperature,sensor,sensor.inverter_122403013390_temperature
inverter_122403013390_this_week_s_energy_production,sensor,sensor.inverter_122403013390_this_week_s_energy_production
inverter_122403013390_today_s_energy_production,sensor,sensor.inverter_122403013390_today_s_energy_production
inverter_122403013390_yesterday_s_energy_production,sensor,sensor.inverter_122403013390_yesterday_s_energy_production
inverter_122403013624,sensor,sensor.inverter_122403013624
inverter_122403013624_ac_current,sensor,sensor.inverter_122403013624_ac_current
inverter_122403013624_ac_frequency,sensor,sensor.inverter_122403013624_ac_frequency
inverter_122403013624_ac_voltage,sensor,sensor.inverter_122403013624_ac_voltage
inverter_122403013624_dc_current,sensor,sensor.inverter_122403013624_dc_current
inverter_122403013624_dc_voltage,sensor,sensor.inverter_122403013624_dc_voltage
inverter_122403013624_last_reading_interval,sensor,sensor.inverter_122403013624_last_reading_interval
inverter_122403013624_lifetime_energy_production,sensor,sensor.inverter_122403013624_lifetime_energy_production
inverter_122403013624_max_reported_production,sensor,sensor.inverter_122403013624_max_reported_production
inverter_122403013624_power_conversion_error_cycles,sensor,sensor.inverter_122403013624_power_conversion_error_cycles
inverter_122403013624_power_conversion_error_seconds,sensor,sensor.inverter_122403013624_power_conversion_error_seconds
inverter_122403013624_production,sensor,sensor.inverter_122403013624_production
inverter_122403013624_temperature,sensor,sensor.inverter_122403013624_temperature
inverter_122403013624_this_week_s_energy_production,sensor,sensor.inverter_122403013624_this_week_s_energy_production
inverter_122403013624_today_s_energy_production,sensor,sensor.inverter_122403013624_today_s_energy_production
inverter_122403013624_yesterday_s_energy_production,sensor,sensor.inverter_122403013624_yesterday_s_energy_production
inverter_122403017296,sensor,sensor.inverter_122403017296
inverter_122403017296_ac_current,sensor,sensor.inverter_122403017296_ac_current
inverter_122403017296_ac_frequency,sensor,sensor.inverter_122403017296_ac_frequency
inverter_122403017296_ac_voltage,sensor,sensor.inverter_122403017296_ac_voltage
inverter_122403017296_dc_current,sensor,sensor.inverter_122403017296_dc_current
inverter_122403017296_dc_voltage,sensor,sensor.inverter_122403017296_dc_voltage
inverter_122403017296_last_reading_interval,sensor,sensor.inverter_122403017296_last_reading_interval
inverter_122403017296_lifetime_energy_production,sensor,sensor.inverter_122403017296_lifetime_energy_production
inverter_122403017296_max_reported_production,sensor,sensor.inverter_122403017296_max_reported_production
inverter_122403017296_power_conversion_error_cycles,sensor,sensor.inverter_122403017296_power_conversion_error_cycles
inverter_122403017296_power_conversion_error_seconds,sensor,sensor.inverter_122403017296_power_conversion_error_seconds
inverter_122403017296_production,sensor,sensor.inverter_122403017296_production
inverter_122403017296_temperature,sensor,sensor.inverter_122403017296_temperature
inverter_122403017296_this_week_s_energy_production,sensor,sensor.inverter_122403017296_this_week_s_energy_production
inverter_122403017296_today_s_energy_production,sensor,sensor.inverter_122403017296_today_s_energy_production
inverter_122403017296_yesterday_s_energy_production,sensor,sensor.inverter_122403017296_yesterday_s_energy_production
inverter_122403017303,sensor,sensor.inverter_122403017303
inverter_122403017303_ac_current,sensor,sensor.inverter_122403017303_ac_current
inverter_122403017303_ac_frequency,sensor,sensor.inverter_122403017303_ac_frequency
inverter_122403017303_ac_voltage,sensor,sensor.inverter_122403017303_ac_voltage
inverter_122403017303_dc_current,sensor,sensor.inverter_122403017303_dc_current
inverter_122403017303_dc_voltage,sensor,sensor.inverter_122403017303_dc_voltage
inverter_122403017303_last_reading_interval,sensor,sensor.inverter_122403017303_last_reading_interval
inverter_122403017303_lifetime_energy_production,sensor,sensor.inverter_122403017303_lifetime_energy_production
inverter_122403017303_max_reported_production,sensor,sensor.inverter_122403017303_max_reported_production
inverter_122403017303_power_conversion_error_cycles,sensor,sensor.inverter_122403017303_power_conversion_error_cycles
inverter_122403017303_power_conversion_error_seconds,sensor,sensor.inverter_122403017303_power_conversion_error_seconds
inverter_122403017303_production,sensor,sensor.inverter_122403017303_production
inverter_122403017303_temperature,sensor,sensor.inverter_122403017303_temperature
inverter_122403017303_this_week_s_energy_production,sensor,sensor.inverter_122403017303_this_week_s_energy_production
inverter_122403017303_today_s_energy_production,sensor,sensor.inverter_122403017303_today_s_energy_production
inverter_122403017303_yesterday_s_energy_production,sensor,sensor.inverter_122403017303_yesterday_s_energy_production
inverter_122403017394,sensor,sensor.inverter_122403017394
inverter_122403017394_ac_current,sensor,sensor.inverter_122403017394_ac_current
inverter_122403017394_ac_frequency,sensor,sensor.inverter_122403017394_ac_frequency
inverter_122403017394_ac_voltage,sensor,sensor.inverter_122403017394_ac_voltage
inverter_122403017394_dc_current,sensor,sensor.inverter_122403017394_dc_current
inverter_122403017394_dc_voltage,sensor,sensor.inverter_122403017394_dc_voltage
inverter_122403017394_last_reading_interval,sensor,sensor.inverter_122403017394_last_reading_interval
inverter_122403017394_lifetime_energy_production,sensor,sensor.inverter_122403017394_lifetime_energy_production
inverter_122403017394_max_reported_production,sensor,sensor.inverter_122403017394_max_reported_production
inverter_122403017394_power_conversion_error_cycles,sensor,sensor.inverter_122403017394_power_conversion_error_cycles
inverter_122403017394_power_conversion_error_seconds,sensor,sensor.inverter_122403017394_power_conversion_error_seconds
inverter_122403017394_production,sensor,sensor.inverter_122403017394_production
inverter_122403017394_temperature,sensor,sensor.inverter_122403017394_temperature
inverter_122403017394_this_week_s_energy_production,sensor,sensor.inverter_122403017394_this_week_s_energy_production
inverter_122403017394_today_s_energy_production,sensor,sensor.inverter_122403017394_today_s_energy_production
inverter_122403017394_yesterday_s_energy_production,sensor,sensor.inverter_122403017394_yesterday_s_energy_production
inverter_122403017400,sensor,sensor.inverter_122403017400
inverter_122403017400_ac_current,sensor,sensor.inverter_122403017400_ac_current
inverter_122403017400_ac_frequency,sensor,sensor.inverter_122403017400_ac_frequency
inverter_122403017400_ac_voltage,sensor,sensor.inverter_122403017400_ac_voltage
inverter_122403017400_dc_current,sensor,sensor.inverter_122403017400_dc_current
inverter_122403017400_dc_voltage,sensor,sensor.inverter_122403017400_dc_voltage
inverter_122403017400_last_reading_interval,sensor,sensor.inverter_122403017400_last_reading_interval
inverter_122403017400_lifetime_energy_production,sensor,sensor.inverter_122403017400_lifetime_energy_production
inverter_122403017400_max_reported_production,sensor,sensor.inverter_122403017400_max_reported_production
inverter_122403017400_power_conversion_error_cycles,sensor,sensor.inverter_122403017400_power_conversion_error_cycles
inverter_122403017400_power_conversion_error_seconds,sensor,sensor.inverter_122403017400_power_conversion_error_seconds
inverter_122403017400_production,sensor,sensor.inverter_122403017400_production
inverter_122403017400_temperature,sensor,sensor.inverter_122403017400_temperature
inverter_122403017400_this_week_s_energy_production,sensor,sensor.inverter_122403017400_this_week_s_energy_production
inverter_122403017400_today_s_energy_production,sensor,sensor.inverter_122403017400_today_s_energy_production
inverter_122403017400_yesterday_s_energy_production,sensor,sensor.inverter_122403017400_yesterday_s_energy_production
inverter_122403017402,sensor,sensor.inverter_122403017402
inverter_122403017402_ac_current,sensor,sensor.inverter_122403017402_ac_current
inverter_122403017402_ac_frequency,sensor,sensor.inverter_122403017402_ac_frequency
inverter_122403017402_ac_voltage,sensor,sensor.inverter_122403017402_ac_voltage
inverter_122403017402_dc_current,sensor,sensor.inverter_122403017402_dc_current
inverter_122403017402_dc_voltage,sensor,sensor.inverter_122403017402_dc_voltage
inverter_122403017402_last_reading_interval,sensor,sensor.inverter_122403017402_last_reading_interval
inverter_122403017402_lifetime_energy_production,sensor,sensor.inverter_122403017402_lifetime_energy_production
inverter_122403017402_max_reported_production,sensor,sensor.inverter_122403017402_max_reported_production
inverter_122403017402_power_conversion_error_cycles,sensor,sensor.inverter_122403017402_power_conversion_error_cycles
inverter_122403017402_power_conversion_error_seconds,sensor,sensor.inverter_122403017402_power_conversion_error_seconds
inverter_122403017402_production,sensor,sensor.inverter_122403017402_production
inverter_122403017402_temperature,sensor,sensor.inverter_122403017402_temperature
inverter_122403017402_this_week_s_energy_production,sensor,sensor.inverter_122403017402_this_week_s_energy_production
inverter_122403017402_today_s_energy_production,sensor,sensor.inverter_122403017402_today_s_energy_production
inverter_122403017402_yesterday_s_energy_production,sensor,sensor.inverter_122403017402_yesterday_s_energy_production
inverter_122403017544,sensor,sensor.inverter_122403017544
inverter_122403017544_ac_current,sensor,sensor.inverter_122403017544_ac_current
inverter_122403017544_ac_frequency,sensor,sensor.inverter_122403017544_ac_frequency
inverter_122403017544_ac_voltage,sensor,sensor.inverter_122403017544_ac_voltage
inverter_122403017544_dc_current,sensor,sensor.inverter_122403017544_dc_current
inverter_122403017544_dc_voltage,sensor,sensor.inverter_122403017544_dc_voltage
inverter_122403017544_last_reading_interval,sensor,sensor.inverter_122403017544_last_reading_interval
inverter_122403017544_lifetime_energy_production,sensor,sensor.inverter_122403017544_lifetime_energy_production
inverter_122403017544_max_reported_production,sensor,sensor.inverter_122403017544_max_reported_production
inverter_122403017544_power_conversion_error_cycles,sensor,sensor.inverter_122403017544_power_conversion_error_cycles
inverter_122403017544_power_conversion_error_seconds,sensor,sensor.inverter_122403017544_power_conversion_error_seconds
inverter_122403017544_production,sensor,sensor.inverter_122403017544_production
inverter_122403017544_temperature,sensor,sensor.inverter_122403017544_temperature
inverter_122403017544_this_week_s_energy_production,sensor,sensor.inverter_122403017544_this_week_s_energy_production
inverter_122403017544_today_s_energy_production,sensor,sensor.inverter_122403017544_today_s_energy_production
inverter_122403017544_yesterday_s_energy_production,sensor,sensor.inverter_122403017544_yesterday_s_energy_production
inverter_122403017575,sensor,sensor.inverter_122403017575
inverter_122403017575_ac_current,sensor,sensor.inverter_122403017575_ac_current
inverter_122403017575_ac_frequency,sensor,sensor.inverter_122403017575_ac_frequency
inverter_122403017575_ac_voltage,sensor,sensor.inverter_122403017575_ac_voltage
inverter_122403017575_dc_current,sensor,sensor.inverter_122403017575_dc_current
inverter_122403017575_dc_voltage,sensor,sensor.inverter_122403017575_dc_voltage
inverter_122403017575_last_reading_interval,sensor,sensor.inverter_122403017575_last_reading_interval
inverter_122403017575_lifetime_energy_production,sensor,sensor.inverter_122403017575_lifetime_energy_production
inverter_122403017575_max_reported_production,sensor,sensor.inverter_122403017575_max_reported_production
inverter_122403017575_power_conversion_error_cycles,sensor,sensor.inverter_122403017575_power_conversion_error_cycles
inverter_122403017575_power_conversion_error_seconds,sensor,sensor.inverter_122403017575_power_conversion_error_seconds
inverter_122403017575_production,sensor,sensor.inverter_122403017575_production
inverter_122403017575_temperature,sensor,sensor.inverter_122403017575_temperature
inverter_122403017575_this_week_s_energy_production,sensor,sensor.inverter_122403017575_this_week_s_energy_production
inverter_122403017575_today_s_energy_production,sensor,sensor.inverter_122403017575_today_s_energy_production
inverter_122403017575_yesterday_s_energy_production,sensor,sensor.inverter_122403017575_yesterday_s_energy_production
inverter_122403017626,sensor,sensor.inverter_122403017626
inverter_122403017626_ac_current,sensor,sensor.inverter_122403017626_ac_current
inverter_122403017626_ac_frequency,sensor,sensor.inverter_122403017626_ac_frequency
inverter_122403017626_ac_voltage,sensor,sensor.inverter_122403017626_ac_voltage
inverter_122403017626_dc_current,sensor,sensor.inverter_122403017626_dc_current
inverter_122403017626_dc_voltage,sensor,sensor.inverter_122403017626_dc_voltage
inverter_122403017626_last_reading_interval,sensor,sensor.inverter_122403017626_last_reading_interval
inverter_122403017626_lifetime_energy_production,sensor,sensor.inverter_122403017626_lifetime_energy_production
inverter_122403017626_max_reported_production,sensor,sensor.inverter_122403017626_max_reported_production
inverter_122403017626_power_conversion_error_cycles,sensor,sensor.inverter_122403017626_power_conversion_error_cycles
inverter_122403017626_power_conversion_error_seconds,sensor,sensor.inverter_122403017626_power_conversion_error_seconds
inverter_122403017626_production,sensor,sensor.inverter_122403017626_production
inverter_122403017626_temperature,sensor,sensor.inverter_122403017626_temperature
inverter_122403017626_this_week_s_energy_production,sensor,sensor.inverter_122403017626_this_week_s_energy_production
inverter_122403017626_today_s_energy_production,sensor,sensor.inverter_122403017626_today_s_energy_production
inverter_122403017626_yesterday_s_energy_production,sensor,sensor.inverter_122403017626_yesterday_s_energy_production
inverter_122403017701,sensor,sensor.inverter_122403017701
inverter_122403017701_ac_current,sensor,sensor.inverter_122403017701_ac_current
inverter_122403017701_ac_frequency,sensor,sensor.inverter_122403017701_ac_frequency
inverter_122403017701_ac_voltage,sensor,sensor.inverter_122403017701_ac_voltage
inverter_122403017701_dc_current,sensor,sensor.inverter_122403017701_dc_current
inverter_122403017701_dc_voltage,sensor,sensor.inverter_122403017701_dc_voltage
inverter_122403017701_last_reading_interval,sensor,sensor.inverter_122403017701_last_reading_interval
inverter_122403017701_lifetime_energy_production,sensor,sensor.inverter_122403017701_lifetime_energy_production
inverter_122403017701_max_reported_production,sensor,sensor.inverter_122403017701_max_reported_production
inverter_122403017701_power_conversion_error_cycles,sensor,sensor.inverter_122403017701_power_conversion_error_cycles
inverter_122403017701_power_conversion_error_seconds,sensor,sensor.inverter_122403017701_power_conversion_error_seconds
inverter_122403017701_production,sensor,sensor.inverter_122403017701_production
inverter_122403017701_temperature,sensor,sensor.inverter_122403017701_temperature
inverter_122403017701_this_week_s_energy_production,sensor,sensor.inverter_122403017701_this_week_s_energy_production
inverter_122403017701_today_s_energy_production,sensor,sensor.inverter_122403017701_today_s_energy_production
inverter_122403017701_yesterday_s_energy_production,sensor,sensor.inverter_122403017701_yesterday_s_energy_production
iq_microinverters_122403000786_lifetime_energy,sensor,sensor.iq_microinverters_122403000786_lifetime_energy
iq_microinverters_122403011963_lifetime_energy,sensor,sensor.iq_microinverters_122403011963_lifetime_energy
iq_microinverters_122403013390_lifetime_energy,sensor,sensor.iq_microinverters_122403013390_lifetime_energy
iq_microinverters_122403013624_lifetime_energy,sensor,sensor.iq_microinverters_122403013624_lifetime_energy
iq_microinverters_122403017296_lifetime_energy,sensor,sensor.iq_microinverters_122403017296_lifetime_energy
iq_microinverters_122403017303_lifetime_energy,sensor,sensor.iq_microinverters_122403017303_lifetime_energy
iq_microinverters_122403017394_lifetime_energy,sensor,sensor.iq_microinverters_122403017394_lifetime_energy
iq_microinverters_122403017400_lifetime_energy,sensor,sensor.iq_microinverters_122403017400_lifetime_energy
iq_microinverters_122403017402_lifetime_energy,sensor,sensor.iq_microinverters_122403017402_lifetime_energy
iq_microinverters_122403017544_lifetime_energy,sensor,sensor.iq_microinverters_122403017544_lifetime_energy
iq_microinverters_122403017575_lifetime_energy,sensor,sensor.iq_microinverters_122403017575_lifetime_energy
iq_microinverters_122403017626_lifetime_energy,sensor,sensor.iq_microinverters_122403017626_lifetime_energy
iq_microinverters_122403017701_lifetime_energy,sensor,sensor.iq_microinverters_122403017701_lifetime_energy
iq_microinverters_active_microinverters,sensor,sensor.iq_microinverters_active_microinverters
issues,sensor,sensor.issues
julius_smartphone_battery_level,sensor,sensor.julius_smartphone_battery_level
julius_smartphone_s20kleinsensenl_is_new,sensor,sensor.julius_smartphone_s20kleinsensenl_is_new
julius_tabletkleinsensenl_is_new,sensor,sensor.julius_tabletkleinsensenl_is_new
keuken_aanrechtlicht_battery,sensor,sensor.keuken_aanrechtlicht_battery
keuken_aanrechtlicht_voltage,sensor,sensor.keuken_aanrechtlicht_voltage
keuken_vaatwasser_energy_total,sensor,sensor.keuken_vaatwasser_energy_total
keuken_vaatwasser_profile_eco_express_count,sensor,sensor.keuken_vaatwasser_profile_eco_express_count
keukenlicht_battery,sensor,sensor.keukenlicht_battery
keukenlicht_voltage,sensor,sensor.keukenlicht_voltage
kia_ev3kleinsensenl_is_new,sensor,sensor.kia_ev3kleinsensenl_is_new
kleinblinkkleinsensenl_is_new,sensor,sensor.kleinblinkkleinsensenl_is_new
kleinboilkleinsensenl_is_new,sensor,sensor.kleinboilkleinsensenl_is_new
kleinbroad_humidity,sensor,sensor.kleinbroad_humidity
kleinbroad_temperature,sensor,sensor.kleinbroad_temperature
kleincastkleinsensenl_is_new,sensor,sensor.kleincastkleinsensenl_is_new
kleinfloorkleinsensenl_is_new,sensor,sensor.kleinfloorkleinsensenl_is_new
kleingen_recording_capacity,sensor,sensor.kleingen_recording_capacity
kleingen_storage_utilization,sensor,sensor.kleingen_storage_utilization
kleingen_type_continuous_video,sensor,sensor.kleingen_type_continuous_video
kleingen_type_detections_video,sensor,sensor.kleingen_type_detections_video
kleingen_type_timelapse_video,sensor,sensor.kleingen_type_timelapse_video
kleinhome_outdoor_temperature,sensor,sensor.kleinhome_outdoor_temperature
kleinhome_solar_percentage,sensor,sensor.kleinhome_solar_percentage
kleinlesskleinnet_is_new,sensor,sensor.kleinlesskleinnet_is_new
kleinlink_slaapkamerkleinsensenl_is_new,sensor,sensor.kleinlink_slaapkamerkleinsensenl_is_new
kleinmetwokleinsensenl_is_new,sensor,sensor.kleinmetwokleinsensenl_is_new
kleinnext_cpu_load_average_15_min,sensor,sensor.kleinnext_cpu_load_average_15_min
kleinnext_cpu_load_average_5_min,sensor,sensor.kleinnext_cpu_load_average_5_min
kleinnext_cpu_utilization_total,sensor,sensor.kleinnext_cpu_utilization_total
kleinnext_cpu_utilization_user,sensor,sensor.kleinnext_cpu_utilization_user
kleinnext_download_throughput,sensor,sensor.kleinnext_download_throughput
kleinnext_drive_1_temperature,sensor,sensor.kleinnext_drive_1_temperature
kleinnext_drive_2_temperature,sensor,sensor.kleinnext_drive_2_temperature
kleinnext_memory_available_real,sensor,sensor.kleinnext_memory_available_real
kleinnext_memory_available_swap,sensor,sensor.kleinnext_memory_available_swap
kleinnext_memory_total_real,sensor,sensor.kleinnext_memory_total_real
kleinnext_memory_total_swap,sensor,sensor.kleinnext_memory_total_swap
kleinnext_memory_usage_real,sensor,sensor.kleinnext_memory_usage_real
kleinnext_temperature,sensor,sensor.kleinnext_temperature
kleinnext_upload_throughput,sensor,sensor.kleinnext_upload_throughput
kleinnext_volume_1_average_disk_temp,sensor,sensor.kleinnext_volume_1_average_disk_temp
kleinnext_volume_1_used_space,sensor,sensor.kleinnext_volume_1_used_space
kleinnext_volume_1_volume_used,sensor,sensor.kleinnext_volume_1_volume_used
kleinnotifier_default_media_players,sensor,sensor.kleinnotifier_default_media_players
kleinnotifier_family,sensor,sensor.kleinnotifier_family
kleinnotifier_volume,sensor,sensor.kleinnotifier_volume
kleinpaal_last_session,sensor,sensor.kleinpaal_last_session
kleinpaal_lifetime_energy,sensor,sensor.kleinpaal_lifetime_energy
kleinpaal_power,sensor,sensor.kleinpaal_power
kleinpaal_set_amps,sensor,sensor.kleinpaal_set_amps
kleinpaal_wifikleinsensenl_is_new,sensor,sensor.kleinpaal_wifikleinsensenl_is_new
kleinpaal_wifikleinsensenl_is_new_2,sensor,sensor.kleinpaal_wifikleinsensenl_is_new_2
kleinroofkleinsensenl_is_new,sensor,sensor.kleinroofkleinsensenl_is_new
kleinsensekleinsensenl_is_new,sensor,sensor.kleinsensekleinsensenl_is_new
kleinshedkleinsensenl_is_new,sensor,sensor.kleinshedkleinsensenl_is_new
kleinspy1_veranda_disk_write_rate,sensor,sensor.kleinspy1_veranda_disk_write_rate
kleinspy1_veranda_microphone_level,sensor,sensor.kleinspy1_veranda_microphone_level
kleinspy1_veranda_storage_used,sensor,sensor.kleinspy1_veranda_storage_used
kleinspy1kleinsensenl_is_new,sensor,sensor.kleinspy1kleinsensenl_is_new
kleinspy2_voordeur_disk_write_rate,sensor,sensor.kleinspy2_voordeur_disk_write_rate
kleinspy2_voordeur_microphone_level,sensor,sensor.kleinspy2_voordeur_microphone_level
kleinspy2_voordeur_storage_used,sensor,sensor.kleinspy2_voordeur_storage_used
kleinspy2kleinsensenl_is_new,sensor,sensor.kleinspy2kleinsensenl_is_new
kleinswitch_3kleinnet_is_new,sensor,sensor.kleinswitch_3kleinnet_is_new
kleinswitch_5kleinnet_is_new,sensor,sensor.kleinswitch_5kleinnet_is_new
kleinswitch_6kleinnet_is_new,sensor,sensor.kleinswitch_6kleinnet_is_new
kleintab_battery_level,sensor,sensor.kleintab_battery_level
kleintabkleinsensenl_is_new,sensor,sensor.kleintabkleinsensenl_is_new
kleintv_deltaenergy,sensor,sensor.kleintv_deltaenergy
kleintv_energy,sensor,sensor.kleintv_energy
kleintv_energysaved,sensor,sensor.kleintv_energysaved
kleintv_power,sensor,sensor.kleintv_power
kleintv_powerenergy,sensor,sensor.kleintv_powerenergy
kleintv_tv_channel,sensor,sensor.kleintv_tv_channel
kleintv_wirelesskleinsensenl_is_new,sensor,sensor.kleintv_wirelesskleinsensenl_is_new
kleinunifikleinsensenl_is_new,sensor,sensor.kleinunifikleinsensenl_is_new
kleinwizardkleinsensenl_is_new,sensor,sensor.kleinwizardkleinsensenl_is_new
knop_badkamer_ir_slaapkamer_battery,sensor,sensor.knop_badkamer_ir_slaapkamer_battery
knop_badkamer_ir_slaapkamer_battery_2,sensor,sensor.knop_badkamer_ir_slaapkamer_battery_2
laadpaal_current_power,sensor,sensor.laadpaal_current_power
laadpaal_cycle_count,sensor,sensor.laadpaal_cycle_count
laadpaal_elapsed_time,sensor,sensor.laadpaal_elapsed_time
laadpaal_program,sensor,sensor.laadpaal_program
laadpaal_progress,sensor,sensor.laadpaal_progress
laadpaal_state,sensor,sensor.laadpaal_state
laadpaal_suggested_settings_available,sensor,sensor.laadpaal_suggested_settings_available
lichtsensor_j_d_battery,sensor,sensor.lichtsensor_j_d_battery
lichtsensor_j_d_battery_2,sensor,sensor.lichtsensor_j_d_battery_2
lichtsensor_j_d_illuminance_2,sensor,sensor.lichtsensor_j_d_illuminance_2
lichtsensor_j_d_voltage_2,sensor,sensor.lichtsensor_j_d_voltage_2
light_sensor_kleintv_brightness_intensity,sensor,sensor.light_sensor_kleintv_brightness_intensity
light_sensor_kleintv_illuminance,sensor,sensor.light_sensor_kleintv_illuminance
lights,sensor,sensor.lights
locks,sensor,sensor.locks
lynk_covehicle395_b2d5_estimated_distance,sensor,sensor.lynk_covehicle395_b2d5_estimated_distance
matter_server_cpu_percent,sensor,sensor.matter_server_cpu_percent
matter_server_memory_percent,sensor,sensor.matter_server_memory_percent
media_players,sensor,sensor.media_players
mobiel_darius_smartphone_battery_level,sensor,sensor.mobiel_darius_smartphone_battery_level
mobiel_darius_smartphone_darius_s25_battery_level,sensor,sensor.mobiel_darius_smartphone_darius_s25_battery_level
mobiel_julius_smartphone_battery_level,sensor,sensor.mobiel_julius_smartphone_battery_level
mobiel_rolien_smartphone_prive_battery_level,sensor,sensor.mobiel_rolien_smartphone_prive_battery_level
mobiel_rolien_smartphone_werk_battery_level,sensor,sensor.mobiel_rolien_smartphone_werk_battery_level
mobiel_rudi_local_ip_battery_level,sensor,sensor.mobiel_rudi_local_ip_battery_level
mobiel_rudi_smartphone_battery_level,sensor,sensor.mobiel_rudi_smartphone_battery_level
mobiel_rudi_smartphone_rudiphone55_battery_level,sensor,sensor.mobiel_rudi_smartphone_rudiphone55_battery_level
mobiel_rudi_smartwatch_battery_level,sensor,sensor.mobiel_rudi_smartwatch_battery_level
mobiel_rudi_tablet_battery_level,sensor,sensor.mobiel_rudi_tablet_battery_level
mobiel_rudiphone55_battery_level,sensor,sensor.mobiel_rudiphone55_battery_level
myggbett_door_window_sensor_battery,sensor,sensor.myggbett_door_window_sensor_battery
myggbett_door_window_sensor_battery_2,sensor,sensor.myggbett_door_window_sensor_battery_2
myggbett_door_window_sensor_battery_3,sensor,sensor.myggbett_door_window_sensor_battery_3
myggbett_door_window_sensor_battery_4,sensor,sensor.myggbett_door_window_sensor_battery_4
myggbett_door_window_sensor_battery_5,sensor,sensor.myggbett_door_window_sensor_battery_5
myggbett_door_window_sensor_battery_voltage,sensor,sensor.myggbett_door_window_sensor_battery_voltage
myggbett_door_window_sensor_battery_voltage_2,sensor,sensor.myggbett_door_window_sensor_battery_voltage_2
myggbett_door_window_sensor_battery_voltage_3,sensor,sensor.myggbett_door_window_sensor_battery_voltage_3
myggbett_door_window_sensor_battery_voltage_4,sensor,sensor.myggbett_door_window_sensor_battery_voltage_4
myggbett_door_window_sensor_battery_voltage_5,sensor,sensor.myggbett_door_window_sensor_battery_voltage_5
netalertx_all,sensor,sensor.netalertx_all
netalertx_archived,sensor,sensor.netalertx_archived
netalertx_down,sensor,sensor.netalertx_down
netalertx_new,sensor,sensor.netalertx_new
netalertx_online,sensor,sensor.netalertx_online
netalertx_unknown,sensor,sensor.netalertx_unknown
numbers,sensor,sensor.numbers
observerhassio_is_new,sensor,sensor.observerhassio_is_new
observerhassio_is_new_2,sensor,sensor.observerhassio_is_new_2
observerhassio_is_new_3,sensor,sensor.observerhassio_is_new_3
observerhassio_is_new_4,sensor,sensor.observerhassio_is_new_4
observerhassio_is_new_5,sensor,sensor.observerhassio_is_new_5
oude_schuur_accusaver_energy_period,sensor,sensor.oude_schuur_accusaver_energy_period
p1_meter_active_current_phase_1,sensor,sensor.p1_meter_active_current_phase_1
p1_meter_active_current_phase_2,sensor,sensor.p1_meter_active_current_phase_2
p1_meter_active_current_phase_3,sensor,sensor.p1_meter_active_current_phase_3
p1_meter_active_power,sensor,sensor.p1_meter_active_power
p1_meter_active_power_phase_1,sensor,sensor.p1_meter_active_power_phase_1
p1_meter_active_power_phase_2,sensor,sensor.p1_meter_active_power_phase_2
p1_meter_active_power_phase_3,sensor,sensor.p1_meter_active_power_phase_3
p1_meter_active_tariff,sensor,sensor.p1_meter_active_tariff
p1_meter_active_voltage_phase_1,sensor,sensor.p1_meter_active_voltage_phase_1
p1_meter_active_voltage_phase_2,sensor,sensor.p1_meter_active_voltage_phase_2
p1_meter_active_voltage_phase_3,sensor,sensor.p1_meter_active_voltage_phase_3
p1_meter_current,sensor,sensor.p1_meter_current
p1_meter_dsmr_version,sensor,sensor.p1_meter_dsmr_version
p1_meter_long_power_failures_detected,sensor,sensor.p1_meter_long_power_failures_detected
p1_meter_power_failures_detected,sensor,sensor.p1_meter_power_failures_detected
p1_meter_total_power_export,sensor,sensor.p1_meter_total_power_export
p1_meter_total_power_export_compensation,sensor,sensor.p1_meter_total_power_export_compensation
p1_meter_total_power_export_tariff_1,sensor,sensor.p1_meter_total_power_export_tariff_1
p1_meter_total_power_export_tariff_2,sensor,sensor.p1_meter_total_power_export_tariff_2
p1_meter_total_power_import,sensor,sensor.p1_meter_total_power_import
p1_meter_total_power_import_tariff_1,sensor,sensor.p1_meter_total_power_import_tariff_1
p1_meter_total_power_import_tariff_2,sensor,sensor.p1_meter_total_power_import_tariff_2
p1_meter_voltage_sags_detected_phase_1,sensor,sensor.p1_meter_voltage_sags_detected_phase_1
p1_meter_voltage_sags_detected_phase_2,sensor,sensor.p1_meter_voltage_sags_detected_phase_2
p1_meter_voltage_sags_detected_phase_3,sensor,sensor.p1_meter_voltage_sags_detected_phase_3
p1_meter_voltage_swells_detected_phase_1,sensor,sensor.p1_meter_voltage_swells_detected_phase_1
p1_meter_voltage_swells_detected_phase_2,sensor,sensor.p1_meter_voltage_swells_detected_phase_2
p1_meter_voltage_swells_detected_phase_3,sensor,sensor.p1_meter_voltage_swells_detected_phase_3
p1_meter_wi_fi_strength,sensor,sensor.p1_meter_wi_fi_strength
persistent_notifications,sensor,sensor.persistent_notifications
persons,sensor,sensor.persons
poort_bewegingssensor_battery,sensor,sensor.poort_bewegingssensor_battery
poort_bewegingssensor_battery_2,sensor,sensor.poort_bewegingssensor_battery_2
power_production_now_2,sensor,sensor.power_production_now_2
power_production_now_3,sensor,sensor.power_production_now_3
power_production_now_4,sensor,sensor.power_production_now_4
q_relay_q_relay_inventory,sensor,sensor.q_relay_q_relay_inventory
red_robin_battery,sensor,sensor.red_robin_battery
red_robin_humidity,sensor,sensor.red_robin_humidity
red_robin_soil_moisture,sensor,sensor.red_robin_soil_moisture
red_robin_temperature,sensor,sensor.red_robin_temperature
red_robin_voortuin_air_humidity,sensor,sensor.red_robin_voortuin_air_humidity
red_robin_voortuin_soil_moisture,sensor,sensor.red_robin_voortuin_soil_moisture
red_robin_voortuin_soil_temperature,sensor,sensor.red_robin_voortuin_soil_temperature
red_robin_voortuin_temperature,sensor,sensor.red_robin_voortuin_temperature
red_robin_voortuin_vapour_pressure_deficit,sensor,sensor.red_robin_voortuin_vapour_pressure_deficit
relay_122315065630_frequency,sensor,sensor.relay_122315065630_frequency
relay_122315065630_state_change_count,sensor,sensor.relay_122315065630_state_change_count
relay_122315065630_temperature,sensor,sensor.relay_122315065630_temperature
relay_122315065630_voltage_l1,sensor,sensor.relay_122315065630_voltage_l1
relay_122315065630_voltage_l2,sensor,sensor.relay_122315065630_voltage_l2
relay_122315065630_voltage_l3,sensor,sensor.relay_122315065630_voltage_l3
remotes,sensor,sensor.remotes
rfx10meter_b4_update_time,sensor,sensor.rfx10meter_b4_update_time
rolien_bureau_t_h_battery,sensor,sensor.rolien_bureau_t_h_battery
rolien_bureau_t_h_battery_2,sensor,sensor.rolien_bureau_t_h_battery_2
rolien_bureau_t_h_humidity,sensor,sensor.rolien_bureau_t_h_humidity
rolien_bureau_t_h_humidity_2,sensor,sensor.rolien_bureau_t_h_humidity_2
rolien_bureau_t_h_pressure,sensor,sensor.rolien_bureau_t_h_pressure
rolien_bureau_t_h_pressure_2,sensor,sensor.rolien_bureau_t_h_pressure_2
rolien_bureau_t_h_temperature,sensor,sensor.rolien_bureau_t_h_temperature
rolien_bureau_t_h_temperature_2,sensor,sensor.rolien_bureau_t_h_temperature_2
rolien_bureau_t_h_voltage_2,sensor,sensor.rolien_bureau_t_h_voltage_2
rolien_knop_battery,sensor,sensor.rolien_knop_battery
rolien_knop_battery_2,sensor,sensor.rolien_knop_battery_2
rolien_phone_werkkleinsensenl_is_new,sensor,sensor.rolien_phone_werkkleinsensenl_is_new
rolien_s_s20_fekleinsensenl_is_new,sensor,sensor.rolien_s_s20_fekleinsensenl_is_new
rolien_werk_battery_level,sensor,sensor.rolien_werk_battery_level
rolluik_knop_j_d_battery,sensor,sensor.rolluik_knop_j_d_battery
rolluik_knop_j_d_battery_2,sensor,sensor.rolluik_knop_j_d_battery_2
rolluik_knop_r_r_battery,sensor,sensor.rolluik_knop_r_r_battery
rolluik_knop_r_r_battery_2,sensor,sensor.rolluik_knop_r_r_battery_2
rudi_klein_disk_available,sensor,sensor.rudi_klein_disk_available
rudi_klein_disk_size,sensor,sensor.rudi_klein_disk_size
rudi_klein_disk_usage,sensor,sensor.rudi_klein_disk_usage
rudi_klein_disk_used,sensor,sensor.rudi_klein_disk_used
rudi_klein_disk_used_by_photos,sensor,sensor.rudi_klein_disk_used_by_photos
rudi_klein_disk_used_by_videos,sensor,sensor.rudi_klein_disk_used_by_videos
rudi_klein_photos_count,sensor,sensor.rudi_klein_photos_count
rudi_klein_videos_count,sensor,sensor.rudi_klein_videos_count
rudi_knop_battery,sensor,sensor.rudi_knop_battery
rudi_knop_battery_2,sensor,sensor.rudi_knop_battery_2
rudi_local_ip_battery_level,sensor,sensor.rudi_local_ip_battery_level
rudi_smartphone_battery_level,sensor,sensor.rudi_smartphone_battery_level
rudiphone55_battery_level,sensor,sensor.rudiphone55_battery_level
rudiplus_battery_level,sensor,sensor.rudiplus_battery_level
samsung_darius_battery_level,sensor,sensor.samsung_darius_battery_level
sbd97bc18c929493fc_057e_estimated_distance,sensor,sensor.sbd97bc18c929493fc_057e_estimated_distance
scenes,sensor,sensor.scenes
scripts,sensor,sensor.scripts
selects,sensor,sensor.selects
sensors,sensor,sensor.sensors
sirens,sensor,sensor.sirens
site_5850163_battery_active_microinverters,sensor,sensor.site_5850163_battery_active_microinverters
site_5850163_battery_available_energy,sensor,sensor.site_5850163_battery_available_energy
site_5850163_battery_available_power,sensor,sensor.site_5850163_battery_available_power
slaapkamer_j_d_temp_battery,sensor,sensor.slaapkamer_j_d_temp_battery
slaapkamer_j_d_temp_battery_2,sensor,sensor.slaapkamer_j_d_temp_battery_2
slaapkamer_j_d_temp_humidity,sensor,sensor.slaapkamer_j_d_temp_humidity
slaapkamer_j_d_temp_humidity_2,sensor,sensor.slaapkamer_j_d_temp_humidity_2
slaapkamer_j_d_temp_pressure,sensor,sensor.slaapkamer_j_d_temp_pressure
slaapkamer_j_d_temp_pressure_2,sensor,sensor.slaapkamer_j_d_temp_pressure_2
slaapkamer_j_d_temp_temperature,sensor,sensor.slaapkamer_j_d_temp_temperature
slaapkamer_j_d_temp_temperature_2,sensor,sensor.slaapkamer_j_d_temp_temperature_2
slaapkamer_j_d_temp_voltage_2,sensor,sensor.slaapkamer_j_d_temp_voltage_2
slaapkamer_raamsensor_j_d_battery,sensor,sensor.slaapkamer_raamsensor_j_d_battery
slaapkamer_raamsensor_r_r_battery,sensor,sensor.slaapkamer_raamsensor_r_r_battery
slaapkamerraam_r_r_battery,sensor,sensor.slaapkamerraam_r_r_battery
slaapkamerraam_r_r_battery_voltage,sensor,sensor.slaapkamerraam_r_r_battery_voltage
slaapkamerraam_rr_battery,sensor,sensor.slaapkamerraam_rr_battery
slaapkamerraam_rr_battery_voltage,sensor,sensor.slaapkamerraam_rr_battery_voltage
sm_g780f_battery_level,sensor,sensor.sm_g780f_battery_level
sm_x200_battery_level,sensor,sensor.sm_x200_battery_level
stt,sensor,sensor.stt
sun_solar_azimuth,sensor,sensor.sun_solar_azimuth
sun_solar_elevation,sensor,sensor.sun_solar_elevation
suns,sensor,sensor.suns
supervisor_is_new,sensor,sensor.supervisor_is_new
supervisor_is_new_2,sensor,sensor.supervisor_is_new_2
supervisor_is_new_3,sensor,sensor.supervisor_is_new_3
supervisor_is_new_4,sensor,sensor.supervisor_is_new_4
supervisor_is_new_5,sensor,sensor.supervisor_is_new_5
supervisor_is_new_6,sensor,sensor.supervisor_is_new_6
switches,sensor,sensor.switches
system_ha_global_health_score,sensor,sensor.system_ha_global_health_score
system_monitor_disk_free,sensor,sensor.system_monitor_disk_free
system_monitor_disk_usage,sensor,sensor.system_monitor_disk_usage
system_monitor_disk_use,sensor,sensor.system_monitor_disk_use
system_monitor_disk_use_media,sensor,sensor.system_monitor_disk_use_media
system_monitor_load_15_min,sensor,sensor.system_monitor_load_15_min
system_monitor_load_1_min,sensor,sensor.system_monitor_load_1_min
system_monitor_load_5_min,sensor,sensor.system_monitor_load_5_min
system_monitor_memory_free,sensor,sensor.system_monitor_memory_free
system_monitor_memory_usage,sensor,sensor.system_monitor_memory_usage
system_monitor_memory_use,sensor,sensor.system_monitor_memory_use
system_monitor_network_in_end0,sensor,sensor.system_monitor_network_in_end0
system_monitor_network_throughput_out_hassio,sensor,sensor.system_monitor_network_throughput_out_hassio
system_monitor_network_throughput_out_lo,sensor,sensor.system_monitor_network_throughput_out_lo
system_monitor_processor_temperature,sensor,sensor.system_monitor_processor_temperature
system_monitor_processor_use,sensor,sensor.system_monitor_processor_use
system_monitor_swap_free,sensor,sensor.system_monitor_swap_free
system_monitor_swap_usage,sensor,sensor.system_monitor_swap_usage
system_monitor_swap_use,sensor,sensor.system_monitor_swap_use
tado_smart_thermostat_ru2011441920_current_humidity,sensor,sensor.tado_smart_thermostat_ru2011441920_current_humidity
tado_smart_thermostat_ru2011441920_current_temperature,sensor,sensor.tado_smart_thermostat_ru2011441920_current_temperature
template_energy_kwh_meter_kleinfloor_power,sensor,sensor.template_energy_kwh_meter_kleinfloor_power
template_energy_kwh_meter_kleinshed_energy_export,sensor,sensor.template_energy_kwh_meter_kleinshed_energy_export
template_envoy_122428000926_current_power_production,sensor,sensor.template_envoy_122428000926_current_power_production
texts,sensor,sensor.texts
times,sensor,sensor.times
timmerflotte_temp_hmd_sensor_battery,sensor,sensor.timmerflotte_temp_hmd_sensor_battery
timmerflotte_temp_hmd_sensor_battery_2,sensor,sensor.timmerflotte_temp_hmd_sensor_battery_2
timmerflotte_temp_hmd_sensor_battery_3,sensor,sensor.timmerflotte_temp_hmd_sensor_battery_3
timmerflotte_temp_hmd_sensor_battery_voltage,sensor,sensor.timmerflotte_temp_hmd_sensor_battery_voltage
timmerflotte_temp_hmd_sensor_battery_voltage_2,sensor,sensor.timmerflotte_temp_hmd_sensor_battery_voltage_2
timmerflotte_temp_hmd_sensor_battery_voltage_3,sensor,sensor.timmerflotte_temp_hmd_sensor_battery_voltage_3
timmerflotte_temp_hmd_sensor_humidity,sensor,sensor.timmerflotte_temp_hmd_sensor_humidity
timmerflotte_temp_hmd_sensor_humidity_2,sensor,sensor.timmerflotte_temp_hmd_sensor_humidity_2
timmerflotte_temp_hmd_sensor_humidity_3,sensor,sensor.timmerflotte_temp_hmd_sensor_humidity_3
timmerflotte_temp_hmd_sensor_temperature,sensor,sensor.timmerflotte_temp_hmd_sensor_temperature
timmerflotte_temp_hmd_sensor_temperature_2,sensor,sensor.timmerflotte_temp_hmd_sensor_temperature_2
timmerflotte_temp_hmd_sensor_temperature_3,sensor,sensor.timmerflotte_temp_hmd_sensor_temperature_3
todos,sensor,sensor.todos
total_water_consumption,sensor,sensor.total_water_consumption
trannergy_converterkleinsensenl_is_new,sensor,sensor.trannergy_converterkleinsensenl_is_new
tts,sensor,sensor.tts
tuindeur_battery,sensor,sensor.tuindeur_battery
tuindeur_battery_voltage,sensor,sensor.tuindeur_battery_voltage
tumble_dryer,sensor,sensor.tumble_dryer
tumble_dryer_elapsed_time,sensor,sensor.tumble_dryer_elapsed_time
tumble_dryer_energy_consumption,sensor,sensor.tumble_dryer_energy_consumption
tumble_dryer_energy_forecast,sensor,sensor.tumble_dryer_energy_forecast
tumble_dryer_remaining_time,sensor,sensor.tumble_dryer_remaining_time
tumble_dryer_start_in,sensor,sensor.tumble_dryer_start_in
tv_knop_battery,sensor,sensor.tv_knop_battery
universal_notifier_default_media_players,sensor,sensor.universal_notifier_default_media_players
universal_notifier_family,sensor,sensor.universal_notifier_family
universal_notifier_volume,sensor,sensor.universal_notifier_volume
unknown_ui_humidity,sensor,sensor.unknown_ui_humidity
unknown_ui_temperature,sensor,sensor.unknown_ui_temperature
update,sensor,sensor.update
vaatwasser_current_phase,sensor,sensor.vaatwasser_current_phase
vaatwasser_current_power,sensor,sensor.vaatwasser_current_power
vaatwasser_cycle_count,sensor,sensor.vaatwasser_cycle_count
vaatwasser_elapsed_time,sensor,sensor.vaatwasser_elapsed_time
vaatwasser_profile_eco_express_count,sensor,sensor.vaatwasser_profile_eco_express_count
vaatwasser_profile_eco_standaard_count,sensor,sensor.vaatwasser_profile_eco_standaard_count
vaatwasser_profile_standard_eco_count,sensor,sensor.vaatwasser_profile_standard_eco_count
vaatwasser_program,sensor,sensor.vaatwasser_program
vaatwasser_progress,sensor,sensor.vaatwasser_progress
vaatwasser_state,sensor,sensor.vaatwasser_state
vaatwasser_suggested_settings_available,sensor,sensor.vaatwasser_suggested_settings_available
vaatwasser_time_remaining,sensor,sensor.vaatwasser_time_remaining
vaatwasser_total_duration,sensor,sensor.vaatwasser_total_duration
vacuums,sensor,sensor.vacuums
veranda_bewegingssensor_battery,sensor,sensor.veranda_bewegingssensor_battery
veranda_bewegingssensor_battery_2,sensor,sensor.veranda_bewegingssensor_battery_2
veranda_humidity,sensor,sensor.veranda_humidity
veranda_temperature,sensor,sensor.veranda_temperature
veranda_veranda_tf1_battery,sensor,sensor.veranda_veranda_tf1_battery
veranda_veranda_tf1_battery_voltage,sensor,sensor.veranda_veranda_tf1_battery_voltage
veranda_veranda_tf1_humidity,sensor,sensor.veranda_veranda_tf1_humidity
veranda_veranda_tf1_temperature,sensor,sensor.veranda_veranda_tf1_temperature
veranda_veranda_thermometer_battery,sensor,sensor.veranda_veranda_thermometer_battery
veranda_veranda_thermometer_battery_voltage,sensor,sensor.veranda_veranda_thermometer_battery_voltage
veranda_veranda_thermometer_humidity,sensor,sensor.veranda_veranda_thermometer_humidity
veranda_veranda_thermometer_temperature,sensor,sensor.veranda_veranda_thermometer_temperature
veranda_vijver_ui_humidity,sensor,sensor.veranda_vijver_ui_humidity
veranda_vijver_ui_temperature,sensor,sensor.veranda_vijver_ui_temperature
vijverpompen_linkquality,sensor,sensor.vijverpompen_linkquality
voordeur_battery,sensor,sensor.voordeur_battery
voordeur_battery_voltage,sensor,sensor.voordeur_battery_voltage
voordeur_bewegingssensor_battery,sensor,sensor.voordeur_bewegingssensor_battery
voordeur_beweginssensor_battery,sensor,sensor.voordeur_beweginssensor_battery
washing_machine_current_phase,sensor,sensor.washing_machine_current_phase
washing_machine_current_phase_2,sensor,sensor.washing_machine_current_phase_2
washing_machine_current_power,sensor,sensor.washing_machine_current_power
washing_machine_current_power_2,sensor,sensor.washing_machine_current_power_2
washing_machine_cycle_count,sensor,sensor.washing_machine_cycle_count
washing_machine_cycle_count_2,sensor,sensor.washing_machine_cycle_count_2
washing_machine_elapsed_time,sensor,sensor.washing_machine_elapsed_time
washing_machine_elapsed_time_2,sensor,sensor.washing_machine_elapsed_time_2
washing_machine_profile_standaard_count,sensor,sensor.washing_machine_profile_standaard_count
washing_machine_profile_standaard_was_count,sensor,sensor.washing_machine_profile_standaard_was_count
washing_machine_program,sensor,sensor.washing_machine_program
washing_machine_program_2,sensor,sensor.washing_machine_program_2
washing_machine_progress,sensor,sensor.washing_machine_progress
washing_machine_progress_2,sensor,sensor.washing_machine_progress_2
washing_machine_state,sensor,sensor.washing_machine_state
washing_machine_state_2,sensor,sensor.washing_machine_state_2
washing_machine_suggested_settings_available,sensor,sensor.washing_machine_suggested_settings_available
washing_machine_suggested_settings_available_2,sensor,sensor.washing_machine_suggested_settings_available_2
washing_machine_time_remaining,sensor,sensor.washing_machine_time_remaining
washing_machine_total_duration,sensor,sensor.washing_machine_total_duration
wasmachine_profile_korte_was_count,sensor,sensor.wasmachine_profile_korte_was_count
watchman_ignored_files,sensor,sensor.watchman_ignored_files
watchman_missing_actions,sensor,sensor.watchman_missing_actions
watchman_missing_entities,sensor,sensor.watchman_missing_entities
watchman_parse_duration,sensor,sensor.watchman_parse_duration
watchman_processed_files,sensor,sensor.watchman_processed_files
water_heaters,sensor,sensor.water_heaters
watermeter_active_water_usage,sensor,sensor.watermeter_active_water_usage
watermeter_physical_reading,sensor,sensor.watermeter_physical_reading
watermeter_stand,sensor,sensor.watermeter_stand
watermeter_total_water_usage,sensor,sensor.watermeter_total_water_usage
watermeter_total_water_usage_cost,sensor,sensor.watermeter_total_water_usage_cost
watermeter_virtual_reading,sensor,sensor.watermeter_virtual_reading
watermeter_wi_fi_strength,sensor,sensor.watermeter_wi_fi_strength
watermeterkleinsensenl_is_new,sensor,sensor.watermeterkleinsensenl_is_new
weather,sensor,sensor.weather
woonkamer_klein_tablet_battery_level,sensor,sensor.woonkamer_klein_tablet_battery_level
woonkamer_luchtsensor_humidity,sensor,sensor.woonkamer_luchtsensor_humidity
woonkamer_luchtsensor_humidity_2,sensor,sensor.woonkamer_luchtsensor_humidity_2
woonkamer_luchtsensor_pm25,sensor,sensor.woonkamer_luchtsensor_pm25
woonkamer_luchtsensor_pm25_2,sensor,sensor.woonkamer_luchtsensor_pm25_2
woonkamer_luchtsensor_temperature,sensor,sensor.woonkamer_luchtsensor_temperature
woonkamer_luchtsensor_temperature_2,sensor,sensor.woonkamer_luchtsensor_temperature_2
woonkamer_luchtsensor_voc_index,sensor,sensor.woonkamer_luchtsensor_voc_index
woonkamer_luchtsensor_voc_index_2,sensor,sensor.woonkamer_luchtsensor_voc_index_2
x10sensor_090215_update_time,sensor,sensor.x10sensor_090215_update_time
x10sensor_090226_update_time,sensor,sensor.x10sensor_090226_update_time
zeekrvehicle404_394c_estimated_distance,sensor,sensor.zeekrvehicle404_394c_estimated_distance
zeekrvehicle404_7a8c_estimated_distance,sensor,sensor.zeekrvehicle404_7a8c_estimated_distance
zeekrvehicle404_7d66_estimated_distance,sensor,sensor.zeekrvehicle404_7d66_estimated_distance
zeekrvehicle404_8a26_estimated_distance,sensor,sensor.zeekrvehicle404_8a26_estimated_distance
zolder_climatecontrol_cooling_daily_electrical_consumption,sensor,sensor.zolder_climatecontrol_cooling_daily_electrical_consumption
zolder_climatecontrol_cooling_monthly_electrical_consumption,sensor,sensor.zolder_climatecontrol_cooling_monthly_electrical_consumption
zolder_climatecontrol_cooling_weekly_electrical_consumption,sensor,sensor.zolder_climatecontrol_cooling_weekly_electrical_consumption
zolder_climatecontrol_cooling_yearly_electrical_consumption,sensor,sensor.zolder_climatecontrol_cooling_yearly_electrical_consumption
zolder_climatecontrol_heating_daily_electrical_consumption,sensor,sensor.zolder_climatecontrol_heating_daily_electrical_consumption
zolder_climatecontrol_heating_monthly_electrical_consumption,sensor,sensor.zolder_climatecontrol_heating_monthly_electrical_consumption
zolder_climatecontrol_heating_weekly_electrical_consumption,sensor,sensor.zolder_climatecontrol_heating_weekly_electrical_consumption
zolder_climatecontrol_heating_yearly_electrical_consumption,sensor,sensor.zolder_climatecontrol_heating_yearly_electrical_consumption
zolder_climatecontrol_on_off_mode,sensor,sensor.zolder_climatecontrol_on_off_mode
zolder_climatecontrol_outdoor_temperature,sensor,sensor.zolder_climatecontrol_outdoor_temperature
zolder_climatecontrol_powerful_mode,sensor,sensor.zolder_climatecontrol_powerful_mode
zolder_climatecontrol_room_temperature,sensor,sensor.zolder_climatecontrol_room_temperature
zolder_droger_energy_total,sensor,sensor.zolder_droger_energy_total
zolder_gateway_error_code,sensor,sensor.zolder_gateway_error_code
zolder_gateway_firmware_version,sensor,sensor.zolder_gateway_firmware_version
zolder_gateway_serial_number,sensor,sensor.zolder_gateway_serial_number
zolder_indoorunit_software_version,sensor,sensor.zolder_indoorunit_software_version
zolder_ratelimit_day,sensor,sensor.zolder_ratelimit_day
zolder_ratelimit_minute,sensor,sensor.zolder_ratelimit_minute
zolder_ratelimit_ratelimit_reset,sensor,sensor.zolder_ratelimit_ratelimit_reset
zolder_ratelimit_remaining_day,sensor,sensor.zolder_ratelimit_remaining_day
zolder_ratelimit_remaining_minutes,sensor,sensor.zolder_ratelimit_remaining_minutes
zolder_ratelimit_retry_after,sensor,sensor.zolder_ratelimit_retry_after
zolder_t_h_battery,sensor,sensor.zolder_t_h_battery
zolder_t_h_battery_2,sensor,sensor.zolder_t_h_battery_2
zolder_t_h_humidity,sensor,sensor.zolder_t_h_humidity
zolder_t_h_humidity_2,sensor,sensor.zolder_t_h_humidity_2
zolder_t_h_pressure,sensor,sensor.zolder_t_h_pressure
zolder_t_h_pressure_2,sensor,sensor.zolder_t_h_pressure_2
zolder_t_h_temperature,sensor,sensor.zolder_t_h_temperature
zolder_t_h_temperature_2,sensor,sensor.zolder_t_h_temperature_2
zolder_t_h_voltage_2,sensor,sensor.zolder_t_h_voltage_2
zolder_wasmachine_energy_total,sensor,sensor.zolder_wasmachine_energy_total
zones,sensor,sensor.zones
sun,sun,sun.sun
0x348d13fffe3d6b4f,switch,switch.0x348d13fffe3d6b4f
0x348d13fffe3d6b4f_child_lock,switch,switch.0x348d13fffe3d6b4f_child_lock
0x348d13fffe3d6b4f_led_enable,switch,switch.0x348d13fffe3d6b4f_led_enable
0x348d13fffec711d1,switch,switch.0x348d13fffec711d1
0x348d13fffec711d1_led_enable,switch,switch.0x348d13fffec711d1_led_enable
0x348d13fffec83610,switch,switch.0x348d13fffec83610
0x348d13fffec83610_child_lock,switch,switch.0x348d13fffec83610_child_lock
0x348d13fffec83610_led_enable,switch,switch.0x348d13fffec83610_led_enable
0x348d13fffec85a1b,switch,switch.0x348d13fffec85a1b
0x348d13fffec85a1b_child_lock,switch,switch.0x348d13fffec85a1b_child_lock
0x348d13fffec85a1b_led_enable,switch,switch.0x348d13fffec85a1b_led_enable
accusaver,switch,switch.accusaver
achterdeurbel,switch,switch.achterdeurbel
achterdeurbel_ui,switch,switch.achterdeurbel_ui
badkamer_binnen,switch,switch.badkamer_binnen
badkamer_binnen_ui,switch,switch.badkamer_binnen_ui
badkamer_binnen_ui_2,switch,switch.badkamer_binnen_ui_2
badkamer_buiten,switch,switch.badkamer_buiten
badkamer_buiten_ui,switch,switch.badkamer_buiten_ui
badkamer_ventilator_dep,switch,switch.badkamer_ventilator_dep
badkamer_ventilator_ui,switch,switch.badkamer_ventilator_ui
blackius,switch,switch.blackius
buitenlamp_nieuwe_schuur,switch,switch.buitenlamp_nieuwe_schuur
buitenlamp_nieuwe_schuur_child_lock,switch,switch.buitenlamp_nieuwe_schuur_child_lock
buitenlamp_nieuwe_schuur_led_enable,switch,switch.buitenlamp_nieuwe_schuur_led_enable
bureau_rudi,switch,switch.bureau_rudi
bureaulamp_rudi,switch,switch.bureaulamp_rudi
bureaulamp_rudi_child_lock,switch,switch.bureaulamp_rudi_child_lock
bureaulamp_rudi_led_enable,switch,switch.bureaulamp_rudi_led_enable
deken_julius_2,switch,switch.deken_julius_2
deken_knop_ui,switch,switch.deken_knop_ui
deken_r_r,switch,switch.deken_r_r
deken_rr,switch,switch.deken_rr
deurbel,switch,switch.deurbel
echo_vloerverwarming_child_lock,switch,switch.echo_vloerverwarming_child_lock
echo_vloerverwarming_frost_protection,switch,switch.echo_vloerverwarming_frost_protection
energy_kwh_kleinboil_cloud_connection,switch,switch.energy_kwh_kleinboil_cloud_connection
energy_kwh_meter_airco_cloud_connection,switch,switch.energy_kwh_meter_airco_cloud_connection
energy_kwh_meter_charger_cloud_connection,switch,switch.energy_kwh_meter_charger_cloud_connection
energy_kwh_meter_fornuis_cloud_connection,switch,switch.energy_kwh_meter_fornuis_cloud_connection
energy_kwh_meter_kleinfloor_cloud_connection,switch,switch.energy_kwh_meter_kleinfloor_cloud_connection
energy_kwh_meter_kleinshed_cloud_connection,switch,switch.energy_kwh_meter_kleinshed_cloud_connection
energy_socket_julius_cloud_connection,switch,switch.energy_socket_julius_cloud_connection
energy_socket_julius_switch_lock,switch,switch.energy_socket_julius_switch_lock
energy_socket_rudi_cloud_connection,switch,switch.energy_socket_rudi_cloud_connection
energy_socket_rudi_switch_lock,switch,switch.energy_socket_rudi_switch_lock
energy_socket_serverkast_cloud_connection,switch,switch.energy_socket_serverkast_cloud_connection
energy_socket_serverkast_switch_lock,switch,switch.energy_socket_serverkast_switch_lock
energy_socket_vaatwasser,switch,switch.energy_socket_vaatwasser
energy_socket_vaatwasser_cloud_connection,switch,switch.energy_socket_vaatwasser_cloud_connection
energy_socket_vaatwasser_switch_lock,switch,switch.energy_socket_vaatwasser_switch_lock
espsomfyrts_zonnescherm,switch,switch.espsomfyrts_zonnescherm
espsomfyrts_zonnescherm_zon_sensor,switch,switch.espsomfyrts_zonnescherm_zon_sensor
ev3_ev3_climate,switch,switch.ev3_ev3_climate
ev3_ev3_ev_charging,switch,switch.ev3_ev3_ev_charging
ev3_ev_scheduled_departure_1,switch,switch.ev3_ev_scheduled_departure_1
ev3_ev_scheduled_departure_2,switch,switch.ev3_ev_scheduled_departure_2
floor_schedule_schema,switch,switch.floor_schedule_schema
home_assistant_voice_0ace95_mute,switch,switch.home_assistant_voice_0ace95_mute
home_assistant_voice_0ace95_wake_sound,switch,switch.home_assistant_voice_0ace95_wake_sound
ikea_energy_meter_11_bureau_rolien_2,switch,switch.ikea_energy_meter_11_bureau_rolien_2
ikea_energy_meter_11_bureau_rolien_child_lock,switch,switch.ikea_energy_meter_11_bureau_rolien_child_lock
ikea_energy_meter_11_bureau_rolien_led_enable,switch,switch.ikea_energy_meter_11_bureau_rolien_led_enable
ikea_energy_meter_12_voetverwarmer_2,switch,switch.ikea_energy_meter_12_voetverwarmer_2
ikea_energy_meter_12_voetverwarmer_child_lock,switch,switch.ikea_energy_meter_12_voetverwarmer_child_lock
ikea_energy_meter_13_waterleiding,switch,switch.ikea_energy_meter_13_waterleiding
ikea_energy_meter_13_waterleiding_inv,switch,switch.ikea_energy_meter_13_waterleiding_inv
ikea_energy_meter_1_darius_2,switch,switch.ikea_energy_meter_1_darius_2
ikea_energy_meter_1_darius_child_lock,switch,switch.ikea_energy_meter_1_darius_child_lock
ikea_energy_meter_2_server_2,switch,switch.ikea_energy_meter_2_server_2
ikea_energy_meter_2_server_child_lock,switch,switch.ikea_energy_meter_2_server_child_lock
ikea_energy_meter_2_server_led_enable,switch,switch.ikea_energy_meter_2_server_led_enable
ikea_energy_meter_3_droger_2,switch,switch.ikea_energy_meter_3_droger_2
ikea_energy_meter_3_droger_child_lock,switch,switch.ikea_energy_meter_3_droger_child_lock
ikea_energy_meter_3_droger_led_enable,switch,switch.ikea_energy_meter_3_droger_led_enable
ikea_energy_meter_4_wasmachine_2,switch,switch.ikea_energy_meter_4_wasmachine_2
ikea_energy_meter_4_wasmachine_child_lock,switch,switch.ikea_energy_meter_4_wasmachine_child_lock
ikea_energy_meter_4_wasmachine_led_enable,switch,switch.ikea_energy_meter_4_wasmachine_led_enable
ikea_energy_meter_5_badkamer_verwarming_2,switch,switch.ikea_energy_meter_5_badkamer_verwarming_2
ikea_energy_meter_5_badkamer_verwarming_child_lock,switch,switch.ikea_energy_meter_5_badkamer_verwarming_child_lock
ikea_energy_meter_5_badkamer_verwarming_led_enable,switch,switch.ikea_energy_meter_5_badkamer_verwarming_led_enable
ikea_energy_meter_6_minikoelkast_2,switch,switch.ikea_energy_meter_6_minikoelkast_2
ikea_energy_meter_6_minikoelkast_child_lock,switch,switch.ikea_energy_meter_6_minikoelkast_child_lock
ikea_energy_meter_6_minikoelkast_led_enable,switch,switch.ikea_energy_meter_6_minikoelkast_led_enable
ikea_energy_meter_7_miniboiler_2,switch,switch.ikea_energy_meter_7_miniboiler_2
ikea_energy_meter_7_miniboiler_child_lock,switch,switch.ikea_energy_meter_7_miniboiler_child_lock
ikea_energy_meter_7_miniboiler_led_enable,switch,switch.ikea_energy_meter_7_miniboiler_led_enable
ikea_energy_meter_8_airfryer_2,switch,switch.ikea_energy_meter_8_airfryer_2
ikea_energy_meter_8_airfryer_child_lock,switch,switch.ikea_energy_meter_8_airfryer_child_lock
ikea_energy_meter_8_airfryer_led_enable,switch,switch.ikea_energy_meter_8_airfryer_led_enable
ikea_energy_meter_9_plafond_verwarming_2,switch,switch.ikea_energy_meter_9_plafond_verwarming_2
ikea_energy_meter_9_plafond_verwarming_child_lock,switch,switch.ikea_energy_meter_9_plafond_verwarming_child_lock
ikea_energy_meter_9_plafond_verwarming_led_enable,switch,switch.ikea_energy_meter_9_plafond_verwarming_led_enable
keuken_aanrecht,switch,switch.keuken_aanrecht
keuken_aanrecht_child_lock,switch,switch.keuken_aanrecht_child_lock
keuken_aanrecht_led_enable,switch,switch.keuken_aanrecht_led_enable
keuken_keuken_plafondlicht_ui,switch,switch.keuken_keuken_plafondlicht_ui
keuken_keukenlicht_ui,switch,switch.keuken_keukenlicht_ui
keuken_plafondlicht_ui,switch,switch.keuken_plafondlicht_ui
keukenlicht_test,switch,switch.keukenlicht_test
kleinblinkcam1_camera_motion_detection,switch,switch.kleinblinkcam1_camera_motion_detection
kleinblinkcam2_camera_motion_detection,switch,switch.kleinblinkcam2_camera_motion_detection
kleinpaal,switch,switch.kleinpaal
kleinpaal_auth_via_app,switch,switch.kleinpaal_auth_via_app
kleinpaal_schedule_friday,switch,switch.kleinpaal_schedule_friday
kleinpaal_schedule_monday,switch,switch.kleinpaal_schedule_monday
kleinpaal_schedule_saturday,switch,switch.kleinpaal_schedule_saturday
kleinpaal_schedule_sunday,switch,switch.kleinpaal_schedule_sunday
kleinpaal_schedule_thursday,switch,switch.kleinpaal_schedule_thursday
kleinpaal_schedule_tuesday,switch,switch.kleinpaal_schedule_tuesday
kleinpaal_schedule_wednesday,switch,switch.kleinpaal_schedule_wednesday
kleintv,switch,switch.kleintv
light_sensor_kleintv,switch,switch.light_sensor_kleintv
luchtpomp,switch,switch.luchtpomp
luchtpomp_child_lock,switch,switch.luchtpomp_child_lock
luchtpomp_led_enable,switch,switch.luchtpomp_led_enable
oude_schuur_buitenlamp,switch,switch.oude_schuur_buitenlamp
oude_schuur_buitenlamp_child_lock,switch,switch.oude_schuur_buitenlamp_child_lock
oude_schuur_buitenlamp_led_enable,switch,switch.oude_schuur_buitenlamp_led_enable
p1_meter_cloud_connection,switch,switch.p1_meter_cloud_connection
rolluik_j_d_ui,switch,switch.rolluik_j_d_ui
rolluik_r_r_ui,switch,switch.rolluik_r_r_ui
slaapkamer_r_r_deken_rr_ui,switch,switch.slaapkamer_r_r_deken_rr_ui
sound_sensor_kleintv,switch,switch.sound_sensor_kleintv
sound_sensor_kleintv_sound_detection,switch,switch.sound_sensor_kleintv_sound_detection
tafel_ui,switch,switch.tafel_ui
tumble_dryer_power,switch,switch.tumble_dryer_power
tv,switch,switch.tv
tv_child_lock,switch,switch.tv_child_lock
tv_led_enable,switch,switch.tv_led_enable
veranda_ventilator,switch,switch.veranda_ventilator
veranda_ventilator_child_lock,switch,switch.veranda_ventilator_child_lock
veranda_ventilator_led_enable,switch,switch.veranda_ventilator_led_enable
verandalamp_links,switch,switch.verandalamp_links
verandalamp_links_child_lock,switch,switch.verandalamp_links_child_lock
verandalamp_links_led_enable,switch,switch.verandalamp_links_led_enable
verandalamp_rechts,switch,switch.verandalamp_rechts
vijverpompen,switch,switch.vijverpompen
vijverpompen_child_lock,switch,switch.vijverpompen_child_lock
vijverpompen_led_enable,switch,switch.vijverpompen_led_enable
voordeurbel_ui,switch,switch.voordeurbel_ui
watermeter_cloud_connection,switch,switch.watermeter_cloud_connection
woonkamer_home_assistant_voice_woonkamer_mute,switch,switch.woonkamer_home_assistant_voice_woonkamer_mute
woonkamer_home_assistant_voice_woonkamer_wake_sound,switch,switch.woonkamer_home_assistant_voice_woonkamer_wake_sound
zigbee2mqtt_bridge_permit_join_2,switch,switch.zigbee2mqtt_bridge_permit_join_2
zonnescherm_stroom,switch,switch.zonnescherm_stroom
zonnescherm_stroom_child_lock,switch,switch.zonnescherm_stroom_child_lock
zonnescherm_stroom_led_enable,switch,switch.zonnescherm_stroom_led_enable
shopping,todo,todo.shopping
test,todo,todo.test
0x04e3e5fffe09f5fd,update,update.0x04e3e5fffe09f5fd
0x348d13fffe3d6b4f,update,update.0x348d13fffe3d6b4f
0x348d13fffec711d1,update,update.0x348d13fffec711d1
0x348d13fffec83610,update,update.0x348d13fffec83610
0x348d13fffec85a1b,update,update.0x348d13fffec85a1b
0x5cc7c1fffea4fc26,update,update.0x5cc7c1fffea4fc26
0x84ba20fffe3217f5,update,update.0x84ba20fffe3217f5
achtertuin_achtertuin_tf2_firmware,update,update.achtertuin_achtertuin_tf2_firmware
adaptive_lighting_update,update,update.adaptive_lighting_update
advanced_ssh_web_terminal_update,update,update.advanced_ssh_web_terminal_update
alertticker_card_update,update,update.alertticker_card_update
auto_entities_update,update,update.auto_entities_update
badkamerlicht_firmware,update,update.badkamerlicht_firmware
bedroom_ir_panel_thermostat,update,update.bedroom_ir_panel_thermostat
bilresa_dual_button_firmware,update,update.bilresa_dual_button_firmware
bilresa_scroll_wheel_firmware,update,update.bilresa_scroll_wheel_firmware
bilresa_scroll_wheel_firmware_2,update,update.bilresa_scroll_wheel_firmware_2
bilresa_scroll_wheel_firmware_3,update,update.bilresa_scroll_wheel_firmware_3
bollamp_firmware,update,update.bollamp_firmware
bubble_card_update,update,update.bubble_card_update
buitenlamp_nieuwe_schuur,update,update.buitenlamp_nieuwe_schuur
bureau_rudi,update,update.bureau_rudi
bureaulamp_rudi,update,update.bureaulamp_rudi
button_builder_update,update,update.button_builder_update
button_card_update,update,update.button_card_update
c_a_f_e_update,update,update.c_a_f_e_update
card_mod_update,update,update.card_mod_update
custom_features_for_home_assistant_cards_update,update,update.custom_features_for_home_assistant_cards_update
custom_sidebar_update,update,update.custom_sidebar_update
daikin_onecta_update,update,update.daikin_onecta_update
darius_knop_2,update,update.darius_knop_2
deken_julius_2,update,update.deken_julius_2
deken_r_r,update,update.deken_r_r
donut_firmware,update,update.donut_firmware
enphase_envoy_installer_update,update,update.enphase_envoy_installer_update
enphase_ev_chager_2_cloud_update,update,update.enphase_ev_chager_2_cloud_update
esphome_update,update,update.esphome_update
espsomfy_rts_update,update,update.espsomfy_rts_update
espsomfyrts_firmware_update,update,update.espsomfyrts_firmware_update
file_editor_update,update,update.file_editor_update
filebrowser_quantum_update,update,update.filebrowser_quantum_update
filebrowser_update,update,update.filebrowser_update
firemote_card_update,update,update.firemote_card_update
floor_surface_thermostat,update,update.floor_surface_thermostat
flower_card_update,update,update.flower_card_update
google_dark_theme_update,update,update.google_dark_theme_update
hacs_update,update,update.hacs_update
haghs_update,update,update.haghs_update
hal_boven_plafondlamp_1_firmware,update,update.hal_boven_plafondlamp_1_firmware
hal_boven_plafondlamp_2_firmware,update,update.hal_boven_plafondlamp_2_firmware
hal_boven_plafondlamp_3_firmware,update,update.hal_boven_plafondlamp_3_firmware
home_assistant_connect_zbt_2_1cdbd45f26ac_firmware,update,update.home_assistant_connect_zbt_2_1cdbd45f26ac_firmware
home_assistant_connect_zbt_2_dcb4d914a57c_firmware,update,update.home_assistant_connect_zbt_2_dcb4d914a57c_firmware
home_assistant_core_update,update,update.home_assistant_core_update
home_assistant_editor_update,update,update.home_assistant_editor_update
home_assistant_google_drive_backup_update,update,update.home_assistant_google_drive_backup_update
home_assistant_operating_system_update,update,update.home_assistant_operating_system_update
home_assistant_plant_update,update,update.home_assistant_plant_update
home_assistant_rflink_ui_update,update,update.home_assistant_rflink_ui_update
home_assistant_supervisor_update,update,update.home_assistant_supervisor_update
home_assistant_voice_0ace95,update,update.home_assistant_voice_0ace95
home_assistant_whatsapp_update,update,update.home_assistant_whatsapp_update
huiskamer_gateway_firmware_update_2,update,update.huiskamer_gateway_firmware_update_2
huiskamer_indoorunit_firmware_update,update,update.huiskamer_indoorunit_firmware_update
huiskamerdeur_firmware,update,update.huiskamerdeur_firmware
ikea_energy_meter_11_bureau_rolien_2,update,update.ikea_energy_meter_11_bureau_rolien_2
ikea_energy_meter_12_voetverwarmer_2,update,update.ikea_energy_meter_12_voetverwarmer_2
ikea_energy_meter_13_waterleiding,update,update.ikea_energy_meter_13_waterleiding
ikea_energy_meter_1_darius_2,update,update.ikea_energy_meter_1_darius_2
ikea_energy_meter_2_server_2,update,update.ikea_energy_meter_2_server_2
ikea_energy_meter_3_droger_2,update,update.ikea_energy_meter_3_droger_2
ikea_energy_meter_4_wasmachine_2,update,update.ikea_energy_meter_4_wasmachine_2
ikea_energy_meter_5_badkamer_verwarming_2,update,update.ikea_energy_meter_5_badkamer_verwarming_2
ikea_energy_meter_6_minikoelkast_2,update,update.ikea_energy_meter_6_minikoelkast_2
ikea_energy_meter_7_miniboiler_2,update,update.ikea_energy_meter_7_miniboiler_2
ikea_energy_meter_8_airfryer_2,update,update.ikea_energy_meter_8_airfryer_2
ikea_energy_meter_9_plafond_verwarming_2,update,update.ikea_energy_meter_9_plafond_verwarming_2
ikea_raamsensor_j_d,update,update.ikea_raamsensor_j_d
immich_frame_update,update,update.immich_frame_update
immich_picture_update,update,update.immich_picture_update
iq_gateway_gateway_firmware,update,update.iq_gateway_gateway_firmware
kajplats_e27_cws_globe_1055lm_firmware,update,update.kajplats_e27_cws_globe_1055lm_firmware
kajplats_e27_cws_globe_1055lm_firmware_2,update,update.kajplats_e27_cws_globe_1055lm_firmware_2
keep_texts_in_tabs_update,update,update.keep_texts_in_tabs_update
keuken_aanrecht,update,update.keuken_aanrecht
keuken_aanrechtlicht,update,update.keuken_aanrechtlicht
keukenlicht,update,update.keukenlicht
kia_uvo_hyundai_bluelink_update,update,update.kia_uvo_hyundai_bluelink_update
kiosk_mode_update,update,update.kiosk_mode_update
kleinpaal_firmware,update,update.kleinpaal_firmware
knop_badkamer_ir_slaapkamer_2,update,update.knop_badkamer_ir_slaapkamer_2
layout_card_update,update,update.layout_card_update
local_tuya_update,update,update.local_tuya_update
logger_manager_update,update,update.logger_manager_update
lovelace_card_templater_update,update,update.lovelace_card_templater_update
luchtpomp,update,update.luchtpomp
mariadb_update,update,update.mariadb_update
material_3_dark_light_theme_07_darkolivegreen_update,update,update.material_3_dark_light_theme_07_darkolivegreen_update
matter_server_update,update,update.matter_server_update
mosquitto_broker_update,update,update.mosquitto_broker_update
mqtt_explorer_update,update,update.mqtt_explorer_update
mushroom_update,update,update.mushroom_update
myggbett_door_window_sensor_firmware,update,update.myggbett_door_window_sensor_firmware
myggbett_door_window_sensor_firmware_2,update,update.myggbett_door_window_sensor_firmware_2
nachtkastjelamp_firmware,update,update.nachtkastjelamp_firmware
notify_studio_update,update,update.notify_studio_update
openplantbook_update,update,update.openplantbook_update
openthread_border_router_update,update,update.openthread_border_router_update
oude_schuur_buitenlamp,update,update.oude_schuur_buitenlamp
piper_update,update,update.piper_update
poort_bewegingssensor_2,update,update.poort_bewegingssensor_2
raspberry_pi_5_firmware,update,update.raspberry_pi_5_firmware
repeater_schuur_2,update,update.repeater_schuur_2
repeater_zolder_2,update,update.repeater_zolder_2
rolien_knop_2,update,update.rolien_knop_2
rolluik_knop_j_d_2,update,update.rolluik_knop_j_d_2
rolluik_knop_r_r_2,update,update.rolluik_knop_r_r_2
rudi_klein_version,update,update.rudi_klein_version
rudi_knop_2,update,update.rudi_knop_2
samba_share_update,update,update.samba_share_update
scheduler_card_update,update,update.scheduler_card_update
scheduler_component_update,update,update.scheduler_component_update
schemerlamp_firmware,update,update.schemerlamp_firmware
slaapkamerraam_r_r_firmware,update,update.slaapkamerraam_r_r_firmware
slaapkamerraam_rr_firmware,update,update.slaapkamerraam_rr_firmware
speech_to_phrase_update,update,update.speech_to_phrase_update
spook_your_homie_update,update,update.spook_your_homie_update
studio_code_server_update,update,update.studio_code_server_update
timmerflotte_temp_hmd_sensor_firmware,update,update.timmerflotte_temp_hmd_sensor_firmware
timmerflotte_temp_hmd_sensor_firmware_2,update,update.timmerflotte_temp_hmd_sensor_firmware_2
timmerflotte_temp_hmd_sensor_firmware_3,update,update.timmerflotte_temp_hmd_sensor_firmware_3
toilet_beneden_plafondlamp_1_firmware,update,update.toilet_beneden_plafondlamp_1_firmware
toilet_beneden_plafondlamp_2_firmware,update,update.toilet_beneden_plafondlamp_2_firmware
tuindeur_firmware,update,update.tuindeur_firmware
tuya_local_update,update,update.tuya_local_update
tv,update,update.tv
tv_knop_2,update,update.tv_knop_2
universal_notifier_update,update,update.universal_notifier_update
varmblixt_table_wall_lamp_firmware,update,update.varmblixt_table_wall_lamp_firmware
veranda_bewegingssensor_2,update,update.veranda_bewegingssensor_2
veranda_ventilator,update,update.veranda_ventilator
veranda_veranda_tf1_firmware,update,update.veranda_veranda_tf1_firmware
veranda_veranda_thermometer_firmware,update,update.veranda_veranda_thermometer_firmware
verandalamp_links,update,update.verandalamp_links
verandalamp_rechts,update,update.verandalamp_rechts
vijverpompen,update,update.vijverpompen
voordeur_bewegingssensor,update,update.voordeur_bewegingssensor
voordeur_firmware,update,update.voordeur_firmware
washdata_update,update,update.washdata_update
watchman_update,update,update.watchman_update
whatsapper_update,update,update.whatsapper_update
whisper_update,update,update.whisper_update
wijnrek_lamp_firmware,update,update.wijnrek_lamp_firmware
woonkamer_home_assistant_voice_woonkamer,update,update.woonkamer_home_assistant_voice_woonkamer
woonkamer_luchtsensor_2,update,update.woonkamer_luchtsensor_2
zigbee2mqtt_update_2,update,update.zigbee2mqtt_update_2
zigbee_map_update,update,update.zigbee_map_update
zolder_gateway_firmware_update_2,update,update.zolder_gateway_firmware_update_2
zolder_indoorunit_firmware_update,update,update.zolder_indoorunit_firmware_update
zonnescherm_stroom,update,update.zonnescherm_stroom
afs,zone,zone.afs
breezand,zone,zone.breezand
de_lek,zone,zone.de_lek
de_lek_2,zone,zone.de_lek_2
evenemententerrein,zone,zone.evenemententerrein
falco,zone,zone.falco
gulia,zone,zone.gulia
heidepark,zone,zone.heidepark
hogeschool_utrecht,zone,zone.hogeschool_utrecht
home,zone,zone.home
hondenzwemplaats,zone,zone.hondenzwemplaats
honswijkerplas_tull,zone,zone.honswijkerplas_tull
hornbach,zone,zone.hornbach
houdringhe,zone,zone.houdringhe
kinderboerderij_uitlaatplaats,zone,zone.kinderboerderij_uitlaatplaats
kwintens,zone,zone.kwintens
makro,zone,zone.makro
panbos,zone,zone.panbos
philene,zone,zone.philene
t_rond,zone,zone.t_rond
tilburg,zone,zone.tilburg
utrecht_cs,zone,zone.utrecht_cs
uwv_kantoor_almere_2,zone,zone.uwv_kantoor_almere_2
uwv_utrecht,zone,zone.uwv_utrecht
walibi_holland,zone,zone.walibi_holland
walibi_holland_2,zone,zone.walibi_holland_2
