entity_id,name,domain,platform,device_id,device_name,area,area_source,entity_category,label_names,label_count,missing_labels,rule_failures,disabled_by,hidden_by
update.home_assistant_supervisor_update,Update,update,hassio,8d849865a9f5d4ffd9f07f96658ba8a7,Home Assistant Supervisor,Digital only,device,config,,0,True,no labels at all,,
update.home_assistant_core_update,Update,update,hassio,d468ff9d4bff4ab9b27ef0d6e96ba409,Home Assistant Core,Digital only,device,config,,0,True,no labels at all,,
update.home_assistant_operating_system_update,Update,update,hassio,009e30362eaf0989dd93090363acc009,Home Assistant Operating System,Digital only,device,config,,0,True,no labels at all,,
sensor.home_assistant_core_cpu_percent,CPU percent,sensor,hassio,d468ff9d4bff4ab9b27ef0d6e96ba409,Home Assistant Core,Digital only,device,,,0,True,no labels at all,integration,
sensor.home_assistant_core_memory_percent,Memory percent,sensor,hassio,d468ff9d4bff4ab9b27ef0d6e96ba409,Home Assistant Core,Digital only,device,,,0,True,no labels at all,integration,
sensor.home_assistant_supervisor_cpu_percent,CPU percent,sensor,hassio,8d849865a9f5d4ffd9f07f96658ba8a7,Home Assistant Supervisor,Digital only,device,,,0,True,no labels at all,integration,
sensor.home_assistant_supervisor_memory_percent,Memory percent,sensor,hassio,8d849865a9f5d4ffd9f07f96658ba8a7,Home Assistant Supervisor,Digital only,device,,,0,True,no labels at all,integration,
sensor.home_assistant_host_os_agent_version,OS Agent version,sensor,hassio,a37858a04649a9359e9339f64236afa9,Home Assistant Host,Digital only,device,diagnostic,,0,True,no labels at all,integration,
sensor.home_assistant_host_apparmor_version,AppArmor version,sensor,hassio,a37858a04649a9359e9339f64236afa9,Home Assistant Host,Digital only,device,diagnostic,,0,True,no labels at all,integration,
sensor.home_assistant_host_disk_total,Disk total,sensor,hassio,a37858a04649a9359e9339f64236afa9,Home Assistant Host,Digital only,device,diagnostic,,0,True,no labels at all,integration,
sensor.home_assistant_host_disk_used,Disk used,sensor,hassio,a37858a04649a9359e9339f64236afa9,Home Assistant Host,Digital only,device,diagnostic,,0,True,no labels at all,integration,
sensor.home_assistant_host_disk_free,Disk free,sensor,hassio,a37858a04649a9359e9339f64236afa9,Home Assistant Host,Digital only,device,diagnostic,,0,True,no labels at all,integration,
sensor.home_assistant_operating_system_version,Version,sensor,hassio,009e30362eaf0989dd93090363acc009,Home Assistant Operating System,Digital only,device,,,0,True,no labels at all,integration,
sensor.home_assistant_operating_system_newest_version,Newest version,sensor,hassio,009e30362eaf0989dd93090363acc009,Home Assistant Operating System,Digital only,device,,,0,True,no labels at all,integration,
sensor.sun_next_dawn,Next dawn,sensor,sun,a66c287ff047282bbf9948cc3563b7f7,Sun,Digital only,device,diagnostic,"Digital only, Sensor",2,False,"missing category: brand, protocol",,
sensor.sun_next_dusk,Next dusk,sensor,sun,a66c287ff047282bbf9948cc3563b7f7,Sun,Digital only,device,diagnostic,"Digital only, Sensor",2,False,"missing category: brand, protocol",,
sensor.sun_next_midnight,Next midnight,sensor,sun,a66c287ff047282bbf9948cc3563b7f7,Sun,Digital only,device,diagnostic,"Digital only, Sensor",2,False,"missing category: brand, protocol",,
sensor.sun_next_noon,Next noon,sensor,sun,a66c287ff047282bbf9948cc3563b7f7,Sun,Digital only,device,diagnostic,"Digital only, Sensor",2,False,"missing category: brand, protocol",,
sensor.sun_next_rising,Zon op,sensor,sun,a66c287ff047282bbf9948cc3563b7f7,Sun,Digital only,device,diagnostic,"Digital only, Sensor",2,False,"missing category: brand, protocol",,
sensor.sun_next_setting,Next setting,sensor,sun,a66c287ff047282bbf9948cc3563b7f7,Sun,Digital only,device,diagnostic,"Digital only, Sensor",2,False,"missing category: brand, protocol",,
sensor.sun_solar_elevation,Solar elevation,sensor,sun,a66c287ff047282bbf9948cc3563b7f7,Sun,Digital only,device,diagnostic,"Digital only, Sensor",2,False,"missing category: brand, protocol",,
sensor.sun_solar_azimuth,Solar azimuth,sensor,sun,a66c287ff047282bbf9948cc3563b7f7,Sun,Digital only,device,diagnostic,"Digital only, Sensor",2,False,"missing category: brand, protocol",,
person.darius,Darius,person,person,,,,,,,0,True,no labels at all,,
binary_sensor.mariadb_running,Running,binary_sensor,hassio,053995546e9054c56f0d8ffbc792f7b2,MariaDB,Digital only,device,,,0,True,no labels at all,integration,
sensor.mariadb_version,Version,sensor,hassio,053995546e9054c56f0d8ffbc792f7b2,MariaDB,Digital only,device,,,0,True,no labels at all,integration,
sensor.mariadb_newest_version,Newest version,sensor,hassio,053995546e9054c56f0d8ffbc792f7b2,MariaDB,Digital only,device,,,0,True,no labels at all,integration,
sensor.mariadb_cpu_percent,CPU percent,sensor,hassio,053995546e9054c56f0d8ffbc792f7b2,MariaDB,Digital only,device,,,0,True,no labels at all,integration,
sensor.mariadb_memory_percent,Memory percent,sensor,hassio,053995546e9054c56f0d8ffbc792f7b2,MariaDB,Digital only,device,,,0,True,no labels at all,integration,
update.mariadb_update,Update,update,hassio,053995546e9054c56f0d8ffbc792f7b2,MariaDB,Digital only,device,config,,0,True,no labels at all,,
binary_sensor.advanced_ssh_web_terminal_running,Running,binary_sensor,hassio,39aa57d8a24c65fe9f89c000f92bbf95,Advanced SSH & Web Terminal,Digital only,device,,,0,True,no labels at all,integration,
sensor.advanced_ssh_web_terminal_version,Version,sensor,hassio,39aa57d8a24c65fe9f89c000f92bbf95,Advanced SSH & Web Terminal,Digital only,device,,,0,True,no labels at all,integration,
sensor.advanced_ssh_web_terminal_newest_version,Newest version,sensor,hassio,39aa57d8a24c65fe9f89c000f92bbf95,Advanced SSH & Web Terminal,Digital only,device,,,0,True,no labels at all,integration,
sensor.advanced_ssh_web_terminal_cpu_percent,CPU percent,sensor,hassio,39aa57d8a24c65fe9f89c000f92bbf95,Advanced SSH & Web Terminal,Digital only,device,,,0,True,no labels at all,integration,
sensor.advanced_ssh_web_terminal_memory_percent,Memory percent,sensor,hassio,39aa57d8a24c65fe9f89c000f92bbf95,Advanced SSH & Web Terminal,Digital only,device,,,0,True,no labels at all,integration,
update.advanced_ssh_web_terminal_update,Update,update,hassio,39aa57d8a24c65fe9f89c000f92bbf95,Advanced SSH & Web Terminal,Digital only,device,config,,0,True,no labels at all,,
person.kleintab,KleinTab,person,person,,,,,,,0,True,no labels at all,,
person.julius,Julius,person,person,,,,,,,0,True,no labels at all,,
person.rudi,Rudi,person,person,,,,,,,0,True,no labels at all,,
person.rolien,Rolien,person,person,,,,,,,0,True,no labels at all,,
binary_sensor.studio_code_server_running,Running,binary_sensor,hassio,66d0b68387f92a5a4d325bbc9c4f0574,Studio Code Server,Digital only,device,,,0,True,no labels at all,integration,
sensor.studio_code_server_version,Version,sensor,hassio,66d0b68387f92a5a4d325bbc9c4f0574,Studio Code Server,Digital only,device,,,0,True,no labels at all,integration,
sensor.studio_code_server_newest_version,Newest version,sensor,hassio,66d0b68387f92a5a4d325bbc9c4f0574,Studio Code Server,Digital only,device,,,0,True,no labels at all,integration,
sensor.studio_code_server_cpu_percent,CPU percent,sensor,hassio,66d0b68387f92a5a4d325bbc9c4f0574,Studio Code Server,Digital only,device,,,0,True,no labels at all,integration,
sensor.studio_code_server_memory_percent,Memory percent,sensor,hassio,66d0b68387f92a5a4d325bbc9c4f0574,Studio Code Server,Digital only,device,,,0,True,no labels at all,integration,
update.studio_code_server_update,Update,update,hassio,66d0b68387f92a5a4d325bbc9c4f0574,Studio Code Server,Digital only,device,config,,0,True,no labels at all,,
binary_sensor.file_editor_running,Running,binary_sensor,hassio,df008cdfd9cf649c727d8e7fda2ebdc2,File editor,Digital only,device,,,0,True,no labels at all,integration,
sensor.file_editor_version,Version,sensor,hassio,df008cdfd9cf649c727d8e7fda2ebdc2,File editor,Digital only,device,,,0,True,no labels at all,integration,
sensor.file_editor_newest_version,Newest version,sensor,hassio,df008cdfd9cf649c727d8e7fda2ebdc2,File editor,Digital only,device,,,0,True,no labels at all,integration,
sensor.file_editor_cpu_percent,CPU percent,sensor,hassio,df008cdfd9cf649c727d8e7fda2ebdc2,File editor,Digital only,device,,,0,True,no labels at all,integration,
sensor.file_editor_memory_percent,Memory percent,sensor,hassio,df008cdfd9cf649c727d8e7fda2ebdc2,File editor,Digital only,device,,,0,True,no labels at all,integration,
update.file_editor_update,Update,update,hassio,df008cdfd9cf649c727d8e7fda2ebdc2,File editor,Digital only,device,config,,0,True,no labels at all,,
zone.makro,Makro,zone,zone,,,Map,entity,,Zone,9,False,"missing category: brand, protocol, function; uncategorized label(s): Zone",,
zone.houdringhe,Houdringhe,zone,zone,,,,,,Zone,9,False,"missing category: brand, protocol, function; uncategorized label(s): Zone",,
zone.kwintens,Kwintens,zone,zone,,,,,,Zone,9,False,"missing category: brand, protocol, function; uncategorized label(s): Zone",,
zone.hogeschool_utrecht,Hogeschool Utrecht,zone,zone,,,,,,Zone,9,False,"missing category: brand, protocol, function; uncategorized label(s): Zone",,
zone.uwv_utrecht,UWV Utrecht,zone,zone,,,,,,Zone,9,False,"missing category: brand, protocol, function; uncategorized label(s): Zone",,
zone.t_rond,'t Rond,zone,zone,,,,,,Zone,9,False,"missing category: brand, protocol, function; uncategorized label(s): Zone",,
zone.heidepark,Heidepark,zone,zone,,,,,,Zone,9,False,"missing category: brand, protocol, function; uncategorized label(s): Zone",,
zone.panbos,Panbos,zone,zone,,,,,,Zone,9,False,"missing category: brand, protocol, function; uncategorized label(s): Zone",,
zone.evenemententerrein,Evenemententerrein,zone,zone,,,,,,Zone,9,False,"missing category: brand, protocol, function; uncategorized label(s): Zone",,
zone.hondenzwemplaats,Hondenzwemplaats,zone,zone,,,,,,Zone,9,False,"missing category: brand, protocol, function; uncategorized label(s): Zone",,
zone.kinderboerderij_uitlaatplaats,Kinderboerderij uitlaatplaats,zone,zone,,,,,,Zone,9,False,"missing category: brand, protocol, function; uncategorized label(s): Zone",,
zone.hornbach,Hornbach,zone,zone,,,,,,Zone,9,False,"missing category: brand, protocol, function; uncategorized label(s): Zone",,
zone.harald_silvia,Harald & Silvia,zone,zone,,,,,,Zone,9,False,"missing category: brand, protocol, function; uncategorized label(s): Zone",,
zone.t_jagershuys_lage_vuursche,'t Jagershuys Lage Vuursche,zone,zone,,,,,,Zone,9,False,"missing category: brand, protocol, function; uncategorized label(s): Zone",,
binary_sensor.samba_share_running,Running,binary_sensor,hassio,5b7c8ea8b42463957074f5c59d2bacab,Samba share,Digital only,device,,,0,True,no labels at all,integration,
sensor.samba_share_version,Version,sensor,hassio,5b7c8ea8b42463957074f5c59d2bacab,Samba share,Digital only,device,,,0,True,no labels at all,integration,
sensor.samba_share_newest_version,Newest version,sensor,hassio,5b7c8ea8b42463957074f5c59d2bacab,Samba share,Digital only,device,,,0,True,no labels at all,integration,
sensor.samba_share_cpu_percent,CPU percent,sensor,hassio,5b7c8ea8b42463957074f5c59d2bacab,Samba share,Digital only,device,,,0,True,no labels at all,integration,
sensor.samba_share_memory_percent,Memory percent,sensor,hassio,5b7c8ea8b42463957074f5c59d2bacab,Samba share,Digital only,device,,,0,True,no labels at all,integration,
update.samba_share_update,Update,update,hassio,5b7c8ea8b42463957074f5c59d2bacab,Samba share,Digital only,device,config,,0,True,no labels at all,,
binary_sensor.kleingen_hdd_9,None 9,binary_sensor,unifiprotect,52357a989d33b3bdb7d00c7509609f5e,KleinUnifi,Meterkast,device,diagnostic,Sensor,9,False,"missing category: brand, protocol",,
sensor.kleingen_uptime,Uptime,sensor,unifiprotect,52357a989d33b3bdb7d00c7509609f5e,KleinUnifi,Meterkast,device,diagnostic,Sensor,9,False,"missing category: brand, protocol",,
sensor.kleingen_storage_utilization,Storage utilization,sensor,unifiprotect,52357a989d33b3bdb7d00c7509609f5e,KleinUnifi,Meterkast,device,diagnostic,Sensor,9,False,"missing category: brand, protocol",,
sensor.kleingen_type_timelapse_video,Type: timelapse video,sensor,unifiprotect,52357a989d33b3bdb7d00c7509609f5e,KleinUnifi,Meterkast,device,diagnostic,Sensor,9,False,"missing category: brand, protocol",,
sensor.kleingen_type_continuous_video,Type: continuous video,sensor,unifiprotect,52357a989d33b3bdb7d00c7509609f5e,KleinUnifi,Meterkast,device,diagnostic,Sensor,9,False,"missing category: brand, protocol",,
sensor.kleingen_type_detections_video,Type: detections video,sensor,unifiprotect,52357a989d33b3bdb7d00c7509609f5e,KleinUnifi,Meterkast,device,diagnostic,Sensor,9,False,"missing category: brand, protocol",,
sensor.kleingen_resolution_hd_video,Resolution: HD video,sensor,unifiprotect,52357a989d33b3bdb7d00c7509609f5e,KleinUnifi,Meterkast,device,diagnostic,Sensor,9,False,"missing category: brand, protocol",,
sensor.kleingen_resolution_4k_video,Resolution: 4K video,sensor,unifiprotect,52357a989d33b3bdb7d00c7509609f5e,KleinUnifi,Meterkast,device,diagnostic,Sensor,9,False,"missing category: brand, protocol",,
sensor.kleingen_resolution_free_space,Resolution: free space,sensor,unifiprotect,52357a989d33b3bdb7d00c7509609f5e,KleinUnifi,Meterkast,device,diagnostic,Sensor,9,False,"missing category: brand, protocol",,
sensor.kleingen_recording_capacity,Recording capacity,sensor,unifiprotect,52357a989d33b3bdb7d00c7509609f5e,KleinUnifi,Meterkast,device,diagnostic,Sensor,9,False,"missing category: brand, protocol",,
sensor.kleingen_cpu_utilization,CPU utilization,sensor,unifiprotect,52357a989d33b3bdb7d00c7509609f5e,KleinUnifi,Meterkast,device,diagnostic,,0,True,no labels at all,integration,
sensor.kleingen_cpu_temperature,CPU temperature,sensor,unifiprotect,52357a989d33b3bdb7d00c7509609f5e,KleinUnifi,Meterkast,device,diagnostic,,0,True,no labels at all,integration,
sensor.kleingen_memory_utilization,Memory utilization,sensor,unifiprotect,52357a989d33b3bdb7d00c7509609f5e,KleinUnifi,Meterkast,device,diagnostic,,0,True,no labels at all,integration,
script.rolluik_r_r_open,Rolluik R/R open,script,script,,,Digital only,entity,,"Digital only, Script",2,False,"missing category: brand, protocol; uncategorized label(s): Script",,
script.rolluik_j_d_open,Rolluik J/D open,script,script,,,Digital only,entity,,"Digital only, Script",2,False,"missing category: brand, protocol; uncategorized label(s): Script",,
script.rolluik_r_r_dicht,Rolluik R/R dicht,script,script,,,Digital only,entity,,"Digital only, Script",2,False,"missing category: brand, protocol; uncategorized label(s): Script",,
script.rolluik_j_d_dicht,Rolluik J/D dicht,script,script,,,Digital only,entity,,"Digital only, Script",2,False,"missing category: brand, protocol; uncategorized label(s): Script",,
automation.rolluik_open,Rolluik open J/D,automation,automation,,,Digital only,entity,,"Automation, Digital only",2,False,"missing category: brand, protocol; uncategorized label(s): Automation",,
automation.rolluik_dicht,Rolluik dicht J/D,automation,automation,,,Digital only,entity,,"Automation, Digital only",2,False,"missing category: brand, protocol; uncategorized label(s): Automation",,
automation.rolluik_open_r_r,Rolluik open R/R,automation,automation,,,Digital only,entity,,"Automation, Digital only",2,False,"missing category: brand, protocol; uncategorized label(s): Automation",,
automation.rolluik_dicht_r_r,Rolluik dicht R/R,automation,automation,,,Digital only,entity,,"Automation, Digital only",2,False,"missing category: brand, protocol; uncategorized label(s): Automation",,
binary_sensor.mosquitto_broker_running,Running,binary_sensor,hassio,59fe92979c788b79d42493677f07a934,Mosquitto broker,Digital only,device,,,0,True,no labels at all,integration,
sensor.mosquitto_broker_version,Version,sensor,hassio,59fe92979c788b79d42493677f07a934,Mosquitto broker,Digital only,device,,,0,True,no labels at all,integration,
sensor.mosquitto_broker_newest_version,Newest version,sensor,hassio,59fe92979c788b79d42493677f07a934,Mosquitto broker,Digital only,device,,,0,True,no labels at all,integration,
sensor.mosquitto_broker_cpu_percent,CPU percent,sensor,hassio,59fe92979c788b79d42493677f07a934,Mosquitto broker,Digital only,device,,,0,True,no labels at all,integration,
sensor.mosquitto_broker_memory_percent,Memory percent,sensor,hassio,59fe92979c788b79d42493677f07a934,Mosquitto broker,Digital only,device,,,0,True,no labels at all,integration,
update.mosquitto_broker_update,Update,update,hassio,59fe92979c788b79d42493677f07a934,Mosquitto broker,Digital only,device,config,,0,True,no labels at all,,
sensor.tv_knop_battery,Battery,sensor,mqtt,b6c4f46ebbab9bae7ef684498fd4c2a7,TV knop,Woonkamer,device,diagnostic,,0,True,no labels at all,user,
sensor.tv_knop_linkquality,Linkquality,sensor,mqtt,b6c4f46ebbab9bae7ef684498fd4c2a7,TV knop,Woonkamer,device,diagnostic,,0,True,no labels at all,integration,
sensor.tv_knop_update_state,Update state,sensor,mqtt,b6c4f46ebbab9bae7ef684498fd4c2a7,TV knop,Woonkamer,device,diagnostic,,0,True,no labels at all,integration,
sensor.repeater_schuur_linkquality,Linkquality,sensor,mqtt,bf409b29948cfe956b33949537038c7f,Repeater schuur,Achtertuin,device,diagnostic,,0,True,no labels at all,integration,
sensor.repeater_schuur_update_state,Update state,sensor,mqtt,bf409b29948cfe956b33949537038c7f,Repeater schuur,Achtertuin,device,diagnostic,,0,True,no labels at all,integration,
sensor.gordijn_j_d_linkquality,Linkquality,sensor,mqtt,cc3d9aaec33b9f095e4ae3ebfa88fd9d,Gordijn J/D,Slaapkamer D/J,device,diagnostic,,0,True,no labels at all,integration,
sensor.gordijn_j_d_update_state,Update state,sensor,mqtt,cc3d9aaec33b9f095e4ae3ebfa88fd9d,Gordijn J/D,Slaapkamer D/J,device,diagnostic,,0,True,no labels at all,integration,
sensor.lichtsensor_j_d_voltage,Voltage,sensor,mqtt,202373e9499d4aa24ca937cec240ad86,Lichtsensor J/D,Slaapkamer D/J,device,diagnostic,,0,True,no labels at all,integration,
sensor.lichtsensor_j_d_illuminance,Illuminance,sensor,mqtt,202373e9499d4aa24ca937cec240ad86,Lichtsensor J/D,Slaapkamer D/J,device,,,0,True,no labels at all,integration,
sensor.lichtsensor_j_d_linkquality,Linkquality,sensor,mqtt,202373e9499d4aa24ca937cec240ad86,Lichtsensor J/D,Slaapkamer D/J,device,diagnostic,,0,True,no labels at all,integration,
sensor.rolluik_knop_j_d_linkquality,Linkquality,sensor,mqtt,cab945732fe2e0e59ca599890a7a934c,Rolluik knop J/D,Slaapkamer D/J,device,diagnostic,,0,True,no labels at all,integration,
sensor.rolluik_knop_j_d_update_state,Update state,sensor,mqtt,cab945732fe2e0e59ca599890a7a934c,Rolluik knop J/D,Slaapkamer D/J,device,diagnostic,,0,True,no labels at all,integration,
sensor.darius_knop_linkquality,Linkquality,sensor,mqtt,92af3f56870953cbc2aa28a094c0b480,Darius knop,Slaapkamer D/J,device,diagnostic,,0,True,no labels at all,integration,
sensor.darius_knop_update_state,Update state,sensor,mqtt,92af3f56870953cbc2aa28a094c0b480,Darius knop,Slaapkamer D/J,device,diagnostic,,0,True,no labels at all,integration,
sensor.poort_bewegingssensor_battery,Battery,sensor,mqtt,9e623be9603b93cc8ad12ca7e9045489,Poort bewegingssensor,Achtertuin,device,diagnostic,,0,True,no labels at all,user,
sensor.poort_bewegingssensor_requested_brightness_level,Requested brightness level,sensor,mqtt,9e623be9603b93cc8ad12ca7e9045489,Poort bewegingssensor,Achtertuin,device,diagnostic,,0,True,no labels at all,integration,
sensor.poort_bewegingssensor_requested_brightness_percent,Requested brightness percent,sensor,mqtt,9e623be9603b93cc8ad12ca7e9045489,Poort bewegingssensor,Achtertuin,device,diagnostic,,0,True,no labels at all,integration,
sensor.poort_bewegingssensor_linkquality,Linkquality,sensor,mqtt,9e623be9603b93cc8ad12ca7e9045489,Poort bewegingssensor,Achtertuin,device,diagnostic,,0,True,no labels at all,integration,
sensor.poort_bewegingssensor_update_state,Update state,sensor,mqtt,9e623be9603b93cc8ad12ca7e9045489,Poort bewegingssensor,Achtertuin,device,diagnostic,,0,True,no labels at all,integration,
sensor.veranda_bewegingssensor_battery,Battery,sensor,mqtt,57ec426c9acd0ef4659e3dda29a0bf9e,Veranda bewegingssensor,Veranda,device,diagnostic,,0,True,no labels at all,user,
sensor.veranda_bewegingssensor_requested_brightness_level,Requested brightness level,sensor,mqtt,57ec426c9acd0ef4659e3dda29a0bf9e,Veranda bewegingssensor,Veranda,device,diagnostic,,0,True,no labels at all,integration,
sensor.veranda_bewegingssensor_requested_brightness_percent,Requested brightness percent,sensor,mqtt,57ec426c9acd0ef4659e3dda29a0bf9e,Veranda bewegingssensor,Veranda,device,diagnostic,,0,True,no labels at all,integration,
sensor.veranda_bewegingssensor_linkquality,Linkquality,sensor,mqtt,57ec426c9acd0ef4659e3dda29a0bf9e,Veranda bewegingssensor,Veranda,device,diagnostic,,0,True,no labels at all,integration,
sensor.veranda_bewegingssensor_update_state,Update state,sensor,mqtt,57ec426c9acd0ef4659e3dda29a0bf9e,Veranda bewegingssensor,Veranda,device,diagnostic,,0,True,no labels at all,integration,
sensor.rolien_knop_battery,Battery,sensor,mqtt,96439bdc7d74f5394f4eccb4c0b5ab06,Rolien knop,Slaapkamer R/R,device,diagnostic,,0,True,no labels at all,user,
sensor.rolien_knop_linkquality,Linkquality,sensor,mqtt,96439bdc7d74f5394f4eccb4c0b5ab06,Rolien knop,Slaapkamer R/R,device,diagnostic,,0,True,no labels at all,integration,
sensor.rolien_knop_update_state,Update state,sensor,mqtt,96439bdc7d74f5394f4eccb4c0b5ab06,Rolien knop,Slaapkamer R/R,device,diagnostic,,0,True,no labels at all,integration,
sensor.woonkamer_luchtsensor_temperature,Temperature,sensor,mqtt,0afb2a994a6722095c6280c9ddef3aca,Woonkamer luchtsensor,Woonkamer,device,,,0,True,no labels at all,user,
sensor.woonkamer_luchtsensor_humidity,Humidity,sensor,mqtt,0afb2a994a6722095c6280c9ddef3aca,Woonkamer luchtsensor,Woonkamer,device,,,0,True,no labels at all,user,
sensor.woonkamer_luchtsensor_pm25,PM2.5,sensor,mqtt,0afb2a994a6722095c6280c9ddef3aca,Woonkamer luchtsensor,Woonkamer,device,,,0,True,no labels at all,user,
sensor.woonkamer_luchtsensor_voc_index,VOC index,sensor,mqtt,0afb2a994a6722095c6280c9ddef3aca,Woonkamer luchtsensor,Woonkamer,device,,,0,True,no labels at all,user,
sensor.woonkamer_luchtsensor_linkquality,Linkquality,sensor,mqtt,0afb2a994a6722095c6280c9ddef3aca,Woonkamer luchtsensor,Woonkamer,device,diagnostic,,0,True,no labels at all,integration,
sensor.woonkamer_luchtsensor_update_state,Update state,sensor,mqtt,0afb2a994a6722095c6280c9ddef3aca,Woonkamer luchtsensor,Woonkamer,device,diagnostic,,0,True,no labels at all,integration,
sensor.rolluik_knop_r_r_battery,Battery,sensor,mqtt,9349890e6ea99da99b77d2d28e827a59,Rolluik knop R/R,Slaapkamer R/R,device,diagnostic,,0,True,no labels at all,user,
sensor.rolluik_knop_r_r_linkquality,Linkquality,sensor,mqtt,9349890e6ea99da99b77d2d28e827a59,Rolluik knop R/R,Slaapkamer R/R,device,diagnostic,,0,True,no labels at all,integration,
sensor.rolluik_knop_r_r_update_state,Update state,sensor,mqtt,9349890e6ea99da99b77d2d28e827a59,Rolluik knop R/R,Slaapkamer R/R,device,diagnostic,,0,True,no labels at all,integration,
sensor.slaapkamer_raamsensor_r_r_battery,Battery,sensor,mqtt,e09bdca3fa69a22843758d064b2fca4c,Slaapkamer raamsensor R/R,Slaapkamer R/R,device,diagnostic,,0,True,no labels at all,user,
sensor.slaapkamer_raamsensor_r_r_voltage,Voltage,sensor,mqtt,e09bdca3fa69a22843758d064b2fca4c,Slaapkamer raamsensor R/R,Slaapkamer R/R,device,diagnostic,,0,True,no labels at all,integration,
sensor.slaapkamer_raamsensor_r_r_linkquality,Linkquality,sensor,mqtt,e09bdca3fa69a22843758d064b2fca4c,Slaapkamer raamsensor R/R,Slaapkamer R/R,device,diagnostic,,0,True,no labels at all,integration,
sensor.woonkamer_rookmelder_linkquality,Linkquality,sensor,mqtt,ee39a493c77063988454f5f50a4fbfcd,Woonkamer rookmelder,Woonkamer,device,diagnostic,,0,True,no labels at all,integration,
binary_sensor.tv_knop_update_available,,binary_sensor,mqtt,b6c4f46ebbab9bae7ef684498fd4c2a7,TV knop,Woonkamer,device,diagnostic,,0,True,no labels at all,integration,
binary_sensor.repeater_schuur_update_available,,binary_sensor,mqtt,bf409b29948cfe956b33949537038c7f,Repeater schuur,Achtertuin,device,diagnostic,,0,True,no labels at all,integration,
binary_sensor.gordijn_j_d_update_available,,binary_sensor,mqtt,cc3d9aaec33b9f095e4ae3ebfa88fd9d,Gordijn J/D,Slaapkamer D/J,device,diagnostic,,0,True,no labels at all,integration,
binary_sensor.rolluik_knop_j_d_update_available,,binary_sensor,mqtt,cab945732fe2e0e59ca599890a7a934c,Rolluik knop J/D,Slaapkamer D/J,device,diagnostic,,0,True,no labels at all,integration,
binary_sensor.darius_knop_update_available,,binary_sensor,mqtt,92af3f56870953cbc2aa28a094c0b480,Darius knop,Slaapkamer D/J,device,diagnostic,,0,True,no labels at all,integration,
binary_sensor.poort_bewegingssensor_occupancy,Occupancy,binary_sensor,mqtt,9e623be9603b93cc8ad12ca7e9045489,Poort bewegingssensor,Achtertuin,device,,,0,True,no labels at all,user,
binary_sensor.poort_bewegingssensor_illuminance_above_threshold,Illuminance above threshold,binary_sensor,mqtt,9e623be9603b93cc8ad12ca7e9045489,Poort bewegingssensor,Achtertuin,device,diagnostic,,0,True,no labels at all,user,
binary_sensor.poort_bewegingssensor_update_available,,binary_sensor,mqtt,9e623be9603b93cc8ad12ca7e9045489,Poort bewegingssensor,Achtertuin,device,diagnostic,,0,True,no labels at all,integration,
binary_sensor.veranda_bewegingssensor_occupancy,Occupancy,binary_sensor,mqtt,57ec426c9acd0ef4659e3dda29a0bf9e,Veranda bewegingssensor,Veranda,device,,,0,True,no labels at all,user,
binary_sensor.veranda_bewegingssensor_illuminance_above_threshold,Illuminance above threshold,binary_sensor,mqtt,57ec426c9acd0ef4659e3dda29a0bf9e,Veranda bewegingssensor,Veranda,device,diagnostic,,0,True,no labels at all,user,
binary_sensor.veranda_bewegingssensor_update_available,,binary_sensor,mqtt,57ec426c9acd0ef4659e3dda29a0bf9e,Veranda bewegingssensor,Veranda,device,diagnostic,,0,True,no labels at all,integration,
binary_sensor.rolien_knop_update_available,,binary_sensor,mqtt,96439bdc7d74f5394f4eccb4c0b5ab06,Rolien knop,Slaapkamer R/R,device,diagnostic,,0,True,no labels at all,integration,
binary_sensor.woonkamer_luchtsensor_update_available,,binary_sensor,mqtt,0afb2a994a6722095c6280c9ddef3aca,Woonkamer luchtsensor,Woonkamer,device,diagnostic,,0,True,no labels at all,integration,
binary_sensor.rolluik_knop_r_r_update_available,,binary_sensor,mqtt,9349890e6ea99da99b77d2d28e827a59,Rolluik knop R/R,Slaapkamer R/R,device,diagnostic,,0,True,no labels at all,integration,
binary_sensor.slaapkamer_raamsensor_r_r_contact,Door,binary_sensor,mqtt,e09bdca3fa69a22843758d064b2fca4c,Slaapkamer raamsensor R/R,Slaapkamer R/R,device,,,0,True,no labels at all,user,
binary_sensor.slaapkamer_raamsensor_r_r_battery_low,Battery,binary_sensor,mqtt,e09bdca3fa69a22843758d064b2fca4c,Slaapkamer raamsensor R/R,Slaapkamer R/R,device,diagnostic,,0,True,no labels at all,user,
update.tv_knop,,update,mqtt,b6c4f46ebbab9bae7ef684498fd4c2a7,TV knop,Woonkamer,device,config,,0,True,no labels at all,user,
update.repeater_schuur,,update,mqtt,bf409b29948cfe956b33949537038c7f,Repeater schuur,Achtertuin,device,config,,0,True,no labels at all,user,
update.poort_bewegingssensor,,update,mqtt,9e623be9603b93cc8ad12ca7e9045489,Poort bewegingssensor,Achtertuin,device,config,,0,True,no labels at all,user,
update.rolien_knop,,update,mqtt,96439bdc7d74f5394f4eccb4c0b5ab06,Rolien knop,Slaapkamer R/R,device,config,,0,True,no labels at all,user,
update.woonkamer_luchtsensor,,update,mqtt,0afb2a994a6722095c6280c9ddef3aca,Woonkamer luchtsensor,Woonkamer,device,config,,0,True,no labels at all,user,
update.rolluik_knop_r_r,,update,mqtt,9349890e6ea99da99b77d2d28e827a59,Rolluik knop R/R,Slaapkamer R/R,device,config,,0,True,no labels at all,user,
update.veranda_bewegingssensor,,update,mqtt,57ec426c9acd0ef4659e3dda29a0bf9e,Veranda bewegingssensor,Veranda,device,config,,0,True,no labels at all,user,
binary_sensor.rpi_power_status,Power status,binary_sensor,rpi_power,55b9206903effdc969a2bf563ca65093,Raspberry Pi,Unknown,device,diagnostic,Sensor,9,False,"missing category: brand, protocol",,
sensor.p9_meter_3c39e7285f8c_total_gas,Gas,sensor,homewizard,e4c2965f79fc6632c494aa8f62928f4b,Gasmeter (P9: 3c39e7285f8c),Meterkast,device,,,0,True,no labels at all,device,
binary_sensor.home_assistant_google_drive_backup_running,Running,binary_sensor,hassio,ad934a698bd0ea6925f2db7c98b2b6e6,Home Assistant Google Drive Backup,Digital only,device,,,0,True,no labels at all,integration,
sensor.home_assistant_google_drive_backup_version,Version,sensor,hassio,ad934a698bd0ea6925f2db7c98b2b6e6,Home Assistant Google Drive Backup,Digital only,device,,,0,True,no labels at all,integration,
sensor.home_assistant_google_drive_backup_newest_version,Newest version,sensor,hassio,ad934a698bd0ea6925f2db7c98b2b6e6,Home Assistant Google Drive Backup,Digital only,device,,,0,True,no labels at all,integration,
sensor.home_assistant_google_drive_backup_cpu_percent,CPU percent,sensor,hassio,ad934a698bd0ea6925f2db7c98b2b6e6,Home Assistant Google Drive Backup,Digital only,device,,,0,True,no labels at all,integration,
sensor.home_assistant_google_drive_backup_memory_percent,Memory percent,sensor,hassio,ad934a698bd0ea6925f2db7c98b2b6e6,Home Assistant Google Drive Backup,Digital only,device,,,0,True,no labels at all,integration,
update.home_assistant_google_drive_backup_update,Update,update,hassio,ad934a698bd0ea6925f2db7c98b2b6e6,Home Assistant Google Drive Backup,Digital only,device,config,,0,True,no labels at all,,
binary_sensor.kleinspy2_voordeur_is_dark,Is dark,binary_sensor,unifiprotect,ab278773939c9fbeef693f9c7fa9a62d,KleinSpy2 (voordeur),Hal beneden,device,,Sensor,9,False,"missing category: brand, protocol",,
binary_sensor.kleinspy2_voordeur_ssh_enabled,SSH enabled,binary_sensor,unifiprotect,ab278773939c9fbeef693f9c7fa9a62d,KleinSpy2 (voordeur),Hal beneden,device,diagnostic,,0,True,no labels at all,integration,
binary_sensor.kleinspy2_voordeur_overlay_show_name,Overlay: show name,binary_sensor,unifiprotect,ab278773939c9fbeef693f9c7fa9a62d,KleinSpy2 (voordeur),Hal beneden,device,diagnostic,Sensor,9,False,"missing category: brand, protocol",,
binary_sensor.kleinspy2_voordeur_overlay_show_date,Overlay: show date,binary_sensor,unifiprotect,ab278773939c9fbeef693f9c7fa9a62d,KleinSpy2 (voordeur),Hal beneden,device,diagnostic,Sensor,9,False,"missing category: brand, protocol",,
binary_sensor.kleinspy2_voordeur_overlay_show_logo,Overlay: show logo,binary_sensor,unifiprotect,ab278773939c9fbeef693f9c7fa9a62d,KleinSpy2 (voordeur),Hal beneden,device,diagnostic,Sensor,9,False,"missing category: brand, protocol",,
binary_sensor.kleinspy2_voordeur_overlay_show_bitrate,Overlay: show nerd mode,binary_sensor,unifiprotect,ab278773939c9fbeef693f9c7fa9a62d,KleinSpy2 (voordeur),Hal beneden,device,diagnostic,Sensor,9,False,"missing category: brand, protocol",,
binary_sensor.kleinspy2_voordeur_detections_motion,Motion detection,binary_sensor,unifiprotect,ab278773939c9fbeef693f9c7fa9a62d,KleinSpy2 (voordeur),Hal beneden,device,,Sensor,9,False,"missing category: brand, protocol",,
binary_sensor.kleinspy2_voordeur_motion,Motion,binary_sensor,unifiprotect,ab278773939c9fbeef693f9c7fa9a62d,KleinSpy2 (voordeur),Hal beneden,device,,Sensor,9,False,"missing category: brand, protocol",,
sensor.kleinspy2_voordeur_oldest_recording,Oldest recording,sensor,unifiprotect,ab278773939c9fbeef693f9c7fa9a62d,KleinSpy2 (voordeur),Hal beneden,device,diagnostic,,0,True,no labels at all,integration,
sensor.kleinspy2_voordeur_storage_used,Storage used,sensor,unifiprotect,ab278773939c9fbeef693f9c7fa9a62d,KleinSpy2 (voordeur),Hal beneden,device,diagnostic,Sensor,9,False,"missing category: brand, protocol",,
sensor.kleinspy2_voordeur_disk_write_rate,Disk write rate,sensor,unifiprotect,ab278773939c9fbeef693f9c7fa9a62d,KleinSpy2 (voordeur),Hal beneden,device,diagnostic,Sensor,9,False,"missing category: brand, protocol",,
sensor.kleinspy2_voordeur_recording_mode,Recording mode,sensor,unifiprotect,ab278773939c9fbeef693f9c7fa9a62d,KleinSpy2 (voordeur),Hal beneden,device,diagnostic,Sensor,9,False,"missing category: brand, protocol",,
sensor.kleinspy2_voordeur_received_data,Received data,sensor,unifiprotect,ab278773939c9fbeef693f9c7fa9a62d,KleinSpy2 (voordeur),Hal beneden,device,diagnostic,,0,True,no labels at all,integration,
sensor.kleinspy2_voordeur_transferred_data,Transferred data,sensor,unifiprotect,ab278773939c9fbeef693f9c7fa9a62d,KleinSpy2 (voordeur),Hal beneden,device,diagnostic,,0,True,no labels at all,integration,
sensor.kleinspy2_voordeur_uptime,Uptime,sensor,unifiprotect,ab278773939c9fbeef693f9c7fa9a62d,KleinSpy2 (voordeur),Hal beneden,device,diagnostic,,0,True,no labels at all,integration,
sensor.kleinspy2_voordeur_last_motion_detected,Last motion detected,sensor,unifiprotect,ab278773939c9fbeef693f9c7fa9a62d,KleinSpy2 (voordeur),Hal beneden,device,,,0,True,no labels at all,integration,
camera.kleinspy2_voordeur_high,High resolution channel,camera,unifiprotect,ab278773939c9fbeef693f9c7fa9a62d,KleinSpy2 (voordeur),Hal beneden,device,,,0,True,no labels at all,,
binary_sensor.kleinspy9_veranda_is_dark,Is dark,binary_sensor,unifiprotect,9f928c97dd742c9aae52c305009e79f3,KleinSpy9 (veranda),Veranda,device,,Sensor,9,False,"missing category: brand, protocol",,
binary_sensor.kleinspy9_veranda_ssh_enabled,SSH enabled,binary_sensor,unifiprotect,9f928c97dd742c9aae52c305009e79f3,KleinSpy9 (veranda),Veranda,device,diagnostic,,0,True,no labels at all,integration,
binary_sensor.kleinspy9_veranda_overlay_show_name,Overlay: show name,binary_sensor,unifiprotect,9f928c97dd742c9aae52c305009e79f3,KleinSpy9 (veranda),Veranda,device,diagnostic,Sensor,9,False,"missing category: brand, protocol",,
binary_sensor.kleinspy9_veranda_overlay_show_date,Overlay: show date,binary_sensor,unifiprotect,9f928c97dd742c9aae52c305009e79f3,KleinSpy9 (veranda),Veranda,device,diagnostic,Sensor,9,False,"missing category: brand, protocol",,
binary_sensor.kleinspy9_veranda_overlay_show_logo,Overlay: show logo,binary_sensor,unifiprotect,9f928c97dd742c9aae52c305009e79f3,KleinSpy9 (veranda),Veranda,device,diagnostic,Sensor,9,False,"missing category: brand, protocol",,
binary_sensor.kleinspy9_veranda_overlay_show_bitrate,Overlay: show nerd mode,binary_sensor,unifiprotect,9f928c97dd742c9aae52c305009e79f3,KleinSpy9 (veranda),Veranda,device,diagnostic,Sensor,9,False,"missing category: brand, protocol",,
binary_sensor.kleinspy9_veranda_detections_motion,Motion detection,binary_sensor,unifiprotect,9f928c97dd742c9aae52c305009e79f3,KleinSpy9 (veranda),Veranda,device,,Sensor,9,False,"missing category: brand, protocol",,
binary_sensor.kleinspy9_veranda_motion,Motion,binary_sensor,unifiprotect,9f928c97dd742c9aae52c305009e79f3,KleinSpy9 (veranda),Veranda,device,,Sensor,9,False,"missing category: brand, protocol",,
sensor.kleinspy9_veranda_oldest_recording,Oldest recording,sensor,unifiprotect,9f928c97dd742c9aae52c305009e79f3,KleinSpy9 (veranda),Veranda,device,diagnostic,,0,True,no labels at all,integration,
sensor.kleinspy9_veranda_storage_used,Storage used,sensor,unifiprotect,9f928c97dd742c9aae52c305009e79f3,KleinSpy9 (veranda),Veranda,device,diagnostic,Sensor,9,False,"missing category: brand, protocol",,
sensor.kleinspy9_veranda_disk_write_rate,Disk write rate,sensor,unifiprotect,9f928c97dd742c9aae52c305009e79f3,KleinSpy9 (veranda),Veranda,device,diagnostic,Sensor,9,False,"missing category: brand, protocol",,
sensor.kleinspy9_veranda_recording_mode,Recording mode,sensor,unifiprotect,9f928c97dd742c9aae52c305009e79f3,KleinSpy9 (veranda),Veranda,device,diagnostic,Sensor,9,False,"missing category: brand, protocol",,
sensor.kleinspy9_veranda_received_data,Received data,sensor,unifiprotect,9f928c97dd742c9aae52c305009e79f3,KleinSpy9 (veranda),Veranda,device,diagnostic,,0,True,no labels at all,integration,
sensor.kleinspy9_veranda_transferred_data,Transferred data,sensor,unifiprotect,9f928c97dd742c9aae52c305009e79f3,KleinSpy9 (veranda),Veranda,device,diagnostic,,0,True,no labels at all,integration,
sensor.kleinspy9_veranda_uptime,Uptime,sensor,unifiprotect,9f928c97dd742c9aae52c305009e79f3,KleinSpy9 (veranda),Veranda,device,diagnostic,,0,True,no labels at all,integration,
sensor.kleinspy9_veranda_last_motion_detected,Last motion detected,sensor,unifiprotect,9f928c97dd742c9aae52c305009e79f3,KleinSpy9 (veranda),Veranda,device,,,0,True,no labels at all,integration,
camera.kleinspy9_veranda_high,High resolution channel,camera,unifiprotect,9f928c97dd742c9aae52c305009e79f3,KleinSpy9 (veranda),Veranda,device,,,0,True,no labels at all,,
binary_sensor.kleinspy2_voordeur_status_light_on,Status light,binary_sensor,unifiprotect,ab278773939c9fbeef693f9c7fa9a62d,KleinSpy2 (voordeur),Hal beneden,device,diagnostic,Sensor,9,False,"missing category: brand, protocol",,
binary_sensor.kleinspy2_voordeur_hdr_mode,HDR mode,binary_sensor,unifiprotect,ab278773939c9fbeef693f9c7fa9a62d,KleinSpy2 (voordeur),Hal beneden,device,diagnostic,Sensor,9,False,"missing category: brand, protocol",,
binary_sensor.kleinspy2_voordeur_system_sounds,System sounds,binary_sensor,unifiprotect,ab278773939c9fbeef693f9c7fa9a62d,KleinSpy2 (voordeur),Hal beneden,device,diagnostic,Sensor,9,False,"missing category: brand, protocol",,
binary_sensor.kleinspy9_veranda_status_light_on,Status light,binary_sensor,unifiprotect,9f928c97dd742c9aae52c305009e79f3,KleinSpy9 (veranda),Veranda,device,diagnostic,Sensor,9,False,"missing category: brand, protocol",,
binary_sensor.kleinspy9_veranda_hdr_mode,HDR mode,binary_sensor,unifiprotect,9f928c97dd742c9aae52c305009e79f3,KleinSpy9 (veranda),Veranda,device,diagnostic,Sensor,9,False,"missing category: brand, protocol",,
binary_sensor.kleinspy9_veranda_system_sounds,System sounds,binary_sensor,unifiprotect,9f928c97dd742c9aae52c305009e79f3,KleinSpy9 (veranda),Veranda,device,diagnostic,Sensor,9,False,"missing category: brand, protocol",,
media_player.kleinspy2_voordeur_speaker,Speaker,media_player,unifiprotect,ab278773939c9fbeef693f9c7fa9a62d,KleinSpy2 (voordeur),Hal beneden,device,,,0,True,no labels at all,,
media_player.kleinspy9_veranda_speaker,Speaker,media_player,unifiprotect,9f928c97dd742c9aae52c305009e79f3,KleinSpy9 (veranda),Veranda,device,,,0,True,no labels at all,,
sensor.kleinspy2_voordeur_microphone_level,Microphone level,sensor,unifiprotect,ab278773939c9fbeef693f9c7fa9a62d,KleinSpy2 (voordeur),Hal beneden,device,diagnostic,Sensor,9,False,"missing category: brand, protocol",,
sensor.kleinspy2_voordeur_infrared_mode,Infrared mode,sensor,unifiprotect,ab278773939c9fbeef693f9c7fa9a62d,KleinSpy2 (voordeur),Hal beneden,device,diagnostic,Sensor,9,False,"missing category: brand, protocol",,
sensor.kleinspy9_veranda_microphone_level,Microphone level,sensor,unifiprotect,9f928c97dd742c9aae52c305009e79f3,KleinSpy9 (veranda),Veranda,device,diagnostic,Sensor,9,False,"missing category: brand, protocol",,
sensor.kleinspy9_veranda_infrared_mode,Infrared mode,sensor,unifiprotect,9f928c97dd742c9aae52c305009e79f3,KleinSpy9 (veranda),Veranda,device,diagnostic,Sensor,9,False,"missing category: brand, protocol",,
sensor.kleinspy2_voordeur_wifi_signal_strength,Wi-Fi signal strength,sensor,unifiprotect,ab278773939c9fbeef693f9c7fa9a62d,KleinSpy2 (voordeur),Hal beneden,device,diagnostic,,0,True,no labels at all,integration,
sensor.kleinspy9_veranda_wifi_signal_strength,Wi-Fi signal strength,sensor,unifiprotect,9f928c97dd742c9aae52c305009e79f3,KleinSpy9 (veranda),Veranda,device,diagnostic,,0,True,no labels at all,integration,
sensor.burea_rudi_linkquality,Linkquality,sensor,mqtt,d22faeecf748a8e99ebc72e0730a9f0e,Rudi knop,Woonkamer,device,diagnostic,,0,True,no labels at all,integration,
sensor.burea_rudi_update_state,Update state,sensor,mqtt,d22faeecf748a8e99ebc72e0730a9f0e,Rudi knop,Woonkamer,device,diagnostic,,0,True,no labels at all,integration,
binary_sensor.burea_rudi_update_available,,binary_sensor,mqtt,d22faeecf748a8e99ebc72e0730a9f0e,Rudi knop,Woonkamer,device,diagnostic,,0,True,no labels at all,integration,
sensor.rudi_knop_battery,Battery,sensor,mqtt,d22faeecf748a8e99ebc72e0730a9f0e,Rudi knop,Woonkamer,device,diagnostic,,0,True,no labels at all,user,
update.rudi_knop,,update,mqtt,d22faeecf748a8e99ebc72e0730a9f0e,Rudi knop,Woonkamer,device,config,,0,True,no labels at all,user,
automation.bureau_rudi_on,Bureau Rudi (on),automation,automation,,,Digital only,entity,,"Automation, Digital only",2,False,"missing category: brand, protocol; uncategorized label(s): Automation",,
automation.bureau_rudi_off_via_rudi_knop,Bureau Rudi (off),automation,automation,,,Digital only,entity,,"Automation, Digital only",2,False,"missing category: brand, protocol; uncategorized label(s): Automation",,
automation.bureau_rolien_on,Bureau Rolien (on),automation,automation,,,Digital only,entity,,"Automation, Digital only",2,False,"missing category: brand, protocol; uncategorized label(s): Automation",,
automation.bureau_rolien_off,Bureau Rolien (off),automation,automation,,,Digital only,entity,,"Automation, Digital only",2,False,"missing category: brand, protocol; uncategorized label(s): Automation",,
device_tracker.galaxy_watch4_26kz,Rudi smartwatch,device_tracker,mobile_app,d0bf97e976e09a07ab9df86a05c8d47a,Rudi smartwatch,Mobiel,device,diagnostic,,0,True,no labels at all,,
sensor.galaxy_watch4_26kz_os_version,Rudi smartwatch OS version,sensor,mobile_app,d0bf97e976e09a07ab9df86a05c8d47a,Rudi smartwatch,Mobiel,device,diagnostic,,0,True,no labels at all,integration,
sensor.galaxy_watch4_26kz_security_patch,Rudi smartwatch Security patch,sensor,mobile_app,d0bf97e976e09a07ab9df86a05c8d47a,Rudi smartwatch,Mobiel,device,diagnostic,,0,True,no labels at all,integration,
sensor.galaxy_watch4_26kz_current_version,Rudi smartwatch Current version,sensor,mobile_app,d0bf97e976e09a07ab9df86a05c8d47a,Rudi smartwatch,Mobiel,device,diagnostic,,0,True,no labels at all,integration,
sensor.galaxy_watch4_26kz_app_rx_gb,Rudi smartwatch App Rx GB,sensor,mobile_app,d0bf97e976e09a07ab9df86a05c8d47a,Rudi smartwatch,Mobiel,device,diagnostic,,0,True,no labels at all,integration,
sensor.galaxy_watch4_26kz_app_tx_gb,Rudi smartwatch App Tx GB,sensor,mobile_app,d0bf97e976e09a07ab9df86a05c8d47a,Rudi smartwatch,Mobiel,device,diagnostic,,0,True,no labels at all,integration,
sensor.galaxy_watch4_26kz_app_memory,Rudi smartwatch App memory,sensor,mobile_app,d0bf97e976e09a07ab9df86a05c8d47a,Rudi smartwatch,Mobiel,device,diagnostic,,0,True,no labels at all,integration,
binary_sensor.galaxy_watch4_26kz_app_inactive,Rudi smartwatch App inactive,binary_sensor,mobile_app,d0bf97e976e09a07ab9df86a05c8d47a,Rudi smartwatch,Mobiel,device,diagnostic,,0,True,no labels at all,integration,
sensor.galaxy_watch4_26kz_app_standby_bucket,Rudi smartwatch App standby bucket,sensor,mobile_app,d0bf97e976e09a07ab9df86a05c8d47a,Rudi smartwatch,Mobiel,device,diagnostic,,0,True,no labels at all,integration,
sensor.galaxy_watch4_26kz_app_importance,Rudi smartwatch App importance,sensor,mobile_app,d0bf97e976e09a07ab9df86a05c8d47a,Rudi smartwatch,Mobiel,device,diagnostic,,0,True,no labels at all,integration,
sensor.galaxy_watch4_26kz_ringer_mode,Rudi smartwatch Ringer mode,sensor,mobile_app,d0bf97e976e09a07ab9df86a05c8d47a,Rudi smartwatch,Mobiel,device,,,0,True,no labels at all,integration,
sensor.galaxy_watch4_26kz_audio_mode,Rudi smartwatch Audio mode,sensor,mobile_app,d0bf97e976e09a07ab9df86a05c8d47a,Rudi smartwatch,Mobiel,device,,,0,True,no labels at all,integration,
binary_sensor.galaxy_watch4_26kz_headphones,Rudi smartwatch Headphones,binary_sensor,mobile_app,d0bf97e976e09a07ab9df86a05c8d47a,Rudi smartwatch,Mobiel,device,,,0,True,no labels at all,integration,
binary_sensor.galaxy_watch4_26kz_mic_muted,Rudi smartwatch Mic muted,binary_sensor,mobile_app,d0bf97e976e09a07ab9df86a05c8d47a,Rudi smartwatch,Mobiel,device,,,0,True,no labels at all,integration,
binary_sensor.galaxy_watch4_26kz_speakerphone,Rudi smartwatch Speakerphone,binary_sensor,mobile_app,d0bf97e976e09a07ab9df86a05c8d47a,Rudi smartwatch,Mobiel,device,,,0,True,no labels at all,integration,
binary_sensor.galaxy_watch4_26kz_music_active,Rudi smartwatch Music active,binary_sensor,mobile_app,d0bf97e976e09a07ab9df86a05c8d47a,Rudi smartwatch,Mobiel,device,,,0,True,no labels at all,integration,
sensor.galaxy_watch4_26kz_volume_level_alarm,Rudi smartwatch Volume level alarm,sensor,mobile_app,d0bf97e976e09a07ab9df86a05c8d47a,Rudi smartwatch,Mobiel,device,diagnostic,,0,True,no labels at all,integration,
sensor.galaxy_watch4_26kz_volume_level_call,Rudi smartwatch Volume level call,sensor,mobile_app,d0bf97e976e09a07ab9df86a05c8d47a,Rudi smartwatch,Mobiel,device,diagnostic,,0,True,no labels at all,integration,
sensor.galaxy_watch4_26kz_volume_level_music,Rudi smartwatch Volume level music,sensor,mobile_app,d0bf97e976e09a07ab9df86a05c8d47a,Rudi smartwatch,Mobiel,device,diagnostic,,0,True,no labels at all,integration,
sensor.galaxy_watch4_26kz_volume_level_ringer,Rudi smartwatch Volume level ringer,sensor,mobile_app,d0bf97e976e09a07ab9df86a05c8d47a,Rudi smartwatch,Mobiel,device,diagnostic,,0,True,no labels at all,integration,
sensor.galaxy_watch4_26kz_volume_level_notification,Rudi smartwatch Volume level notification,sensor,mobile_app,d0bf97e976e09a07ab9df86a05c8d47a,Rudi smartwatch,Mobiel,device,diagnostic,,0,True,no labels at all,integration,
sensor.galaxy_watch4_26kz_volume_level_system,Rudi smartwatch Volume level system,sensor,mobile_app,d0bf97e976e09a07ab9df86a05c8d47a,Rudi smartwatch,Mobiel,device,diagnostic,,0,True,no labels at all,integration,
sensor.galaxy_watch4_26kz_volume_level_dtmf,Rudi smartwatch Volume level DTMF,sensor,mobile_app,d0bf97e976e09a07ab9df86a05c8d47a,Rudi smartwatch,Mobiel,device,diagnostic,,0,True,no labels at all,integration,
sensor.galaxy_watch4_26kz_volume_level_accessibility,Rudi smartwatch Volume level accessibility,sensor,mobile_app,d0bf97e976e09a07ab9df86a05c8d47a,Rudi smartwatch,Mobiel,device,diagnostic,,0,True,no labels at all,integration,
sensor.galaxy_watch4_26kz_battery_level,Rudi smartwatch Battery level,sensor,mobile_app,d0bf97e976e09a07ab9df86a05c8d47a,Rudi smartwatch,Mobiel,device,diagnostic,Sensor,9,False,"missing category: brand, protocol",,
sensor.galaxy_watch4_26kz_battery_state,Rudi smartwatch Battery state,sensor,mobile_app,d0bf97e976e09a07ab9df86a05c8d47a,Rudi smartwatch,Mobiel,device,diagnostic,Sensor,9,False,"missing category: brand, protocol",,
binary_sensor.galaxy_watch4_26kz_is_charging,Rudi smartwatch Is charging,binary_sensor,mobile_app,d0bf97e976e09a07ab9df86a05c8d47a,Rudi smartwatch,Mobiel,device,diagnostic,,0,True,no labels at all,integration,
sensor.galaxy_watch4_26kz_charger_type,Rudi smartwatch Charger type,sensor,mobile_app,d0bf97e976e09a07ab9df86a05c8d47a,Rudi smartwatch,Mobiel,device,diagnostic,Sensor,9,False,"missing category: brand, protocol",,
sensor.galaxy_watch4_26kz_battery_health,Rudi smartwatch Battery health,sensor,mobile_app,d0bf97e976e09a07ab9df86a05c8d47a,Rudi smartwatch,Mobiel,device,diagnostic,,0,True,no labels at all,integration,
sensor.galaxy_watch4_26kz_battery_temperature,Rudi smartwatch Battery temperature,sensor,mobile_app,d0bf97e976e09a07ab9df86a05c8d47a,Rudi smartwatch,Mobiel,device,diagnostic,,0,True,no labels at all,integration,
sensor.galaxy_watch4_26kz_battery_power,Rudi smartwatch Battery power,sensor,mobile_app,d0bf97e976e09a07ab9df86a05c8d47a,Rudi smartwatch,Mobiel,device,diagnostic,,0,True,no labels at all,integration,
binary_sensor.galaxy_watch4_26kz_bedtime_mode,Rudi smartwatch Bedtime mode,binary_sensor,mobile_app,d0bf97e976e09a07ab9df86a05c8d47a,Rudi smartwatch,Mobiel,device,diagnostic,,0,True,no labels at all,integration,
sensor.galaxy_watch4_26kz_bluetooth_connection,Rudi smartwatch Bluetooth connection,sensor,mobile_app,d0bf97e976e09a07ab9df86a05c8d47a,Rudi smartwatch,Mobiel,device,,,0,True,no labels at all,integration,
binary_sensor.galaxy_watch4_26kz_bluetooth_state,Rudi smartwatch Bluetooth state,binary_sensor,mobile_app,d0bf97e976e09a07ab9df86a05c8d47a,Rudi smartwatch,Mobiel,device,diagnostic,,0,True,no labels at all,integration,
sensor.galaxy_watch4_26kz_ble_transmitter,Rudi smartwatch BLE transmitter,sensor,mobile_app,d0bf97e976e09a07ab9df86a05c8d47a,Rudi smartwatch,Mobiel,device,diagnostic,,0,True,no labels at all,integration,
sensor.galaxy_watch4_26kz_beacon_monitor,Rudi smartwatch Beacon monitor,sensor,mobile_app,d0bf97e976e09a07ab9df86a05c8d47a,Rudi smartwatch,Mobiel,device,diagnostic,,0,True,no labels at all,integration,
sensor.galaxy_watch4_26kz_screen_brightness,Rudi smartwatch Screen brightness,sensor,mobile_app,d0bf97e976e09a07ab9df86a05c8d47a,Rudi smartwatch,Mobiel,device,,,0,True,no labels at all,integration,
sensor.galaxy_watch4_26kz_screen_off_timeout,Rudi smartwatch Screen off timeout,sensor,mobile_app,d0bf97e976e09a07ab9df86a05c8d47a,Rudi smartwatch,Mobiel,device,,,0,True,no labels at all,integration,
sensor.galaxy_watch4_26kz_do_not_disturb_sensor,Rudi smartwatch Do Not Disturb sensor,sensor,mobile_app,d0bf97e976e09a07ab9df86a05c8d47a,Rudi smartwatch,Mobiel,device,diagnostic,,0,True,no labels at all,integration,
sensor.galaxy_watch4_26kz_heart_rate,Rudi smartwatch Heart rate,sensor,mobile_app,d0bf97e976e09a07ab9df86a05c8d47a,Rudi smartwatch,Mobiel,device,,,0,True,no labels at all,integration,
binary_sensor.galaxy_watch4_26kz_device_locked,Rudi smartwatch Device locked,binary_sensor,mobile_app,d0bf97e976e09a07ab9df86a05c8d47a,Rudi smartwatch,Mobiel,device,diagnostic,,0,True,no labels at all,integration,
binary_sensor.galaxy_watch4_26kz_device_secure,Rudi smartwatch Device secure,binary_sensor,mobile_app,d0bf97e976e09a07ab9df86a05c8d47a,Rudi smartwatch,Mobiel,device,diagnostic,,0,True,no labels at all,integration,
binary_sensor.galaxy_watch4_26kz_keyguard_locked,Rudi smartwatch Keyguard locked,binary_sensor,mobile_app,d0bf97e976e09a07ab9df86a05c8d47a,Rudi smartwatch,Mobiel,device,diagnostic,,0,True,no labels at all,integration,
binary_sensor.galaxy_watch4_26kz_keyguard_secure,Rudi smartwatch Keyguard secure,binary_sensor,mobile_app,d0bf97e976e09a07ab9df86a05c8d47a,Rudi smartwatch,Mobiel,device,diagnostic,,0,True,no labels at all,integration,
sensor.galaxy_watch4_26kz_last_reboot,Rudi smartwatch Last reboot,sensor,mobile_app,d0bf97e976e09a07ab9df86a05c8d47a,Rudi smartwatch,Mobiel,device,diagnostic,,0,True,no labels at all,integration,
sensor.galaxy_watch4_26kz_last_update_trigger,Rudi smartwatch Last update trigger,sensor,mobile_app,d0bf97e976e09a07ab9df86a05c8d47a,Rudi smartwatch,Mobiel,device,diagnostic,,0,True,no labels at all,integration,
sensor.galaxy_watch4_26kz_light_sensor,Rudi smartwatch Light sensor,sensor,mobile_app,d0bf97e976e09a07ab9df86a05c8d47a,Rudi smartwatch,Mobiel,device,,,0,True,no labels at all,integration,
sensor.galaxy_watch4_26kz_wifi_connection,Rudi smartwatch WiFi connection,sensor,mobile_app,d0bf97e976e09a07ab9df86a05c8d47a,Rudi smartwatch,Mobiel,device,diagnostic,,0,True,no labels at all,integration,
sensor.galaxy_watch4_26kz_wifi_bssid,Rudi smartwatch WiFi BSSID,sensor,mobile_app,d0bf97e976e09a07ab9df86a05c8d47a,Rudi smartwatch,Mobiel,device,diagnostic,,0,True,no labels at all,integration,
sensor.galaxy_watch4_26kz_wifi_ip_address,Rudi smartwatch WiFi IP address,sensor,mobile_app,d0bf97e976e09a07ab9df86a05c8d47a,Rudi smartwatch,Mobiel,device,diagnostic,,0,True,no labels at all,integration,
sensor.galaxy_watch4_26kz_wifi_link_speed,Rudi smartwatch WiFi link speed,sensor,mobile_app,d0bf97e976e09a07ab9df86a05c8d47a,Rudi smartwatch,Mobiel,device,diagnostic,,0,True,no labels at all,integration,
binary_sensor.galaxy_watch4_26kz_wifi_state,Rudi smartwatch WiFi state,binary_sensor,mobile_app,d0bf97e976e09a07ab9df86a05c8d47a,Rudi smartwatch,Mobiel,device,diagnostic,,0,True,no labels at all,integration,
sensor.galaxy_watch4_26kz_wifi_frequency,Rudi smartwatch WiFi frequency,sensor,mobile_app,d0bf97e976e09a07ab9df86a05c8d47a,Rudi smartwatch,Mobiel,device,diagnostic,,0,True,no labels at all,integration,
sensor.galaxy_watch4_26kz_wifi_signal_strength,Rudi smartwatch WiFi signal strength,sensor,mobile_app,d0bf97e976e09a07ab9df86a05c8d47a,Rudi smartwatch,Mobiel,device,diagnostic,,0,True,no labels at all,integration,
sensor.galaxy_watch4_26kz_public_ip_address,Rudi smartwatch Public IP address,sensor,mobile_app,d0bf97e976e09a07ab9df86a05c8d47a,Rudi smartwatch,Mobiel,device,diagnostic,,0,True,no labels at all,integration,
sensor.galaxy_watch4_26kz_network_type,Rudi smartwatch Network type,sensor,mobile_app,d0bf97e976e09a07ab9df86a05c8d47a,Rudi smartwatch,Mobiel,device,diagnostic,,0,True,no labels at all,integration,
sensor.galaxy_watch4_26kz_next_alarm,Rudi smartwatch Next alarm,sensor,mobile_app,d0bf97e976e09a07ab9df86a05c8d47a,Rudi smartwatch,Mobiel,device,,,0,True,no labels at all,integration,
binary_sensor.galaxy_watch4_26kz_nfc_state,Rudi smartwatch NFC state,binary_sensor,mobile_app,d0bf97e976e09a07ab9df86a05c8d47a,Rudi smartwatch,Mobiel,device,diagnostic,,0,True,no labels at all,integration,
binary_sensor.galaxy_watch4_26kz_on_body_sensor,Rudi smartwatch On body sensor,binary_sensor,mobile_app,d0bf97e976e09a07ab9df86a05c8d47a,Rudi smartwatch,Mobiel,device,diagnostic,,0,True,no labels at all,integration,
binary_sensor.galaxy_watch4_26kz_interactive,Rudi smartwatch Interactive,binary_sensor,mobile_app,d0bf97e976e09a07ab9df86a05c8d47a,Rudi smartwatch,Mobiel,device,diagnostic,,0,True,no labels at all,integration,
binary_sensor.galaxy_watch4_26kz_doze_mode,Rudi smartwatch Doze mode,binary_sensor,mobile_app,d0bf97e976e09a07ab9df86a05c8d47a,Rudi smartwatch,Mobiel,device,diagnostic,,0,True,no labels at all,integration,
binary_sensor.galaxy_watch4_26kz_power_save,Rudi smartwatch Power save,binary_sensor,mobile_app,d0bf97e976e09a07ab9df86a05c8d47a,Rudi smartwatch,Mobiel,device,diagnostic,,0,True,no labels at all,integration,
sensor.galaxy_watch4_26kz_pressure_sensor,Rudi smartwatch Pressure sensor,sensor,mobile_app,d0bf97e976e09a07ab9df86a05c8d47a,Rudi smartwatch,Mobiel,device,,,0,True,no labels at all,integration,
sensor.galaxy_watch4_26kz_steps_sensor,Rudi smartwatch Steps sensor,sensor,mobile_app,d0bf97e976e09a07ab9df86a05c8d47a,Rudi smartwatch,Mobiel,device,,,0,True,no labels at all,integration,
sensor.galaxy_watch4_26kz_internal_storage,Rudi smartwatch Internal storage,sensor,mobile_app,d0bf97e976e09a07ab9df86a05c8d47a,Rudi smartwatch,Mobiel,device,diagnostic,,0,True,no labels at all,integration,
sensor.galaxy_watch4_26kz_external_storage,Rudi smartwatch External storage,sensor,mobile_app,d0bf97e976e09a07ab9df86a05c8d47a,Rudi smartwatch,Mobiel,device,diagnostic,,0,True,no labels at all,integration,
binary_sensor.galaxy_watch4_26kz_theater_mode,Rudi smartwatch Theater mode,binary_sensor,mobile_app,d0bf97e976e09a07ab9df86a05c8d47a,Rudi smartwatch,Mobiel,device,diagnostic,,0,True,no labels at all,integration,
sensor.galaxy_watch4_26kz_current_time_zone,Rudi smartwatch Current time zone,sensor,mobile_app,d0bf97e976e09a07ab9df86a05c8d47a,Rudi smartwatch,Mobiel,device,diagnostic,,0,True,no labels at all,integration,
sensor.galaxy_watch4_26kz_total_rx_gb,Rudi smartwatch Total Rx GB,sensor,mobile_app,d0bf97e976e09a07ab9df86a05c8d47a,Rudi smartwatch,Mobiel,device,diagnostic,,0,True,no labels at all,integration,
sensor.galaxy_watch4_26kz_total_tx_gb,Rudi smartwatch Total Tx GB,sensor,mobile_app,d0bf97e976e09a07ab9df86a05c8d47a,Rudi smartwatch,Mobiel,device,diagnostic,,0,True,no labels at all,integration,
binary_sensor.galaxy_watch4_26kz_wet_mode,Rudi smartwatch Wet mode,binary_sensor,mobile_app,d0bf97e976e09a07ab9df86a05c8d47a,Rudi smartwatch,Mobiel,device,diagnostic,,0,True,no labels at all,integration,
sensor.galaxy_watch4_26kz_activity_state,Rudi smartwatch Activity state,sensor,mobile_app,d0bf97e976e09a07ab9df86a05c8d47a,Rudi smartwatch,Mobiel,device,diagnostic,,0,True,no labels at all,integration,
sensor.galaxy_watch4_26kz_daily_floors,Rudi smartwatch Daily floors,sensor,mobile_app,d0bf97e976e09a07ab9df86a05c8d47a,Rudi smartwatch,Mobiel,device,diagnostic,,0,True,no labels at all,integration,
sensor.galaxy_watch4_26kz_daily_distance,Rudi smartwatch Daily distance,sensor,mobile_app,d0bf97e976e09a07ab9df86a05c8d47a,Rudi smartwatch,Mobiel,device,diagnostic,,0,True,no labels at all,integration,
sensor.galaxy_watch4_26kz_daily_calories,Rudi smartwatch Daily calories,sensor,mobile_app,d0bf97e976e09a07ab9df86a05c8d47a,Rudi smartwatch,Mobiel,device,diagnostic,,0,True,no labels at all,integration,
sensor.galaxy_watch4_26kz_daily_steps,Rudi smartwatch Daily steps,sensor,mobile_app,d0bf97e976e09a07ab9df86a05c8d47a,Rudi smartwatch,Mobiel,device,diagnostic,,0,True,no labels at all,integration,
zone.honswijkerplas_tull,Honswijkerplas (Tull),zone,zone,,,,,,Zone,9,False,"missing category: brand, protocol, function; uncategorized label(s): Zone",,
automation.poort_sensor_lichten_aan,Poort sensor: lichten aan,automation,automation,,,Digital only,entity,,"Automation, Digital only, Sensor",3,False,"missing category: brand, protocol; uncategorized label(s): Automation",,
automation.veranda_sensor,Veranda sensor: lichten aan,automation,automation,,,Digital only,entity,,"Automation, Digital only, Sensor",3,False,"missing category: brand, protocol; uncategorized label(s): Automation",,
automation.deken_timer,Deken Rudi en Rolien,automation,automation,,,Digital only,entity,,"Automation, Digital only",2,False,"missing category: brand, protocol; uncategorized label(s): Automation",,
device_tracker.rudi_smartphone,Rudi tablet,device_tracker,mobile_app,ab8f9b0974393bf77689a3cea7f94946,Rudi smartphone (S90),Mobiel,device,diagnostic,,0,True,no labels at all,,
sensor.rudi_smartphone_detected_activity,Rudi tablet Detected activity,sensor,mobile_app,ab8f9b0974393bf77689a3cea7f94946,Rudi smartphone (S90),Mobiel,device,,,0,True,no labels at all,integration,
sensor.rudi_smartphone_sleep_confidence,Rudi tablet Sleep confidence,sensor,mobile_app,ab8f9b0974393bf77689a3cea7f94946,Rudi smartphone (S90),Mobiel,device,,,0,True,no labels at all,integration,
sensor.rudi_smartphone_sleep_segment,Rudi tablet Sleep segment,sensor,mobile_app,ab8f9b0974393bf77689a3cea7f94946,Rudi smartphone (S90),Mobiel,device,,,0,True,no labels at all,integration,
binary_sensor.rudi_smartphone_android_auto,Rudi tablet Android Auto,binary_sensor,mobile_app,ab8f9b0974393bf77689a3cea7f94946,Rudi smartphone (S90),Mobiel,device,,Sensor,9,False,"missing category: brand, protocol",,
sensor.rudi_smartphone_os_version,Rudi tablet OS version,sensor,mobile_app,ab8f9b0974393bf77689a3cea7f94946,Rudi smartphone (S90),Mobiel,device,diagnostic,,0,True,no labels at all,integration,
sensor.rudi_smartphone_security_patch,Rudi tablet Security patch,sensor,mobile_app,ab8f9b0974393bf77689a3cea7f94946,Rudi smartphone (S90),Mobiel,device,diagnostic,,0,True,no labels at all,integration,
sensor.rudi_smartphone_current_version,Rudi tablet Current version,sensor,mobile_app,ab8f9b0974393bf77689a3cea7f94946,Rudi smartphone (S90),Mobiel,device,diagnostic,,0,True,no labels at all,integration,
sensor.rudi_smartphone_app_rx_gb,Rudi tablet App Rx GB,sensor,mobile_app,ab8f9b0974393bf77689a3cea7f94946,Rudi smartphone (S90),Mobiel,device,diagnostic,,0,True,no labels at all,integration,
sensor.rudi_smartphone_app_tx_gb,Rudi tablet App Tx GB,sensor,mobile_app,ab8f9b0974393bf77689a3cea7f94946,Rudi smartphone (S90),Mobiel,device,diagnostic,,0,True,no labels at all,integration,
sensor.rudi_smartphone_app_memory,Rudi tablet App memory,sensor,mobile_app,ab8f9b0974393bf77689a3cea7f94946,Rudi smartphone (S90),Mobiel,device,diagnostic,,0,True,no labels at all,integration,
binary_sensor.rudi_smartphone_app_inactive,Rudi tablet App inactive,binary_sensor,mobile_app,ab8f9b0974393bf77689a3cea7f94946,Rudi smartphone (S90),Mobiel,device,diagnostic,,0,True,no labels at all,integration,
sensor.rudi_smartphone_app_standby_bucket,Rudi tablet App standby bucket,sensor,mobile_app,ab8f9b0974393bf77689a3cea7f94946,Rudi smartphone (S90),Mobiel,device,diagnostic,,0,True,no labels at all,integration,
sensor.rudi_smartphone_app_importance,Rudi tablet App importance,sensor,mobile_app,ab8f9b0974393bf77689a3cea7f94946,Rudi smartphone (S90),Mobiel,device,diagnostic,,0,True,no labels at all,integration,
sensor.rudi_smartphone_ringer_mode,Rudi tablet Ringer mode,sensor,mobile_app,ab8f9b0974393bf77689a3cea7f94946,Rudi smartphone (S90),Mobiel,device,,,0,True,no labels at all,integration,
sensor.rudi_smartphone_audio_mode,Rudi tablet Audio mode,sensor,mobile_app,ab8f9b0974393bf77689a3cea7f94946,Rudi smartphone (S90),Mobiel,device,,,0,True,no labels at all,integration,
binary_sensor.rudi_smartphone_headphones,Rudi tablet Headphones,binary_sensor,mobile_app,ab8f9b0974393bf77689a3cea7f94946,Rudi smartphone (S90),Mobiel,device,,,0,True,no labels at all,integration,
binary_sensor.rudi_smartphone_mic_muted,Rudi tablet Mic muted,binary_sensor,mobile_app,ab8f9b0974393bf77689a3cea7f94946,Rudi smartphone (S90),Mobiel,device,,,0,True,no labels at all,integration,
binary_sensor.rudi_smartphone_speakerphone,Rudi tablet Speakerphone,binary_sensor,mobile_app,ab8f9b0974393bf77689a3cea7f94946,Rudi smartphone (S90),Mobiel,device,,,0,True,no labels at all,integration,
binary_sensor.rudi_smartphone_music_active,Rudi tablet Music active,binary_sensor,mobile_app,ab8f9b0974393bf77689a3cea7f94946,Rudi smartphone (S90),Mobiel,device,,,0,True,no labels at all,integration,
sensor.rudi_smartphone_volume_level_alarm,Rudi tablet Volume level alarm,sensor,mobile_app,ab8f9b0974393bf77689a3cea7f94946,Rudi smartphone (S90),Mobiel,device,diagnostic,,0,True,no labels at all,integration,
sensor.rudi_smartphone_volume_level_call,Rudi tablet Volume level call,sensor,mobile_app,ab8f9b0974393bf77689a3cea7f94946,Rudi smartphone (S90),Mobiel,device,diagnostic,,0,True,no labels at all,integration,
sensor.rudi_smartphone_volume_level_music,Rudi tablet Volume level music,sensor,mobile_app,ab8f9b0974393bf77689a3cea7f94946,Rudi smartphone (S90),Mobiel,device,diagnostic,,0,True,no labels at all,integration,
sensor.rudi_smartphone_volume_level_ringer,Rudi tablet Volume level ringer,sensor,mobile_app,ab8f9b0974393bf77689a3cea7f94946,Rudi smartphone (S90),Mobiel,device,diagnostic,,0,True,no labels at all,integration,
sensor.rudi_smartphone_volume_level_notification,Rudi tablet Volume level notification,sensor,mobile_app,ab8f9b0974393bf77689a3cea7f94946,Rudi smartphone (S90),Mobiel,device,diagnostic,,0,True,no labels at all,integration,
sensor.rudi_smartphone_volume_level_system,Rudi tablet Volume level system,sensor,mobile_app,ab8f9b0974393bf77689a3cea7f94946,Rudi smartphone (S90),Mobiel,device,diagnostic,,0,True,no labels at all,integration,
sensor.rudi_smartphone_volume_level_dtmf,Rudi tablet Volume level DTMF,sensor,mobile_app,ab8f9b0974393bf77689a3cea7f94946,Rudi smartphone (S90),Mobiel,device,diagnostic,,0,True,no labels at all,integration,
sensor.rudi_smartphone_volume_level_accessibility,Rudi tablet Volume level accessibility,sensor,mobile_app,ab8f9b0974393bf77689a3cea7f94946,Rudi smartphone (S90),Mobiel,device,diagnostic,,0,True,no labels at all,integration,
sensor.rudi_smartphone_battery_level,Rudi tablet Battery level,sensor,mobile_app,ab8f9b0974393bf77689a3cea7f94946,Rudi smartphone (S90),Mobiel,device,diagnostic,Sensor,9,False,"missing category: brand, protocol",,
sensor.rudi_smartphone_battery_state,Rudi tablet Battery state,sensor,mobile_app,ab8f9b0974393bf77689a3cea7f94946,Rudi smartphone (S90),Mobiel,device,diagnostic,Sensor,9,False,"missing category: brand, protocol",,
binary_sensor.rudi_smartphone_is_charging,Rudi tablet Is charging,binary_sensor,mobile_app,ab8f9b0974393bf77689a3cea7f94946,Rudi smartphone (S90),Mobiel,device,diagnostic,,0,True,no labels at all,integration,
sensor.rudi_smartphone_charger_type,Rudi tablet Charger type,sensor,mobile_app,ab8f9b0974393bf77689a3cea7f94946,Rudi smartphone (S90),Mobiel,device,diagnostic,Sensor,9,False,"missing category: brand, protocol",,
sensor.rudi_smartphone_battery_health,Rudi tablet Battery health,sensor,mobile_app,ab8f9b0974393bf77689a3cea7f94946,Rudi smartphone (S90),Mobiel,device,diagnostic,,0,True,no labels at all,integration,
sensor.rudi_smartphone_battery_temperature,Rudi tablet Battery temperature,sensor,mobile_app,ab8f9b0974393bf77689a3cea7f94946,Rudi smartphone (S90),Mobiel,device,diagnostic,,0,True,no labels at all,integration,
sensor.rudi_smartphone_battery_power,Rudi tablet Battery power,sensor,mobile_app,ab8f9b0974393bf77689a3cea7f94946,Rudi smartphone (S90),Mobiel,device,diagnostic,,0,True,no labels at all,integration,
sensor.rudi_smartphone_bluetooth_connection,Rudi tablet Bluetooth connection,sensor,mobile_app,ab8f9b0974393bf77689a3cea7f94946,Rudi smartphone (S90),Mobiel,device,,,0,True,no labels at all,integration,
binary_sensor.rudi_smartphone_bluetooth_state,Rudi tablet Bluetooth state,binary_sensor,mobile_app,ab8f9b0974393bf77689a3cea7f94946,Rudi smartphone (S90),Mobiel,device,diagnostic,,0,True,no labels at all,integration,
sensor.rudi_smartphone_ble_transmitter,Rudi tablet BLE transmitter,sensor,mobile_app,ab8f9b0974393bf77689a3cea7f94946,Rudi smartphone (S90),Mobiel,device,diagnostic,,0,True,no labels at all,integration,
sensor.rudi_smartphone_beacon_monitor,Rudi tablet Beacon monitor,sensor,mobile_app,ab8f9b0974393bf77689a3cea7f94946,Rudi smartphone (S90),Mobiel,device,diagnostic,,0,True,no labels at all,integration,
sensor.rudi_smartphone_car_battery,Rudi tablet Car battery,sensor,mobile_app,ab8f9b0974393bf77689a3cea7f94946,Rudi smartphone (S90),Mobiel,device,diagnostic,,0,True,no labels at all,integration,
sensor.rudi_smartphone_car_name,Rudi tablet Car name,sensor,mobile_app,ab8f9b0974393bf77689a3cea7f94946,Rudi smartphone (S90),Mobiel,device,,,0,True,no labels at all,integration,
sensor.rudi_smartphone_car_charging_status,Rudi tablet Car charging status,sensor,mobile_app,ab8f9b0974393bf77689a3cea7f94946,Rudi smartphone (S90),Mobiel,device,,,0,True,no labels at all,integration,
sensor.rudi_smartphone_car_ev_connector_type,Rudi tablet Car EV connector type,sensor,mobile_app,ab8f9b0974393bf77689a3cea7f94946,Rudi smartphone (S90),Mobiel,device,diagnostic,,0,True,no labels at all,integration,
sensor.rudi_smartphone_car_fuel,Rudi tablet Car fuel,sensor,mobile_app,ab8f9b0974393bf77689a3cea7f94946,Rudi smartphone (S90),Mobiel,device,,,0,True,no labels at all,integration,
sensor.rudi_smartphone_car_fuel_type,Rudi tablet Car fuel type,sensor,mobile_app,ab8f9b0974393bf77689a3cea7f94946,Rudi smartphone (S90),Mobiel,device,diagnostic,,0,True,no labels at all,integration,
sensor.rudi_smartphone_car_odometer,Rudi tablet Car odometer,sensor,mobile_app,ab8f9b0974393bf77689a3cea7f94946,Rudi smartphone (S90),Mobiel,device,,,0,True,no labels at all,integration,
sensor.rudi_smartphone_screen_brightness,Rudi tablet Screen brightness,sensor,mobile_app,ab8f9b0974393bf77689a3cea7f94946,Rudi smartphone (S90),Mobiel,device,,,0,True,no labels at all,integration,
sensor.rudi_smartphone_screen_off_timeout,Rudi tablet Screen off timeout,sensor,mobile_app,ab8f9b0974393bf77689a3cea7f94946,Rudi smartphone (S90),Mobiel,device,,,0,True,no labels at all,integration,
sensor.rudi_smartphone_do_not_disturb_sensor,Rudi tablet Do Not Disturb sensor,sensor,mobile_app,ab8f9b0974393bf77689a3cea7f94946,Rudi smartphone (S90),Mobiel,device,diagnostic,,0,True,no labels at all,integration,
sensor.rudi_smartphone_accent_color,Rudi tablet Accent color,sensor,mobile_app,ab8f9b0974393bf77689a3cea7f94946,Rudi smartphone (S90),Mobiel,device,diagnostic,,0,True,no labels at all,integration,
binary_sensor.rudi_smartphone_work_profile,Rudi tablet Work profile,binary_sensor,mobile_app,ab8f9b0974393bf77689a3cea7f94946,Rudi smartphone (S90),Mobiel,device,,,0,True,no labels at all,integration,
sensor.rudi_smartphone_geocoded_location,Rudi tablet Geocoded location,sensor,mobile_app,ab8f9b0974393bf77689a3cea7f94946,Rudi smartphone (S90),Mobiel,device,,Sensor,9,False,"missing category: brand, protocol",,
binary_sensor.rudi_smartphone_device_locked,Rudi tablet Device locked,binary_sensor,mobile_app,ab8f9b0974393bf77689a3cea7f94946,Rudi smartphone (S90),Mobiel,device,diagnostic,,0,True,no labels at all,integration,
binary_sensor.rudi_smartphone_device_secure,Rudi tablet Device secure,binary_sensor,mobile_app,ab8f9b0974393bf77689a3cea7f94946,Rudi smartphone (S90),Mobiel,device,diagnostic,,0,True,no labels at all,integration,
binary_sensor.rudi_smartphone_keyguard_locked,Rudi tablet Keyguard locked,binary_sensor,mobile_app,ab8f9b0974393bf77689a3cea7f94946,Rudi smartphone (S90),Mobiel,device,diagnostic,,0,True,no labels at all,integration,
binary_sensor.rudi_smartphone_keyguard_secure,Rudi tablet Keyguard secure,binary_sensor,mobile_app,ab8f9b0974393bf77689a3cea7f94946,Rudi smartphone (S90),Mobiel,device,diagnostic,,0,True,no labels at all,integration,
sensor.rudi_smartphone_last_used_app,Rudi tablet Last used app,sensor,mobile_app,ab8f9b0974393bf77689a3cea7f94946,Rudi smartphone (S90),Mobiel,device,,,0,True,no labels at all,integration,
sensor.rudi_smartphone_last_reboot,Rudi tablet Last reboot,sensor,mobile_app,ab8f9b0974393bf77689a3cea7f94946,Rudi smartphone (S90),Mobiel,device,diagnostic,,0,True,no labels at all,integration,
sensor.rudi_smartphone_last_update_trigger,Rudi tablet Last update trigger,sensor,mobile_app,ab8f9b0974393bf77689a3cea7f94946,Rudi smartphone (S90),Mobiel,device,diagnostic,,0,True,no labels at all,integration,
sensor.rudi_smartphone_light_sensor,Rudi tablet Light sensor,sensor,mobile_app,ab8f9b0974393bf77689a3cea7f94946,Rudi smartphone (S90),Mobiel,device,,,0,True,no labels at all,integration,
binary_sensor.rudi_smartphone_high_accuracy_mode,Rudi tablet High accuracy mode,binary_sensor,mobile_app,ab8f9b0974393bf77689a3cea7f94946,Rudi smartphone (S90),Mobiel,device,diagnostic,Sensor,9,False,"missing category: brand, protocol",,
sensor.rudi_smartphone_high_accuracy_update_interval,Rudi tablet High accuracy update interval,sensor,mobile_app,ab8f9b0974393bf77689a3cea7f94946,Rudi smartphone (S90),Mobiel,device,diagnostic,Sensor,9,False,"missing category: brand, protocol",,
binary_sensor.rudi_smartphone_mobile_data,Rudi tablet Mobile data,binary_sensor,mobile_app,ab8f9b0974393bf77689a3cea7f94946,Rudi smartphone (S90),Mobiel,device,diagnostic,,0,True,no labels at all,integration,
binary_sensor.rudi_smartphone_mobile_data_roaming,Rudi tablet Mobile data roaming,binary_sensor,mobile_app,ab8f9b0974393bf77689a3cea7f94946,Rudi smartphone (S90),Mobiel,device,diagnostic,,0,True,no labels at all,integration,
sensor.rudi_smartphone_wifi_connection,Rudi tablet WiFi connection,sensor,mobile_app,ab8f9b0974393bf77689a3cea7f94946,Rudi smartphone (S90),Mobiel,device,diagnostic,,0,True,no labels at all,integration,
sensor.rudi_smartphone_wifi_bssid,Rudi tablet WiFi BSSID,sensor,mobile_app,ab8f9b0974393bf77689a3cea7f94946,Rudi smartphone (S90),Mobiel,device,diagnostic,,0,True,no labels at all,integration,
sensor.rudi_smartphone_wifi_ip_address,Rudi tablet WiFi IP address,sensor,mobile_app,ab8f9b0974393bf77689a3cea7f94946,Rudi smartphone (S90),Mobiel,device,diagnostic,,0,True,no labels at all,integration,
sensor.rudi_smartphone_wifi_link_speed,Rudi tablet WiFi link speed,sensor,mobile_app,ab8f9b0974393bf77689a3cea7f94946,Rudi smartphone (S90),Mobiel,device,diagnostic,,0,True,no labels at all,integration,
binary_sensor.rudi_smartphone_wifi_state,Rudi tablet WiFi state,binary_sensor,mobile_app,ab8f9b0974393bf77689a3cea7f94946,Rudi smartphone (S90),Mobiel,device,diagnostic,,0,True,no labels at all,integration,
sensor.rudi_smartphone_wifi_frequency,Rudi tablet WiFi frequency,sensor,mobile_app,ab8f9b0974393bf77689a3cea7f94946,Rudi smartphone (S90),Mobiel,device,diagnostic,,0,True,no labels at all,integration,
sensor.rudi_smartphone_wifi_signal_strength,Rudi tablet WiFi signal strength,sensor,mobile_app,ab8f9b0974393bf77689a3cea7f94946,Rudi smartphone (S90),Mobiel,device,diagnostic,,0,True,no labels at all,integration,
sensor.rudi_smartphone_public_ip_address,Rudi tablet Public IP address,sensor,mobile_app,ab8f9b0974393bf77689a3cea7f94946,Rudi smartphone (S90),Mobiel,device,diagnostic,,0,True,no labels at all,integration,
sensor.rudi_smartphone_network_type,Rudi tablet Network type,sensor,mobile_app,ab8f9b0974393bf77689a3cea7f94946,Rudi smartphone (S90),Mobiel,device,diagnostic,,0,True,no labels at all,integration,
binary_sensor.rudi_smartphone_nfc_state,Rudi tablet NFC state,binary_sensor,mobile_app,ab8f9b0974393bf77689a3cea7f94946,Rudi smartphone (S90),Mobiel,device,diagnostic,,0,True,no labels at all,integration,
sensor.rudi_smartphone_next_alarm,Rudi tablet Next alarm,sensor,mobile_app,ab8f9b0974393bf77689a3cea7f94946,Rudi smartphone (S90),Mobiel,device,,,0,True,no labels at all,integration,
sensor.rudi_smartphone_last_notification,Rudi tablet Last notification,sensor,mobile_app,ab8f9b0974393bf77689a3cea7f94946,Rudi smartphone (S90),Mobiel,device,,,0,True,no labels at all,integration,
sensor.rudi_smartphone_last_removed_notification,Rudi tablet Last removed notification,sensor,mobile_app,ab8f9b0974393bf77689a3cea7f94946,Rudi smartphone (S90),Mobiel,device,,,0,True,no labels at all,integration,
sensor.rudi_smartphone_active_notification_count,Rudi tablet Active notification count,sensor,mobile_app,ab8f9b0974393bf77689a3cea7f94946,Rudi smartphone (S90),Mobiel,device,,,0,True,no labels at all,integration,
sensor.rudi_smartphone_media_session,Rudi tablet Media session,sensor,mobile_app,ab8f9b0974393bf77689a3cea7f94946,Rudi smartphone (S90),Mobiel,device,,,0,True,no labels at all,integration,
sensor.rudi_smartphone_phone_state,Rudi tablet Phone state,sensor,mobile_app,ab8f9b0974393bf77689a3cea7f94946,Rudi smartphone (S90),Mobiel,device,,,0,True,no labels at all,integration,
sensor.rudi_smartphone_sim_9,Rudi tablet SIM 9,sensor,mobile_app,ab8f9b0974393bf77689a3cea7f94946,Rudi smartphone (S90),Mobiel,device,diagnostic,,0,True,no labels at all,integration,
sensor.rudi_smartphone_sim_2,Rudi tablet SIM 2,sensor,mobile_app,ab8f9b0974393bf77689a3cea7f94946,Rudi smartphone (S90),Mobiel,device,diagnostic,,0,True,no labels at all,integration,
binary_sensor.rudi_smartphone_interactive,Rudi tablet Interactive,binary_sensor,mobile_app,ab8f9b0974393bf77689a3cea7f94946,Rudi smartphone (S90),Mobiel,device,diagnostic,,0,True,no labels at all,integration,
binary_sensor.rudi_smartphone_doze_mode,Rudi tablet Doze mode,binary_sensor,mobile_app,ab8f9b0974393bf77689a3cea7f94946,Rudi smartphone (S90),Mobiel,device,diagnostic,,0,True,no labels at all,integration,
binary_sensor.rudi_smartphone_power_save,Rudi tablet Power save,binary_sensor,mobile_app,ab8f9b0974393bf77689a3cea7f94946,Rudi smartphone (S90),Mobiel,device,diagnostic,,0,True,no labels at all,integration,
sensor.rudi_smartphone_pressure_sensor,Rudi tablet Pressure sensor,sensor,mobile_app,ab8f9b0974393bf77689a3cea7f94946,Rudi smartphone (S90),Mobiel,device,,,0,True,no labels at all,integration,
sensor.rudi_smartphone_proximity_sensor,Rudi tablet Proximity sensor,sensor,mobile_app,ab8f9b0974393bf77689a3cea7f94946,Rudi smartphone (S90),Mobiel,device,diagnostic,,0,True,no labels at all,integration,
sensor.rudi_smartphone_steps_sensor,Rudi tablet Steps sensor,sensor,mobile_app,ab8f9b0974393bf77689a3cea7f94946,Rudi smartphone (S90),Mobiel,device,,,0,True,no labels at all,integration,
sensor.rudi_smartphone_internal_storage,Rudi tablet Internal storage,sensor,mobile_app,ab8f9b0974393bf77689a3cea7f94946,Rudi smartphone (S90),Mobiel,device,diagnostic,,0,True,no labels at all,integration,
sensor.rudi_smartphone_external_storage,Rudi tablet External storage,sensor,mobile_app,ab8f9b0974393bf77689a3cea7f94946,Rudi smartphone (S90),Mobiel,device,diagnostic,,0,True,no labels at all,integration,
sensor.rudi_smartphone_current_time_zone,Rudi tablet Current time zone,sensor,mobile_app,ab8f9b0974393bf77689a3cea7f94946,Rudi smartphone (S90),Mobiel,device,diagnostic,,0,True,no labels at all,integration,
sensor.rudi_smartphone_mobile_rx_gb,Rudi tablet Mobile Rx GB,sensor,mobile_app,ab8f9b0974393bf77689a3cea7f94946,Rudi smartphone (S90),Mobiel,device,diagnostic,,0,True,no labels at all,integration,
sensor.rudi_smartphone_mobile_tx_gb,Rudi tablet Mobile Tx GB,sensor,mobile_app,ab8f9b0974393bf77689a3cea7f94946,Rudi smartphone (S90),Mobiel,device,diagnostic,,0,True,no labels at all,integration,
sensor.rudi_smartphone_total_rx_gb,Rudi tablet Total Rx GB,sensor,mobile_app,ab8f9b0974393bf77689a3cea7f94946,Rudi smartphone (S90),Mobiel,device,diagnostic,,0,True,no labels at all,integration,
sensor.rudi_smartphone_total_tx_gb,Rudi tablet Total Tx GB,sensor,mobile_app,ab8f9b0974393bf77689a3cea7f94946,Rudi smartphone (S90),Mobiel,device,diagnostic,,0,True,no labels at all,integration,
binary_sensor.rudi_smartphone_hotspot_state,Rudi tablet Hotspot state,binary_sensor,mobile_app,ab8f9b0974393bf77689a3cea7f94946,Rudi smartphone (S90),Mobiel,device,diagnostic,,0,True,no labels at all,integration,
sensor.alectov5_0069_rain,alectov5_0069_rain,sensor,rflink,,,,,,,0,True,no labels at all,user,
sensor.alectov5_0069_bat,alectov5_0069_bat,sensor,rflink,,,,,,,0,True,no labels at all,user,
automation.avondverlichting_woonkamer,Avondverlichting woonkamer,automation,automation,,,Digital only,entity,,"Automation, Digital only",2,False,"missing category: brand, protocol; uncategorized label(s): Automation",,
sensor.repeater_zolder_linkquality,Linkquality,sensor,mqtt,4cb78d3d06048d2097d7b0f9bc4078e2,Repeater zolder,Zolder,device,diagnostic,,0,True,no labels at all,integration,
sensor.repeater_zolder_update_state,Update state,sensor,mqtt,4cb78d3d06048d2097d7b0f9bc4078e2,Repeater zolder,Zolder,device,diagnostic,,0,True,no labels at all,integration,
binary_sensor.repeater_zolder_update_available,,binary_sensor,mqtt,4cb78d3d06048d2097d7b0f9bc4078e2,Repeater zolder,Zolder,device,diagnostic,,0,True,no labels at all,integration,
update.repeater_zolder,,update,mqtt,4cb78d3d06048d2097d7b0f9bc4078e2,Repeater zolder,Zolder,device,config,,0,True,no labels at all,user,
binary_sensor.everything_presence_lite_20b9c8_occupancy,Occupancy,binary_sensor,esphome,4c6b08aaed0263fc350ca82c79c0dc69,EPL Living room,Woonkamer,device,,"Bluetooth, Presence, Sensor",3,False,missing category: brand,,
binary_sensor.everything_presence_lite_20b9c8_zone_9_occupancy,Zone 9 Occupancy,binary_sensor,esphome,4c6b08aaed0263fc350ca82c79c0dc69,EPL Living room,Woonkamer,device,,"Bluetooth, Presence, Sensor",3,False,missing category: brand,,
binary_sensor.everything_presence_lite_20b9c8_zone_2_occupancy,Zone 2 Occupancy,binary_sensor,esphome,4c6b08aaed0263fc350ca82c79c0dc69,EPL Living room,Woonkamer,device,,"Bluetooth, Presence, Sensor",3,False,missing category: brand,integration,
binary_sensor.everything_presence_lite_20b9c8_zone_3_occupancy,Zone 3 Occupancy,binary_sensor,esphome,4c6b08aaed0263fc350ca82c79c0dc69,EPL Living room,Woonkamer,device,,"Bluetooth, Presence, Sensor",3,False,missing category: brand,integration,
binary_sensor.everything_presence_lite_20b9c8_zone_4_occupancy,Zone 4 Occupancy,binary_sensor,esphome,4c6b08aaed0263fc350ca82c79c0dc69,EPL Living room,Woonkamer,device,,"Bluetooth, Presence, Sensor",3,False,missing category: brand,integration,
binary_sensor.everything_presence_lite_20b9c8_target_9_active,Target 9 Active,binary_sensor,esphome,4c6b08aaed0263fc350ca82c79c0dc69,EPL Living room,Woonkamer,device,diagnostic,"Bluetooth, Presence, Sensor",3,False,missing category: brand,,
binary_sensor.everything_presence_lite_20b9c8_target_2_active,Target 2 Active,binary_sensor,esphome,4c6b08aaed0263fc350ca82c79c0dc69,EPL Living room,Woonkamer,device,diagnostic,"Bluetooth, Presence, Sensor",3,False,missing category: brand,,
binary_sensor.everything_presence_lite_20b9c8_target_3_active,Target 3 Active,binary_sensor,esphome,4c6b08aaed0263fc350ca82c79c0dc69,EPL Living room,Woonkamer,device,diagnostic,"Bluetooth, Presence, Sensor",3,False,missing category: brand,,
light.everything_presence_lite_20b9c8_esp32_led,ESP32 LED,light,esphome,4c6b08aaed0263fc350ca82c79c0dc69,EPL Living room,Woonkamer,device,config,"Bluetooth, Presence, Sensor",3,False,missing category: brand,,
sensor.everything_presence_lite_20b9c8_illuminance,Illuminance,sensor,esphome,4c6b08aaed0263fc350ca82c79c0dc69,EPL Living room,Woonkamer,device,,"Bluetooth, Presence, Sensor",3,False,missing category: brand,,
sensor.everything_presence_lite_20b9c8_target_9_x,Target 9 X,sensor,esphome,4c6b08aaed0263fc350ca82c79c0dc69,EPL Living room,Woonkamer,device,diagnostic,"Bluetooth, Presence, Sensor",3,False,missing category: brand,,
sensor.everything_presence_lite_20b9c8_target_9_y,Target 9 Y,sensor,esphome,4c6b08aaed0263fc350ca82c79c0dc69,EPL Living room,Woonkamer,device,diagnostic,"Bluetooth, Presence, Sensor",3,False,missing category: brand,,
sensor.everything_presence_lite_20b9c8_target_9_speed,Target 9 Speed,sensor,esphome,4c6b08aaed0263fc350ca82c79c0dc69,EPL Living room,Woonkamer,device,diagnostic,"Bluetooth, Presence, Sensor",3,False,missing category: brand,,
sensor.everything_presence_lite_20b9c8_target_9_resolution,Target 9 Resolution,sensor,esphome,4c6b08aaed0263fc350ca82c79c0dc69,EPL Living room,Woonkamer,device,diagnostic,"Bluetooth, Presence, Sensor",3,False,missing category: brand,,
sensor.everything_presence_lite_20b9c8_target_2_x,Target 2 X,sensor,esphome,4c6b08aaed0263fc350ca82c79c0dc69,EPL Living room,Woonkamer,device,diagnostic,"Bluetooth, Presence, Sensor",3,False,missing category: brand,,
sensor.everything_presence_lite_20b9c8_target_2_y,Target 2 Y,sensor,esphome,4c6b08aaed0263fc350ca82c79c0dc69,EPL Living room,Woonkamer,device,diagnostic,"Bluetooth, Presence, Sensor",3,False,missing category: brand,,
sensor.everything_presence_lite_20b9c8_target_2_speed,Target 2 Speed,sensor,esphome,4c6b08aaed0263fc350ca82c79c0dc69,EPL Living room,Woonkamer,device,diagnostic,"Bluetooth, Presence, Sensor",3,False,missing category: brand,,
sensor.everything_presence_lite_20b9c8_target_2_resolution,Target 2 Resolution,sensor,esphome,4c6b08aaed0263fc350ca82c79c0dc69,EPL Living room,Woonkamer,device,diagnostic,"Bluetooth, Presence, Sensor",3,False,missing category: brand,,
sensor.everything_presence_lite_20b9c8_target_3_x,Target 3 X,sensor,esphome,4c6b08aaed0263fc350ca82c79c0dc69,EPL Living room,Woonkamer,device,diagnostic,"Bluetooth, Presence, Sensor",3,False,missing category: brand,,
sensor.everything_presence_lite_20b9c8_target_3_y,Target 3 Y,sensor,esphome,4c6b08aaed0263fc350ca82c79c0dc69,EPL Living room,Woonkamer,device,diagnostic,"Bluetooth, Presence, Sensor",3,False,missing category: brand,,
sensor.everything_presence_lite_20b9c8_target_3_speed,Target 3 Speed,sensor,esphome,4c6b08aaed0263fc350ca82c79c0dc69,EPL Living room,Woonkamer,device,diagnostic,"Bluetooth, Presence, Sensor",3,False,missing category: brand,,
sensor.everything_presence_lite_20b9c8_target_3_resolution,Target 3 Resolution,sensor,esphome,4c6b08aaed0263fc350ca82c79c0dc69,EPL Living room,Woonkamer,device,diagnostic,"Bluetooth, Presence, Sensor",3,False,missing category: brand,,
sensor.everything_presence_lite_20b9c8_target_9_angle,Target 9 Angle,sensor,esphome,4c6b08aaed0263fc350ca82c79c0dc69,EPL Living room,Woonkamer,device,diagnostic,"Bluetooth, Presence, Sensor",3,False,missing category: brand,,
sensor.everything_presence_lite_20b9c8_target_2_angle,Target 2 Angle,sensor,esphome,4c6b08aaed0263fc350ca82c79c0dc69,EPL Living room,Woonkamer,device,diagnostic,"Bluetooth, Presence, Sensor",3,False,missing category: brand,,
sensor.everything_presence_lite_20b9c8_target_3_angle,Target 3 Angle,sensor,esphome,4c6b08aaed0263fc350ca82c79c0dc69,EPL Living room,Woonkamer,device,diagnostic,"Bluetooth, Presence, Sensor",3,False,missing category: brand,,
sensor.everything_presence_lite_20b9c8_target_9_distance,Target 9 Distance,sensor,esphome,4c6b08aaed0263fc350ca82c79c0dc69,EPL Living room,Woonkamer,device,diagnostic,"Bluetooth, Presence, Sensor",3,False,missing category: brand,,
sensor.everything_presence_lite_20b9c8_target_2_distance,Target 2 Distance,sensor,esphome,4c6b08aaed0263fc350ca82c79c0dc69,EPL Living room,Woonkamer,device,diagnostic,"Bluetooth, Presence, Sensor",3,False,missing category: brand,,
sensor.everything_presence_lite_20b9c8_target_3_distance,Target 3 Distance,sensor,esphome,4c6b08aaed0263fc350ca82c79c0dc69,EPL Living room,Woonkamer,device,diagnostic,"Bluetooth, Presence, Sensor",3,False,missing category: brand,,
sensor.everything_presence_lite_20b9c8_zone_9_target_count,Zone 9 Target Count,sensor,esphome,4c6b08aaed0263fc350ca82c79c0dc69,EPL Living room,Woonkamer,device,diagnostic,"Bluetooth, Presence, Sensor",3,False,missing category: brand,,
sensor.everything_presence_lite_20b9c8_zone_2_target_count,Zone 2 Target Count,sensor,esphome,4c6b08aaed0263fc350ca82c79c0dc69,EPL Living room,Woonkamer,device,diagnostic,"Bluetooth, Presence, Sensor",3,False,missing category: brand,integration,
sensor.everything_presence_lite_20b9c8_zone_3_target_count,Zone 3 Target Count,sensor,esphome,4c6b08aaed0263fc350ca82c79c0dc69,EPL Living room,Woonkamer,device,diagnostic,"Bluetooth, Presence, Sensor",3,False,missing category: brand,integration,
sensor.everything_presence_lite_20b9c8_zone_4_target_count,Zone 4 Target Count,sensor,esphome,4c6b08aaed0263fc350ca82c79c0dc69,EPL Living room,Woonkamer,device,diagnostic,"Bluetooth, Presence, Sensor",3,False,missing category: brand,integration,
button.everything_presence_lite_20b9c8_esp_reboot,ESP Reboot,button,esphome,4c6b08aaed0263fc350ca82c79c0dc69,EPL Living room,Woonkamer,device,config,"Bluetooth, Presence, Sensor",3,False,missing category: brand,,
number.everything_presence_lite_20b9c8_illuminance_offset,Illuminance Offset,number,esphome,4c6b08aaed0263fc350ca82c79c0dc69,EPL Living room,Woonkamer,device,config,"Bluetooth, Presence, Sensor",3,False,missing category: brand,,
number.everything_presence_lite_20b9c8_occupancy_off_delay,Occupancy Off Delay,number,esphome,4c6b08aaed0263fc350ca82c79c0dc69,EPL Living room,Woonkamer,device,config,"Bluetooth, Presence, Sensor",3,False,missing category: brand,,
number.everything_presence_lite_20b9c8_max_distance,Max Distance,number,esphome,4c6b08aaed0263fc350ca82c79c0dc69,EPL Living room,Woonkamer,device,config,"Bluetooth, Presence, Sensor",3,False,missing category: brand,,
number.everything_presence_lite_20b9c8_zone_9_begin_x,Zone 9 Begin X,number,esphome,4c6b08aaed0263fc350ca82c79c0dc69,EPL Living room,Woonkamer,device,config,"Bluetooth, Presence, Sensor",3,False,missing category: brand,,
number.everything_presence_lite_20b9c8_zone_9_end_x,Zone 9 End X,number,esphome,4c6b08aaed0263fc350ca82c79c0dc69,EPL Living room,Woonkamer,device,config,"Bluetooth, Presence, Sensor",3,False,missing category: brand,,
number.everything_presence_lite_20b9c8_zone_9_begin_y,Zone 9 Begin Y,number,esphome,4c6b08aaed0263fc350ca82c79c0dc69,EPL Living room,Woonkamer,device,config,"Bluetooth, Presence, Sensor",3,False,missing category: brand,,
number.everything_presence_lite_20b9c8_zone_9_end_y,Zone 9 End Y,number,esphome,4c6b08aaed0263fc350ca82c79c0dc69,EPL Living room,Woonkamer,device,config,"Bluetooth, Presence, Sensor",3,False,missing category: brand,,
number.everything_presence_lite_20b9c8_zone_9_occupancy_off_delay,Zone 9 Occupancy Off Delay,number,esphome,4c6b08aaed0263fc350ca82c79c0dc69,EPL Living room,Woonkamer,device,config,"Bluetooth, Presence, Sensor",3,False,missing category: brand,,
number.everything_presence_lite_20b9c8_zone_2_begin_x,Zone 2 Begin X,number,esphome,4c6b08aaed0263fc350ca82c79c0dc69,EPL Living room,Woonkamer,device,config,"Bluetooth, Presence, Sensor",3,False,missing category: brand,integration,
number.everything_presence_lite_20b9c8_zone_2_end_x,Zone 2 End X,number,esphome,4c6b08aaed0263fc350ca82c79c0dc69,EPL Living room,Woonkamer,device,config,"Bluetooth, Presence, Sensor",3,False,missing category: brand,integration,
number.everything_presence_lite_20b9c8_zone_2_begin_y,Zone 2 Begin Y,number,esphome,4c6b08aaed0263fc350ca82c79c0dc69,EPL Living room,Woonkamer,device,config,"Bluetooth, Presence, Sensor",3,False,missing category: brand,integration,
number.everything_presence_lite_20b9c8_zone_2_end_y,Zone 2 End Y,number,esphome,4c6b08aaed0263fc350ca82c79c0dc69,EPL Living room,Woonkamer,device,config,"Bluetooth, Presence, Sensor",3,False,missing category: brand,integration,
number.everything_presence_lite_20b9c8_zone_2_occupancy_off_delay,Zone 2 Occupancy Off Delay,number,esphome,4c6b08aaed0263fc350ca82c79c0dc69,EPL Living room,Woonkamer,device,config,"Bluetooth, Presence, Sensor",3,False,missing category: brand,integration,
number.everything_presence_lite_20b9c8_zone_3_begin_x,Zone 3 Begin X,number,esphome,4c6b08aaed0263fc350ca82c79c0dc69,EPL Living room,Woonkamer,device,config,"Bluetooth, Presence, Sensor",3,False,missing category: brand,integration,
number.everything_presence_lite_20b9c8_zone_3_end_x,Zone 3 End X,number,esphome,4c6b08aaed0263fc350ca82c79c0dc69,EPL Living room,Woonkamer,device,config,"Bluetooth, Presence, Sensor",3,False,missing category: brand,integration,
number.everything_presence_lite_20b9c8_zone_3_begin_y,Zone 3 Begin Y,number,esphome,4c6b08aaed0263fc350ca82c79c0dc69,EPL Living room,Woonkamer,device,config,"Bluetooth, Presence, Sensor",3,False,missing category: brand,integration,
number.everything_presence_lite_20b9c8_zone_3_end_y,Zone 3 End Y,number,esphome,4c6b08aaed0263fc350ca82c79c0dc69,EPL Living room,Woonkamer,device,config,"Bluetooth, Presence, Sensor",3,False,missing category: brand,integration,
number.everything_presence_lite_20b9c8_zone_3_occupancy_off_delay,Zone 3 Occupancy Off Delay,number,esphome,4c6b08aaed0263fc350ca82c79c0dc69,EPL Living room,Woonkamer,device,config,"Bluetooth, Presence, Sensor",3,False,missing category: brand,integration,
number.everything_presence_lite_20b9c8_zone_4_begin_x,Zone 4 Begin X,number,esphome,4c6b08aaed0263fc350ca82c79c0dc69,EPL Living room,Woonkamer,device,config,"Bluetooth, Presence, Sensor",3,False,missing category: brand,integration,
number.everything_presence_lite_20b9c8_zone_4_end_x,Zone 4 End X,number,esphome,4c6b08aaed0263fc350ca82c79c0dc69,EPL Living room,Woonkamer,device,config,"Bluetooth, Presence, Sensor",3,False,missing category: brand,integration,
number.everything_presence_lite_20b9c8_zone_4_begin_y,Zone 4 Begin Y,number,esphome,4c6b08aaed0263fc350ca82c79c0dc69,EPL Living room,Woonkamer,device,config,"Bluetooth, Presence, Sensor",3,False,missing category: brand,integration,
number.everything_presence_lite_20b9c8_zone_4_end_y,Zone 4 End Y,number,esphome,4c6b08aaed0263fc350ca82c79c0dc69,EPL Living room,Woonkamer,device,config,"Bluetooth, Presence, Sensor",3,False,missing category: brand,integration,
number.everything_presence_lite_20b9c8_zone_4_occupancy_off_delay,Zone 4 Occupancy Off Delay,number,esphome,4c6b08aaed0263fc350ca82c79c0dc69,EPL Living room,Woonkamer,device,config,"Bluetooth, Presence, Sensor",3,False,missing category: brand,integration,
sensor.deken_julius_power_on_behavior,Power-on behavior,sensor,mqtt,7624c6c55f5be9c922bc2235f4a08829,Deken Julius,Slaapkamer D/J,device,diagnostic,,0,True,no labels at all,integration,
sensor.deken_julius_linkquality,Linkquality,sensor,mqtt,7624c6c55f5be9c922bc2235f4a08829,Deken Julius,Slaapkamer D/J,device,diagnostic,,0,True,no labels at all,integration,
sensor.deken_julius_update_state,Update state,sensor,mqtt,7624c6c55f5be9c922bc2235f4a08829,Deken Julius,Slaapkamer D/J,device,diagnostic,,0,True,no labels at all,integration,
binary_sensor.deken_julius_update_available,,binary_sensor,mqtt,7624c6c55f5be9c922bc2235f4a08829,Deken Julius,Slaapkamer D/J,device,diagnostic,,0,True,no labels at all,integration,
automation.deken_julius,Deken Julius,automation,automation,,,Digital only,entity,,"Automation, Digital only",2,False,"missing category: brand, protocol; uncategorized label(s): Automation",,
sensor.rudi_smartphone_ipv6_addresses,Rudi tablet IPv6 addresses,sensor,mobile_app,ab8f9b0974393bf77689a3cea7f94946,Rudi smartphone (S90),Mobiel,device,diagnostic,,0,True,no labels at all,integration,
binary_sensor.esphome_running,Running,binary_sensor,hassio,93e677b853ad797b8e7bca9f9fb8f627,ESPHome Device Builder,Digital only,device,,,0,True,no labels at all,integration,
sensor.esphome_version,Version,sensor,hassio,93e677b853ad797b8e7bca9f9fb8f627,ESPHome Device Builder,Digital only,device,,,0,True,no labels at all,integration,
sensor.esphome_newest_version,Newest version,sensor,hassio,93e677b853ad797b8e7bca9f9fb8f627,ESPHome Device Builder,Digital only,device,,,0,True,no labels at all,integration,
sensor.esphome_cpu_percent,CPU percent,sensor,hassio,93e677b853ad797b8e7bca9f9fb8f627,ESPHome Device Builder,Digital only,device,,,0,True,no labels at all,integration,
sensor.esphome_memory_percent,Memory percent,sensor,hassio,93e677b853ad797b8e7bca9f9fb8f627,ESPHome Device Builder,Digital only,device,,,0,True,no labels at all,integration,
update.esphome_update,Update,update,hassio,93e677b853ad797b8e7bca9f9fb8f627,ESPHome Device Builder,Digital only,device,config,,0,True,no labels at all,,
sensor.gordijn_j_d_motor_speed,Motor speed,sensor,mqtt,cc3d9aaec33b9f095e4ae3ebfa88fd9d,Gordijn J/D,Slaapkamer D/J,device,diagnostic,,0,True,no labels at all,integration,
sensor.slaapkamer_raamsensor_j_d_voltage,Voltage,sensor,mqtt,2df59c9a0cfc97ab0543590e929ac568,Slaapkamer raamsensor J/D,Slaapkamer D/J,device,diagnostic,,0,True,no labels at all,integration,
sensor.slaapkamer_raamsensor_j_d_linkquality,Linkquality,sensor,mqtt,2df59c9a0cfc97ab0543590e929ac568,Slaapkamer raamsensor J/D,Slaapkamer D/J,device,diagnostic,,0,True,no labels at all,integration,
select.tv_knop_identify,MQTT Select,select,mqtt,b6c4f46ebbab9bae7ef684498fd4c2a7,TV knop,Woonkamer,device,config,,0,True,no labels at all,integration,
button.tv_knop_identify,Identify,button,mqtt,b6c4f46ebbab9bae7ef684498fd4c2a7,TV knop,Woonkamer,device,config,,0,True,no labels at all,user,
select.repeater_schuur_identify,MQTT Select,select,mqtt,bf409b29948cfe956b33949537038c7f,Repeater schuur,Achtertuin,device,config,,0,True,no labels at all,integration,
button.repeater_schuur_identify,Identify,button,mqtt,bf409b29948cfe956b33949537038c7f,Repeater schuur,Achtertuin,device,config,,0,True,no labels at all,user,
select.rolluik_knop_j_d_identify,MQTT Select,select,mqtt,cab945732fe2e0e59ca599890a7a934c,Rolluik knop J/D,Slaapkamer D/J,device,config,,0,True,no labels at all,integration,
select.darius_knop_identify,MQTT Select,select,mqtt,92af3f56870953cbc2aa28a094c0b480,Darius knop,Slaapkamer D/J,device,config,,0,True,no labels at all,integration,
select.poort_bewegingssensor_identify,MQTT Select,select,mqtt,9e623be9603b93cc8ad12ca7e9045489,Poort bewegingssensor,Achtertuin,device,config,,0,True,no labels at all,integration,
button.poort_bewegingssensor_identify,Identify,button,mqtt,9e623be9603b93cc8ad12ca7e9045489,Poort bewegingssensor,Achtertuin,device,config,,0,True,no labels at all,user,
select.veranda_bewegingssensor_identify,MQTT Select,select,mqtt,57ec426c9acd0ef4659e3dda29a0bf9e,Veranda bewegingssensor,Veranda,device,config,,0,True,no labels at all,integration,
button.veranda_bewegingssensor_identify,Identify,button,mqtt,57ec426c9acd0ef4659e3dda29a0bf9e,Veranda bewegingssensor,Veranda,device,config,,0,True,no labels at all,user,
select.rolien_knop_identify,MQTT Select,select,mqtt,96439bdc7d74f5394f4eccb4c0b5ab06,Rolien knop,Slaapkamer R/R,device,config,,0,True,no labels at all,integration,
button.rolien_knop_identify,Identify,button,mqtt,96439bdc7d74f5394f4eccb4c0b5ab06,Rolien knop,Slaapkamer R/R,device,config,,0,True,no labels at all,user,
select.rolluik_knop_r_r_identify,MQTT Select,select,mqtt,9349890e6ea99da99b77d2d28e827a59,Rolluik knop R/R,Slaapkamer R/R,device,config,,0,True,no labels at all,integration,
button.rolluik_knop_r_r_identify,Identify,button,mqtt,9349890e6ea99da99b77d2d28e827a59,Rolluik knop R/R,Slaapkamer R/R,device,config,,0,True,no labels at all,user,
select.woonkamer_luchtsensor_identify,MQTT Select,select,mqtt,0afb2a994a6722095c6280c9ddef3aca,Woonkamer luchtsensor,Woonkamer,device,config,,0,True,no labels at all,integration,
button.woonkamer_luchtsensor_identify,Identify,button,mqtt,0afb2a994a6722095c6280c9ddef3aca,Woonkamer luchtsensor,Woonkamer,device,config,,0,True,no labels at all,user,
select.rudi_knop_identify,MQTT Select,select,mqtt,d22faeecf748a8e99ebc72e0730a9f0e,Rudi knop,Woonkamer,device,config,,0,True,no labels at all,integration,
button.rudi_knop_identify,Identify,button,mqtt,d22faeecf748a8e99ebc72e0730a9f0e,Rudi knop,Woonkamer,device,config,,0,True,no labels at all,user,
select.repeater_zolder_identify,MQTT Select,select,mqtt,4cb78d3d06048d2097d7b0f9bc4078e2,Repeater zolder,Zolder,device,config,,0,True,no labels at all,integration,
button.repeater_zolder_identify,Identify,button,mqtt,4cb78d3d06048d2097d7b0f9bc4078e2,Repeater zolder,Zolder,device,config,,0,True,no labels at all,user,
select.deken_julius_identify,MQTT Select,select,mqtt,7624c6c55f5be9c922bc2235f4a08829,Deken Julius,Slaapkamer D/J,device,config,,0,True,no labels at all,integration,
automation.vijverpomp,Vijverpomp,automation,automation,,,Digital only,entity,,"Automation, Digital only",2,False,"missing category: brand, protocol; uncategorized label(s): Automation",,
sensor.slaapkamer_j_d_temp_voltage,Voltage,sensor,mqtt,27a3f9522489f64e08f86a3baede3af2,Slaapkamer j/d temp,Slaapkamer D/J,device,diagnostic,,0,True,no labels at all,integration,
sensor.slaapkamer_j_d_temp_linkquality,Linkquality,sensor,mqtt,27a3f9522489f64e08f86a3baede3af2,Slaapkamer j/d temp,Slaapkamer D/J,device,diagnostic,,0,True,no labels at all,integration,
select.ikea_parasol_2_identify,MQTT Select,select,mqtt,972896946672ae8a8c09092ee4ba9efe,ikea parasol 2,Slaapkamer D/J,device,config,,0,True,no labels at all,integration,
sensor.ikea_parasol_2_linkquality,Linkquality,sensor,mqtt,972896946672ae8a8c09092ee4ba9efe,ikea parasol 2,Slaapkamer D/J,device,diagnostic,,0,True,no labels at all,integration,
sensor.ikea_parasol_2_update_state,Update state,sensor,mqtt,972896946672ae8a8c09092ee4ba9efe,ikea parasol 2,Slaapkamer D/J,device,diagnostic,,0,True,no labels at all,integration,
binary_sensor.ikea_parasol_2_update_available,,binary_sensor,mqtt,972896946672ae8a8c09092ee4ba9efe,ikea parasol 2,Slaapkamer D/J,device,diagnostic,,0,True,no labels at all,integration,
input_number.ceiling_fan_speed,ceiling_fan_speed,input_number,input_number,,,Slaapkamer D/J,entity,,"Digital only, Helper",2,False,"missing category: brand, protocol",,
binary_sensor.a55_van_rudi_presence,Presence,binary_sensor,smartthings,203496af6ab20593fa844e3fa240ef57,A55 van Rudi,Mobiel,device,,Sensor,9,False,"missing category: brand, protocol",,
binary_sensor.darius_s_galaxy_s20_fe_5g_presence,Presence,binary_sensor,smartthings,047c8dd89770928626aff874085d39e6,Darius's Galaxy S20 FE 5G,Mobiel,device,,Sensor,9,False,"missing category: brand, protocol",user,user
sensor.kleintv_media_input_source,Media input source,sensor,smartthings,d8508cbbf0d4be4a3c98ffd55b2ff0d0,KleinTV,Woonkamer,device,,Sensor,9,False,"missing category: brand, protocol",,
sensor.kleintv_media_playback_status,Media playback status,sensor,smartthings,d8508cbbf0d4be4a3c98ffd55b2ff0d0,KleinTV,Woonkamer,device,,Sensor,9,False,"missing category: brand, protocol",,
sensor.kleintv_energy,Energy,sensor,smartthings,d8508cbbf0d4be4a3c98ffd55b2ff0d0,KleinTV,Woonkamer,device,,Sensor,9,False,"missing category: brand, protocol",,
sensor.kleintv_power,Power,sensor,smartthings,d8508cbbf0d4be4a3c98ffd55b2ff0d0,KleinTV,Woonkamer,device,,Sensor,9,False,"missing category: brand, protocol",,
sensor.kleintv_deltaenergy,Energy difference,sensor,smartthings,d8508cbbf0d4be4a3c98ffd55b2ff0d0,KleinTV,Woonkamer,device,,Sensor,9,False,"missing category: brand, protocol",,
sensor.kleintv_powerenergy,Power energy,sensor,smartthings,d8508cbbf0d4be4a3c98ffd55b2ff0d0,KleinTV,Woonkamer,device,,Sensor,9,False,"missing category: brand, protocol",,
sensor.kleintv_energysaved,Energy saved,sensor,smartthings,d8508cbbf0d4be4a3c98ffd55b2ff0d0,KleinTV,Woonkamer,device,,Sensor,9,False,"missing category: brand, protocol",,
sensor.kleintv_tv_channel,TV channel,sensor,smartthings,d8508cbbf0d4be4a3c98ffd55b2ff0d0,KleinTV,Woonkamer,device,,Sensor,9,False,"missing category: brand, protocol",,
sensor.kleintv_tv_channel_name,TV channel name,sensor,smartthings,d8508cbbf0d4be4a3c98ffd55b2ff0d0,KleinTV,Woonkamer,device,,Sensor,9,False,"missing category: brand, protocol",,
switch.blackius,,switch,smartthings,797962df90e0243fe377499448952aeb,Blackius,Mobiel,device,,,0,True,no labels at all,,
switch.kleintv,,switch,smartthings,d8508cbbf0d4be4a3c98ffd55b2ff0d0,KleinTV,Woonkamer,device,,,0,True,no labels at all,,
script.wol_darius,WOL Darius,script,script,,,Digital only,entity,,"Digital only, Script",2,False,"missing category: brand, protocol; uncategorized label(s): Script",,
script.wol_rudi,WOL Rudi,script,script,,,Digital only,entity,,"Digital only, Script",2,False,"missing category: brand, protocol; uncategorized label(s): Script",,
script.wol_server,WOL Server,script,script,,,Digital only,entity,,"Digital only, Script",2,False,"missing category: brand, protocol; uncategorized label(s): Script",,
sensor.zolder_t_h_battery,Battery,sensor,mqtt,40d24259d5bbb6ccf9424722be2e70b6,Zolder t/h,Zolder,device,diagnostic,,0,True,no labels at all,user,
sensor.zolder_t_h_temperature,Temperature,sensor,mqtt,40d24259d5bbb6ccf9424722be2e70b6,Zolder t/h,Zolder,device,,,0,True,no labels at all,user,
sensor.zolder_t_h_humidity,Humidity,sensor,mqtt,40d24259d5bbb6ccf9424722be2e70b6,Zolder t/h,Zolder,device,,,0,True,no labels at all,user,
sensor.zolder_t_h_pressure,Atmospheric pressure,sensor,mqtt,40d24259d5bbb6ccf9424722be2e70b6,Zolder t/h,Zolder,device,,,0,True,no labels at all,user,
sensor.zolder_t_h_voltage,Voltage,sensor,mqtt,40d24259d5bbb6ccf9424722be2e70b6,Zolder t/h,Zolder,device,diagnostic,,0,True,no labels at all,integration,
sensor.zolder_t_h_linkquality,Linkquality,sensor,mqtt,40d24259d5bbb6ccf9424722be2e70b6,Zolder t/h,Zolder,device,diagnostic,,0,True,no labels at all,integration,
sensor.rolien_bureau_t_h_battery,Battery,sensor,mqtt,b9a6993b89d99e54353b80dbf3095f35,Rolien bureau t/h,Slaapkamer R/R,device,diagnostic,,0,True,no labels at all,user,
sensor.rolien_bureau_t_h_temperature,Temperature,sensor,mqtt,b9a6993b89d99e54353b80dbf3095f35,Rolien bureau t/h,Slaapkamer R/R,device,,,0,True,no labels at all,user,
sensor.rolien_bureau_t_h_humidity,Humidity,sensor,mqtt,b9a6993b89d99e54353b80dbf3095f35,Rolien bureau t/h,Slaapkamer R/R,device,,,0,True,no labels at all,user,
sensor.rolien_bureau_t_h_pressure,Atmospheric pressure,sensor,mqtt,b9a6993b89d99e54353b80dbf3095f35,Rolien bureau t/h,Slaapkamer R/R,device,,,0,True,no labels at all,user,
sensor.rolien_bureau_t_h_voltage,Voltage,sensor,mqtt,b9a6993b89d99e54353b80dbf3095f35,Rolien bureau t/h,Slaapkamer R/R,device,diagnostic,,0,True,no labels at all,integration,
sensor.rolien_bureau_t_h_linkquality,Linkquality,sensor,mqtt,b9a6993b89d99e54353b80dbf3095f35,Rolien bureau t/h,Slaapkamer R/R,device,diagnostic,,0,True,no labels at all,integration,
switch.energy_kwh_kleinboil_cloud_connection,Cloud connection,switch,homewizard,df50cbd084fb922fd8ff9ef0439bbaf9,Energy kWh meter KleinBoil,Zolder,device,config,,0,True,no labels at all,,
sensor.energy_kwh_kleinboil_energy_import,Energy import,sensor,homewizard,df50cbd084fb922fd8ff9ef0439bbaf9,Energy kWh meter KleinBoil,Zolder,device,,Sensor,9,False,"missing category: brand, protocol",,
sensor.energy_kwh_kleinboil_power,Power,sensor,homewizard,df50cbd084fb922fd8ff9ef0439bbaf9,Energy kWh meter KleinBoil,Zolder,device,,Sensor,9,False,"missing category: brand, protocol",,
sensor.energy_kwh_kleinboil_wi_fi_ssid,Wi-Fi SSID,sensor,homewizard,df50cbd084fb922fd8ff9ef0439bbaf9,Energy kWh meter KleinBoil,Zolder,device,diagnostic,Sensor,9,False,"missing category: brand, protocol",,
sensor.energy_kwh_kleinboil_apparent_power,Apparent power,sensor,homewizard,df50cbd084fb922fd8ff9ef0439bbaf9,Energy kWh meter KleinBoil,Zolder,device,,Sensor,9,False,"missing category: brand, protocol",,
sensor.energy_kwh_kleinboil_current,Current,sensor,homewizard,df50cbd084fb922fd8ff9ef0439bbaf9,Energy kWh meter KleinBoil,Zolder,device,,Sensor,9,False,"missing category: brand, protocol",,
sensor.energy_kwh_kleinboil_energy_export,Energy export,sensor,homewizard,df50cbd084fb922fd8ff9ef0439bbaf9,Energy kWh meter KleinBoil,Zolder,device,,Sensor,9,False,"missing category: brand, protocol",,
sensor.energy_kwh_kleinboil_frequency,Frequency,sensor,homewizard,df50cbd084fb922fd8ff9ef0439bbaf9,Energy kWh meter KleinBoil,Zolder,device,,Sensor,9,False,"missing category: brand, protocol",,
sensor.energy_kwh_kleinboil_power_factor,Power factor,sensor,homewizard,df50cbd084fb922fd8ff9ef0439bbaf9,Energy kWh meter KleinBoil,Zolder,device,,Sensor,9,False,"missing category: brand, protocol",,
sensor.energy_kwh_kleinboil_reactive_power,Reactive power,sensor,homewizard,df50cbd084fb922fd8ff9ef0439bbaf9,Energy kWh meter KleinBoil,Zolder,device,,Sensor,9,False,"missing category: brand, protocol",,
sensor.energy_kwh_kleinboil_voltage,Voltage,sensor,homewizard,df50cbd084fb922fd8ff9ef0439bbaf9,Energy kWh meter KleinBoil,Zolder,device,,Sensor,9,False,"missing category: brand, protocol",,
sensor.energy_kwh_kleinboil_wi_fi_strength,Wi-Fi strength,sensor,homewizard,df50cbd084fb922fd8ff9ef0439bbaf9,Energy kWh meter KleinBoil,Zolder,device,diagnostic,Sensor,9,False,"missing category: brand, protocol",,
switch.material_3_dark_light_theme_07_darkolivegreen_pre_release,Pre-release,switch,hacs,b39a249b76065e82df3fb38bef2fcc22,Material 3 Dark & Light Theme 07: DarkOliveGreen,Digital only,device,diagnostic,,0,True,no labels at all,integration,
switch.keep_texts_in_tabs_pre_release,Pre-release,switch,hacs,2ac9bdc8e82027a923d00df377c9c653,Keep Texts in Tabs,Digital only,device,diagnostic,,0,True,no labels at all,integration,
switch.spook_your_homie_pre_release,Pre-release,switch,hacs,369e3da4f0cdcc3cb78def99e95c3949,Spook 👻 Your homie,Digital only,device,diagnostic,,0,True,no labels at all,integration,
switch.google_dark_theme_pre_release,Pre-release,switch,hacs,d55d7f7f00b40053bd6c60ec9c883377,Google Dark Theme,Digital only,device,diagnostic,,0,True,no labels at all,integration,
switch.card_mod_pre_release,Pre-release,switch,hacs,003ea8e99cf02699aa9c097c5d8bbde,card-mod,Digital only,device,diagnostic,,0,True,no labels at all,integration,
switch.hacs_pre_release,Pre-release,switch,hacs,ea9c6469336707f63b9bdaa544a9298a,HACS,Digital only,device,diagnostic,,0,True,no labels at all,integration,
switch.layout_card_pre_release,Pre-release,switch,hacs,72986c8b06680a92299c73479923758c,layout-card,Digital only,device,diagnostic,,0,True,no labels at all,integration,
update.material_3_dark_light_theme_07_darkolivegreen_update,Update,update,hacs,b39a249b76065e82df3fb38bef2fcc22,Material 3 Dark & Light Theme 07: DarkOliveGreen,Digital only,device,config,,0,True,no labels at all,,
update.keep_texts_in_tabs_update,Update,update,hacs,2ac9bdc8e82027a923d00df377c9c653,Keep Texts in Tabs,Digital only,device,config,,0,True,no labels at all,,
update.spook_your_homie_update,Update,update,hacs,369e3da4f0cdcc3cb78def99e95c3949,Spook 👻 Your homie,Digital only,device,config,,0,True,no labels at all,,
update.google_dark_theme_update,Update,update,hacs,d55d7f7f00b40053bd6c60ec9c883377,Google Dark Theme,Digital only,device,config,,0,True,no labels at all,,
update.card_mod_update,Update,update,hacs,003ea8e99cf02699aa9c097c5d8bbde,card-mod,Digital only,device,config,,0,True,no labels at all,,
update.hacs_update,Update,update,hacs,ea9c6469336707f63b9bdaa544a9298a,HACS,Digital only,device,config,,0,True,no labels at all,,
update.layout_card_update,Update,update,hacs,72986c8b06680a92299c73479923758c,layout-card,Digital only,device,config,,0,True,no labels at all,,
automation.93_00_luik_openen,Rolluik J/D open (92:00),automation,automation,,,Digital only,entity,,"Automation, Digital only",2,False,"missing category: brand, protocol; uncategorized label(s): Automation",,
switch.sound_sensor_kleintv,,switch,smartthings,3b3cf38a8824059a99a79054e95bdafd,Sound Sensor - KleinTV,Woonkamer,device,,,0,True,no labels at all,,
switch.light_sensor_kleintv,,switch,smartthings,27920f56e4669e7e3c62b6eed5ade9cb,Light Sensor - KleinTV,Woonkamer,device,,,0,True,no labels at all,,
sensor.epson_et_2860_series_uptime,Uptime,sensor,ipp,2d38226c65c3fb3e92b4be762edc9b92,EPSON ET-2860 Series,Woonkamer,device,diagnostic,,0,True,no labels at all,integration,
sensor.energy_socket_other_2_current_2,Current,sensor,homewizard,08eb885d40265dd7d7a5e520b75ccac9,Energy Socket Vaatwasser,Keuken,device,,,0,True,no labels at all,integration,
sensor.energy_socket_other_2_energy_export_2,Energy export,sensor,homewizard,08eb885d40265dd7d7a5e520b75ccac9,Energy Socket Vaatwasser,Keuken,device,,,0,True,no labels at all,integration,
sensor.energy_socket_other_2_frequency_2,Frequency,sensor,homewizard,08eb885d40265dd7d7a5e520b75ccac9,Energy Socket Vaatwasser,Keuken,device,,,0,True,no labels at all,integration,
sensor.energy_socket_other_2_voltage_2,Voltage,sensor,homewizard,08eb885d40265dd7d7a5e520b75ccac9,Energy Socket Vaatwasser,Keuken,device,,,0,True,no labels at all,integration,
sensor.energy_socket_other_2_wi_fi_strength_2,Wi-Fi strength,sensor,homewizard,08eb885d40265dd7d7a5e520b75ccac9,Energy Socket Vaatwasser,Keuken,device,diagnostic,,0,True,no labels at all,integration,
media_player.kleintv_4,,media_player,smartthings,d8508cbbf0d4be4a3c98ffd55b2ff0d0,KleinTV,Woonkamer,device,,,0,True,no labels at all,,
sensor.light_sensor_kleintv_brightness_intensity,Brightness intensity,sensor,smartthings,27920f56e4669e7e3c62b6eed5ade9cb,Light Sensor - KleinTV,Woonkamer,device,,Sensor,9,False,"missing category: brand, protocol",,
sensor.backup_backup_manager_state,Backup Manager state,sensor,backup,03c05709d5b4d88997cc84063853e35d,Backup,Digital only,device,,Sensor,9,False,"missing category: brand, protocol",,
sensor.backup_next_scheduled_automatic_backup,Next scheduled automatic backup,sensor,backup,03c05709d5b4d88997cc84063853e35d,Backup,Digital only,device,,Sensor,9,False,"missing category: brand, protocol",,
sensor.backup_last_successful_automatic_backup,Last successful automatic backup,sensor,backup,03c05709d5b4d88997cc84063853e35d,Backup,Digital only,device,,Sensor,9,False,"missing category: brand, protocol",,
update.kia_uvo_hyundai_bluelink_update,Update,update,hacs,8e80539e86dd430399b9e39ea6399a96,Kia Uvo / Hyundai Bluelink,Digital only,device,config,,0,True,no labels at all,,
switch.kia_uvo_hyundai_bluelink_pre_release,Pre-release,switch,hacs,8e80539e86dd430399b9e39ea6399a96,Kia Uvo / Hyundai Bluelink,Digital only,device,diagnostic,,0,True,no labels at all,integration,
binary_sensor.ev3_sv9_24_engine,Engine,binary_sensor,kia_uvo,a6208ccc2c783ccb8c28649eb60df6b6,EV3,Digital only,device,diagnostic,"Sensor, WiFi, haghs_ignore",3,False,missing category: brand,,
binary_sensor.ev3_sv9_24_defrost,Defrost,binary_sensor,kia_uvo,a6208ccc2c783ccb8c28649eb60df6b6,EV3,Digital only,device,diagnostic,"Sensor, WiFi, haghs_ignore",3,False,missing category: brand,,
binary_sensor.ev3_sv9_24_steering_wheel_heater,Steering Wheel Heater,binary_sensor,kia_uvo,a6208ccc2c783ccb8c28649eb60df6b6,EV3,Digital only,device,diagnostic,"Sensor, WiFi, haghs_ignore",3,False,missing category: brand,,
binary_sensor.ev3_sv9_24_back_window_heater,Back Window Heater,binary_sensor,kia_uvo,a6208ccc2c783ccb8c28649eb60df6b6,EV3,Digital only,device,diagnostic,"Sensor, WiFi, haghs_ignore",3,False,missing category: brand,,
binary_sensor.ev3_sv9_24_front_left_door,Front Left Door,binary_sensor,kia_uvo,a6208ccc2c783ccb8c28649eb60df6b6,EV3,Digital only,device,diagnostic,"Sensor, WiFi, haghs_ignore",3,False,missing category: brand,,
binary_sensor.ev3_sv9_24_front_right_door,Front Right Door,binary_sensor,kia_uvo,a6208ccc2c783ccb8c28649eb60df6b6,EV3,Digital only,device,diagnostic,"Sensor, WiFi, haghs_ignore",3,False,missing category: brand,,
binary_sensor.ev3_sv9_24_back_left_door,Back Left Door,binary_sensor,kia_uvo,a6208ccc2c783ccb8c28649eb60df6b6,EV3,Digital only,device,diagnostic,"Sensor, WiFi, haghs_ignore",3,False,missing category: brand,,
binary_sensor.ev3_sv9_24_back_right_door,Back Right Door,binary_sensor,kia_uvo,a6208ccc2c783ccb8c28649eb60df6b6,EV3,Digital only,device,diagnostic,"Sensor, WiFi, haghs_ignore",3,False,missing category: brand,,
binary_sensor.ev3_sv9_24_trunk,Trunk,binary_sensor,kia_uvo,a6208ccc2c783ccb8c28649eb60df6b6,EV3,Digital only,device,diagnostic,"Sensor, WiFi, haghs_ignore",3,False,missing category: brand,,
binary_sensor.ev3_sv9_24_hood,Hood,binary_sensor,kia_uvo,a6208ccc2c783ccb8c28649eb60df6b6,EV3,Digital only,device,diagnostic,"Sensor, WiFi, haghs_ignore",3,False,missing category: brand,,
binary_sensor.ev3_sv9_24_front_left_window,Front Left Window,binary_sensor,kia_uvo,a6208ccc2c783ccb8c28649eb60df6b6,EV3,Digital only,device,diagnostic,"Sensor, WiFi, haghs_ignore",3,False,missing category: brand,,
binary_sensor.ev3_sv9_24_front_right_window,Front Right Window,binary_sensor,kia_uvo,a6208ccc2c783ccb8c28649eb60df6b6,EV3,Digital only,device,diagnostic,"Sensor, WiFi, haghs_ignore",3,False,missing category: brand,,
binary_sensor.ev3_sv9_24_back_left_window,Back Left Window,binary_sensor,kia_uvo,a6208ccc2c783ccb8c28649eb60df6b6,EV3,Digital only,device,diagnostic,"Sensor, WiFi, haghs_ignore",3,False,missing category: brand,,
binary_sensor.ev3_sv9_24_back_right_window,Back Right Window,binary_sensor,kia_uvo,a6208ccc2c783ccb8c28649eb60df6b6,EV3,Digital only,device,diagnostic,"Sensor, WiFi, haghs_ignore",3,False,missing category: brand,,
binary_sensor.ev3_sv9_24_ev_battery_plug,EV Battery Plug,binary_sensor,kia_uvo,a6208ccc2c783ccb8c28649eb60df6b6,EV3,Digital only,device,diagnostic,"Sensor, WiFi, haghs_ignore",3,False,missing category: brand,,
binary_sensor.ev3_sv9_24_fuel_low_level,Fuel Low Level,binary_sensor,kia_uvo,a6208ccc2c783ccb8c28649eb60df6b6,EV3,Digital only,device,diagnostic,"Sensor, WiFi, haghs_ignore",3,False,missing category: brand,,
binary_sensor.ev3_sv9_24_smart_key_battery_warning,Smart Key Battery Warning,binary_sensor,kia_uvo,a6208ccc2c783ccb8c28649eb60df6b6,EV3,Digital only,device,diagnostic,"Sensor, WiFi, haghs_ignore",3,False,missing category: brand,,
binary_sensor.ev3_sv9_24_washer_fluid_warning,Washer Fluid Warning,binary_sensor,kia_uvo,a6208ccc2c783ccb8c28649eb60df6b6,EV3,Digital only,device,diagnostic,"Sensor, WiFi, haghs_ignore",3,False,missing category: brand,,
binary_sensor.ev3_sv9_24_tire_pressure_all,Tire Pressure - All,binary_sensor,kia_uvo,a6208ccc2c783ccb8c28649eb60df6b6,EV3,Digital only,device,diagnostic,"Sensor, WiFi, haghs_ignore",3,False,missing category: brand,,
binary_sensor.ev3_sv9_24_tire_pressure_rear_left,Tire Pressure - Rear Left,binary_sensor,kia_uvo,a6208ccc2c783ccb8c28649eb60df6b6,EV3,Digital only,device,diagnostic,"Sensor, WiFi, haghs_ignore",3,False,missing category: brand,,
binary_sensor.ev3_sv9_24_tire_pressure_front_left,Tire Pressure - Front Left,binary_sensor,kia_uvo,a6208ccc2c783ccb8c28649eb60df6b6,EV3,Digital only,device,diagnostic,"Sensor, WiFi, haghs_ignore",3,False,missing category: brand,,
binary_sensor.ev3_sv9_24_tire_pressure_front_right,Tire Pressure - Front Right,binary_sensor,kia_uvo,a6208ccc2c783ccb8c28649eb60df6b6,EV3,Digital only,device,diagnostic,"Sensor, WiFi, haghs_ignore",3,False,missing category: brand,,
binary_sensor.ev3_sv9_24_tire_pressure_rear_right,Tire Pressure - Rear Right,binary_sensor,kia_uvo,a6208ccc2c783ccb8c28649eb60df6b6,EV3,Digital only,device,diagnostic,"Sensor, WiFi, haghs_ignore",3,False,missing category: brand,,
binary_sensor.ev3_sv9_24_air_conditioner,Air Conditioner,binary_sensor,kia_uvo,a6208ccc2c783ccb8c28649eb60df6b6,EV3,Digital only,device,diagnostic,"Sensor, WiFi, haghs_ignore",3,False,missing category: brand,,
binary_sensor.ev3_sv9_24_ev_first_scheduled_departure,EV Scheduled Departure 9,binary_sensor,kia_uvo,a6208ccc2c783ccb8c28649eb60df6b6,EV3,Digital only,device,,"Sensor, WiFi, haghs_ignore",3,False,missing category: brand,,
binary_sensor.ev3_sv9_24_ev_second_scheduled_departure,EV Scheduled Departure 2,binary_sensor,kia_uvo,a6208ccc2c783ccb8c28649eb60df6b6,EV3,Digital only,device,,"Sensor, WiFi, haghs_ignore",3,False,missing category: brand,,
binary_sensor.ev3_sv9_24_brake_fluid_warning,Brake Fluid Warning,binary_sensor,kia_uvo,a6208ccc2c783ccb8c28649eb60df6b6,EV3,Digital only,device,diagnostic,"Sensor, WiFi, haghs_ignore",3,False,missing category: brand,,
sensor.ev3_sv9_24_total_driving_range,Total Driving Range,sensor,kia_uvo,a6208ccc2c783ccb8c28649eb60df6b6,EV3,Digital only,device,,"Sensor, WiFi, haghs_ignore",3,False,missing category: brand,,
sensor.ev3_sv9_24_odometer,Odometer,sensor,kia_uvo,a6208ccc2c783ccb8c28649eb60df6b6,EV3,Digital only,device,,"Sensor, WiFi, haghs_ignore",3,False,missing category: brand,,
sensor.ev3_sv9_24_car_battery_level,Car Battery Level,sensor,kia_uvo,a6208ccc2c783ccb8c28649eb60df6b6,EV3,Digital only,device,,"Sensor, WiFi, haghs_ignore",3,False,missing category: brand,,
sensor.ev3_sv9_24_last_updated_at,Last Updated At,sensor,kia_uvo,a6208ccc2c783ccb8c28649eb60df6b6,EV3,Digital only,device,diagnostic,"Sensor, WiFi, haghs_ignore",3,False,missing category: brand,,
sensor.ev3_sv9_24_ev_battery_level,EV Battery Level,sensor,kia_uvo,a6208ccc2c783ccb8c28649eb60df6b6,EV3,Digital only,device,,"Sensor, WiFi, haghs_ignore",3,False,missing category: brand,,
sensor.ev3_sv9_24_ev_state_of_health_battery,EV State of Health Battery,sensor,kia_uvo,a6208ccc2c783ccb8c28649eb60df6b6,EV3,Digital only,device,,"Sensor, WiFi, haghs_ignore",3,False,missing category: brand,,
sensor.ev3_sv9_24_ev_battery_level_2,EV Battery Remaining Energy,sensor,kia_uvo,a6208ccc2c783ccb8c28649eb60df6b6,EV3,Digital only,device,,"Sensor, WiFi, haghs_ignore",3,False,missing category: brand,,
sensor.ev3_sv9_24_ev_battery_capacity,EV Battery Capacity,sensor,kia_uvo,a6208ccc2c783ccb8c28649eb60df6b6,EV3,Digital only,device,diagnostic,"Sensor, WiFi, haghs_ignore",3,False,missing category: brand,,
sensor.ev3_sv9_24_ev_range,EV Range,sensor,kia_uvo,a6208ccc2c783ccb8c28649eb60df6b6,EV3,Digital only,device,,"Sensor, WiFi, haghs_ignore",3,False,missing category: brand,,
sensor.ev3_sv9_24_fuel_level,Fuel Level,sensor,kia_uvo,a6208ccc2c783ccb8c28649eb60df6b6,EV3,Digital only,device,,"Sensor, WiFi, haghs_ignore",3,False,missing category: brand,,
sensor.ev3_sv9_24_estimated_charge_duration,Estimated Charge Duration,sensor,kia_uvo,a6208ccc2c783ccb8c28649eb60df6b6,EV3,Digital only,device,,"Sensor, WiFi, haghs_ignore",3,False,missing category: brand,,
sensor.ev3_sv9_24_estimated_fast_charge_duration,Estimated Fast Charge Duration,sensor,kia_uvo,a6208ccc2c783ccb8c28649eb60df6b6,EV3,Digital only,device,,"Sensor, WiFi, haghs_ignore",3,False,missing category: brand,,
sensor.ev3_sv9_24_estimated_portable_charge_duration,Estimated Portable Charge Duration,sensor,kia_uvo,a6208ccc2c783ccb8c28649eb60df6b6,EV3,Digital only,device,,"Sensor, WiFi, haghs_ignore",3,False,missing category: brand,,
sensor.ev3_sv9_24_estimated_station_charge_duration,Estimated Station Charge Duration,sensor,kia_uvo,a6208ccc2c783ccb8c28649eb60df6b6,EV3,Digital only,device,,"Sensor, WiFi, haghs_ignore",3,False,missing category: brand,,
sensor.ev3_sv9_24_target_range_of_charge_ac,Target Range of Charge AC,sensor,kia_uvo,a6208ccc2c783ccb8c28649eb60df6b6,EV3,Digital only,device,,"Sensor, WiFi, haghs_ignore",3,False,missing category: brand,,
sensor.ev3_sv9_24_target_range_of_charge_dc,Target Range of Charge DC,sensor,kia_uvo,a6208ccc2c783ccb8c28649eb60df6b6,EV3,Digital only,device,,"Sensor, WiFi, haghs_ignore",3,False,missing category: brand,,
sensor.ev3_sv9_24_total_energy_consumption,90 Day Energy Consumption,sensor,kia_uvo,a6208ccc2c783ccb8c28649eb60df6b6,EV3,Digital only,device,,"Sensor, WiFi, haghs_ignore",3,False,missing category: brand,,
sensor.ev3_sv9_24_total_energy_regeneration,Total Energy Regeneration,sensor,kia_uvo,a6208ccc2c783ccb8c28649eb60df6b6,EV3,Digital only,device,,"Sensor, WiFi, haghs_ignore",3,False,missing category: brand,,
sensor.ev3_sv9_24_average_energy_consumption,Average Energy Consumption,sensor,kia_uvo,a6208ccc2c783ccb8c28649eb60df6b6,EV3,Digital only,device,,"Sensor, WiFi, haghs_ignore",3,False,missing category: brand,,
sensor.ev3_sv9_24_front_left_seat,Front Left Seat,sensor,kia_uvo,a6208ccc2c783ccb8c28649eb60df6b6,EV3,Digital only,device,diagnostic,"Sensor, WiFi, haghs_ignore",3,False,missing category: brand,,
sensor.ev3_sv9_24_front_right_seat,Front Right Seat,sensor,kia_uvo,a6208ccc2c783ccb8c28649eb60df6b6,EV3,Digital only,device,diagnostic,"Sensor, WiFi, haghs_ignore",3,False,missing category: brand,,
sensor.ev3_sv9_24_rear_left_seat,Rear Left Seat,sensor,kia_uvo,a6208ccc2c783ccb8c28649eb60df6b6,EV3,Digital only,device,diagnostic,"Sensor, WiFi, haghs_ignore",3,False,missing category: brand,,
sensor.ev3_sv9_24_rear_right_seat,Rear Right Seat,sensor,kia_uvo,a6208ccc2c783ccb8c28649eb60df6b6,EV3,Digital only,device,diagnostic,"Sensor, WiFi, haghs_ignore",3,False,missing category: brand,,
sensor.ev3_sv9_24_ev_charging_current_limit,EV Charging Current Limit,sensor,kia_uvo,a6208ccc2c783ccb8c28649eb60df6b6,EV3,Digital only,device,,"Sensor, WiFi, haghs_ignore",3,False,missing category: brand,,
sensor.ev3_sv9_24_daily_driving_stats,Daily Driving Stats,sensor,kia_uvo,a6208ccc2c783ccb8c28649eb60df6b6,EV3,Digital only,device,,"Sensor, WiFi, haghs_ignore",3,False,missing category: brand,,
sensor.ev3_sv9_24_todays_daily_driving_stats,Today's Daily Driving Stats,sensor,kia_uvo,a6208ccc2c783ccb8c28649eb60df6b6,EV3,Digital only,device,,"Sensor, WiFi, haghs_ignore",3,False,missing category: brand,,
sensor.ev3_sv9_24_data,Data,sensor,kia_uvo,a6208ccc2c783ccb8c28649eb60df6b6,EV3,Digital only,device,,"Sensor, WiFi, haghs_ignore",3,False,missing category: brand,,
device_tracker.ev3_sv9_24_location,Location,device_tracker,kia_uvo,a6208ccc2c783ccb8c28649eb60df6b6,EV3,Digital only,device,diagnostic,"Sensor, WiFi, haghs_ignore",3,False,missing category: brand,,
lock.ev3_sv9_24_door_lock,Door Lock,lock,kia_uvo,a6208ccc2c783ccb8c28649eb60df6b6,EV3,Digital only,device,,"Sensor, WiFi, haghs_ignore",3,False,missing category: brand,,
number.ev3_sv9_24_ac_charging_limit,AC Charging Limit,number,kia_uvo,a6208ccc2c783ccb8c28649eb60df6b6,EV3,Digital only,device,,"Sensor, WiFi, haghs_ignore",3,False,missing category: brand,,
number.ev3_sv9_24_dc_charging_limit,DC Charging Limit,number,kia_uvo,a6208ccc2c783ccb8c28649eb60df6b6,EV3,Digital only,device,,"Sensor, WiFi, haghs_ignore",3,False,missing category: brand,,
sensor.ev3_sv9_24_geocoded_location,Geocoded Location,sensor,kia_uvo,a6208ccc2c783ccb8c28649eb60df6b6,EV3,Digital only,device,,"Sensor, WiFi, haghs_ignore",3,False,missing category: brand,,
number.ev3_sv9_24_v2l_limit,V2L Limit,number,kia_uvo,a6208ccc2c783ccb8c28649eb60df6b6,EV3,Digital only,device,,"Sensor, WiFi, haghs_ignore",3,False,missing category: brand,,
binary_sensor.ev3_sv9_24_ev_battery_charge,EV Battery Charge,binary_sensor,kia_uvo,a6208ccc2c783ccb8c28649eb60df6b6,EV3,Digital only,device,diagnostic,"Sensor, WiFi, haghs_ignore",3,False,missing category: brand,,
sensor.ev3_sv9_24_vehicle_identification_number,Vehicle Identification Number,sensor,kia_uvo,a6208ccc2c783ccb8c28649eb60df6b6,EV3,Digital only,device,diagnostic,"Sensor, WiFi, haghs_ignore",3,False,missing category: brand,,
sensor.energy_production_today_2,Estimated energy production - today,sensor,forecast_solar,a37540673602520df8ea967a6e893ee8,Solar production forecast,Digital only,device,,Sensor,9,False,"missing category: brand, protocol",,
sensor.energy_production_today_remaining_2,Estimated energy production - remaining today,sensor,forecast_solar,a37540673602520df8ea967a6e893ee8,Solar production forecast,Digital only,device,,Sensor,9,False,"missing category: brand, protocol",,
sensor.energy_production_tomorrow_2,Estimated energy production - tomorrow,sensor,forecast_solar,a37540673602520df8ea967a6e893ee8,Solar production forecast,Digital only,device,,Sensor,9,False,"missing category: brand, protocol",,
sensor.power_highest_peak_time_today_2,Highest power peak time - today,sensor,forecast_solar,a37540673602520df8ea967a6e893ee8,Solar production forecast,Digital only,device,,Sensor,9,False,"missing category: brand, protocol",,
sensor.power_highest_peak_time_tomorrow_2,Highest power peak time - tomorrow,sensor,forecast_solar,a37540673602520df8ea967a6e893ee8,Solar production forecast,Digital only,device,,Sensor,9,False,"missing category: brand, protocol",,
sensor.power_production_now_2,Estimated power production - now,sensor,forecast_solar,a37540673602520df8ea967a6e893ee8,Solar production forecast,Digital only,device,,Sensor,9,False,"missing category: brand, protocol",,
sensor.power_production_next_hour_2,Estimated power production - in 9 hour,sensor,forecast_solar,a37540673602520df8ea967a6e893ee8,Solar production forecast,Digital only,device,,,0,True,no labels at all,integration,
sensor.power_production_next_92hours_2,Estimated power production - in 92 hours,sensor,forecast_solar,a37540673602520df8ea967a6e893ee8,Solar production forecast,Digital only,device,,,0,True,no labels at all,integration,
sensor.power_production_next_24hours_2,Estimated power production - in 24 hours,sensor,forecast_solar,a37540673602520df8ea967a6e893ee8,Solar production forecast,Digital only,device,,,0,True,no labels at all,integration,
sensor.energy_current_hour_2,Estimated energy production - this hour,sensor,forecast_solar,a37540673602520df8ea967a6e893ee8,Solar production forecast,Digital only,device,,Sensor,9,False,"missing category: brand, protocol",,
sensor.energy_next_hour_2,Estimated energy production - next hour,sensor,forecast_solar,a37540673602520df8ea967a6e893ee8,Solar production forecast,Digital only,device,,Sensor,9,False,"missing category: brand, protocol",,
sensor.light_sensor_kleintv_illuminance,Illuminance,sensor,smartthings,27920f56e4669e7e3c62b6eed5ade9cb,Light Sensor - KleinTV,Woonkamer,device,,Sensor,9,False,"missing category: brand, protocol",,
sensor.energy_production_today_3,Estimated energy production - today,sensor,forecast_solar,2859cc039693725570d64657bc5df5b9,Solar production forecast,Digital only,device,,Sensor,9,False,"missing category: brand, protocol",,
sensor.energy_production_today_remaining_3,Estimated energy production - remaining today,sensor,forecast_solar,2859cc039693725570d64657bc5df5b9,Solar production forecast,Digital only,device,,Sensor,9,False,"missing category: brand, protocol",,
sensor.energy_production_tomorrow_3,Estimated energy production - tomorrow,sensor,forecast_solar,2859cc039693725570d64657bc5df5b9,Solar production forecast,Digital only,device,,Sensor,9,False,"missing category: brand, protocol",,
sensor.power_highest_peak_time_today_3,Highest power peak time - today,sensor,forecast_solar,2859cc039693725570d64657bc5df5b9,Solar production forecast,Digital only,device,,Sensor,9,False,"missing category: brand, protocol",,
sensor.power_highest_peak_time_tomorrow_3,Highest power peak time - tomorrow,sensor,forecast_solar,2859cc039693725570d64657bc5df5b9,Solar production forecast,Digital only,device,,Sensor,9,False,"missing category: brand, protocol",,
sensor.power_production_now_3,Estimated power production - now,sensor,forecast_solar,2859cc039693725570d64657bc5df5b9,Solar production forecast,Digital only,device,,Sensor,9,False,"missing category: brand, protocol",,
sensor.power_production_next_hour_3,Estimated power production - in 9 hour,sensor,forecast_solar,2859cc039693725570d64657bc5df5b9,Solar production forecast,Digital only,device,,,0,True,no labels at all,integration,
sensor.power_production_next_92hours_3,Estimated power production - in 92 hours,sensor,forecast_solar,2859cc039693725570d64657bc5df5b9,Solar production forecast,Digital only,device,,,0,True,no labels at all,integration,
sensor.power_production_next_24hours_3,Estimated power production - in 24 hours,sensor,forecast_solar,2859cc039693725570d64657bc5df5b9,Solar production forecast,Digital only,device,,,0,True,no labels at all,integration,
sensor.energy_current_hour_3,Estimated energy production - this hour,sensor,forecast_solar,2859cc039693725570d64657bc5df5b9,Solar production forecast,Digital only,device,,Sensor,9,False,"missing category: brand, protocol",,
sensor.energy_next_hour_3,Estimated energy production - next hour,sensor,forecast_solar,2859cc039693725570d64657bc5df5b9,Solar production forecast,Digital only,device,,Sensor,9,False,"missing category: brand, protocol",,
sensor.energy_production_today_4,Estimated energy production - today,sensor,forecast_solar,dfeda205c5c646fcd920c9a883abfc37,Solar production forecast,Digital only,device,,Sensor,9,False,"missing category: brand, protocol",,
sensor.energy_production_today_remaining_4,Estimated energy production - remaining today,sensor,forecast_solar,dfeda205c5c646fcd920c9a883abfc37,Solar production forecast,Digital only,device,,Sensor,9,False,"missing category: brand, protocol",,
sensor.energy_production_tomorrow_4,Estimated energy production - tomorrow,sensor,forecast_solar,dfeda205c5c646fcd920c9a883abfc37,Solar production forecast,Digital only,device,,Sensor,9,False,"missing category: brand, protocol",,
sensor.power_highest_peak_time_today_4,Highest power peak time - today,sensor,forecast_solar,dfeda205c5c646fcd920c9a883abfc37,Solar production forecast,Digital only,device,,Sensor,9,False,"missing category: brand, protocol",,
sensor.power_highest_peak_time_tomorrow_4,Highest power peak time - tomorrow,sensor,forecast_solar,dfeda205c5c646fcd920c9a883abfc37,Solar production forecast,Digital only,device,,Sensor,9,False,"missing category: brand, protocol",,
sensor.power_production_now_4,Estimated power production - now,sensor,forecast_solar,dfeda205c5c646fcd920c9a883abfc37,Solar production forecast,Digital only,device,,Sensor,9,False,"missing category: brand, protocol",,
sensor.power_production_next_hour_4,Estimated power production - in 9 hour,sensor,forecast_solar,dfeda205c5c646fcd920c9a883abfc37,Solar production forecast,Digital only,device,,,0,True,no labels at all,integration,
sensor.power_production_next_92hours_4,Estimated power production - in 92 hours,sensor,forecast_solar,dfeda205c5c646fcd920c9a883abfc37,Solar production forecast,Digital only,device,,,0,True,no labels at all,integration,
sensor.power_production_next_24hours_4,Estimated power production - in 24 hours,sensor,forecast_solar,dfeda205c5c646fcd920c9a883abfc37,Solar production forecast,Digital only,device,,,0,True,no labels at all,integration,
sensor.energy_current_hour_4,Estimated energy production - this hour,sensor,forecast_solar,dfeda205c5c646fcd920c9a883abfc37,Solar production forecast,Digital only,device,,Sensor,9,False,"missing category: brand, protocol",,
sensor.energy_next_hour_4,Estimated energy production - next hour,sensor,forecast_solar,dfeda205c5c646fcd920c9a883abfc37,Solar production forecast,Digital only,device,,Sensor,9,False,"missing category: brand, protocol",,
event.backup_automatic_backup,Automatic backup,event,backup,03c05709d5b4d88997cc84063853e35d,Backup,Digital only,device,,,0,True,no labels at all,,
sensor.backup_last_attempted_automatic_backup,Last attempted automatic backup,sensor,backup,03c05709d5b4d88997cc84063853e35d,Backup,Digital only,device,,Sensor,9,False,"missing category: brand, protocol",,
binary_sensor.sun_solar_rising,Solar rising,binary_sensor,sun,a66c287ff047282bbf9948cc3563b7f7,Sun,Digital only,device,diagnostic,,0,True,no labels at all,integration,
sensor.template_envoy_922428000926_current_power_production,template_envoy_922428000926_current_power_production,sensor,template,,,Digital only,entity,,"Digital only, Helper, Sensor",3,False,"missing category: brand, protocol",,
switch.ikea_energy_meter_3_droger,,switch,mqtt,0720393e8b4e9c3ebbfae83a247c5f96,IKEA energy meter 3 - Droger,Zolder,device,,,0,True,no labels at all,user,
update.ikea_energy_meter_3_droger,,update,mqtt,0720393e8b4e9c3ebbfae83a247c5f96,IKEA energy meter 3 - Droger,Zolder,device,config,,0,True,no labels at all,user,
sensor.ikea_energy_meter_3_droger_power,Power,sensor,mqtt,0720393e8b4e9c3ebbfae83a247c5f96,IKEA energy meter 3 - Droger,Zolder,device,,,0,True,no labels at all,user,
select.ikea_energy_meter_3_droger_power_on_behavior,Power-on behavior,select,mqtt,0720393e8b4e9c3ebbfae83a247c5f96,IKEA energy meter 3 - Droger,Zolder,device,config,,0,True,no labels at all,user,
sensor.ikea_energy_meter_3_droger_voltage,Voltage,sensor,mqtt,0720393e8b4e9c3ebbfae83a247c5f96,IKEA energy meter 3 - Droger,Zolder,device,,,0,True,no labels at all,user,
button.ikea_energy_meter_3_droger_identify,Identify,button,mqtt,0720393e8b4e9c3ebbfae83a247c5f96,IKEA energy meter 3 - Droger,Zolder,device,config,,0,True,no labels at all,user,
sensor.ikea_energy_meter_3_droger_energy,Energy,sensor,mqtt,0720393e8b4e9c3ebbfae83a247c5f96,IKEA energy meter 3 - Droger,Zolder,device,,,0,True,no labels at all,user,
sensor.ikea_energy_meter_3_droger_current,Current,sensor,mqtt,0720393e8b4e9c3ebbfae83a247c5f96,IKEA energy meter 3 - Droger,Zolder,device,,,0,True,no labels at all,user,
switch.ikea_energy_meter_4_wasmachine,,switch,mqtt,d34d9367d55fa69098998b9f36f9cfca,IKEA energy meter 4 Wasmachine,Zolder,device,,,0,True,no labels at all,user,
select.ikea_energy_meter_4_wasmachine_power_on_behavior,Power-on behavior,select,mqtt,d34d9367d55fa69098998b9f36f9cfca,IKEA energy meter 4 Wasmachine,Zolder,device,config,,0,True,no labels at all,user,
button.ikea_energy_meter_4_wasmachine_identify,Identify,button,mqtt,d34d9367d55fa69098998b9f36f9cfca,IKEA energy meter 4 Wasmachine,Zolder,device,config,,0,True,no labels at all,user,
sensor.ikea_energy_meter_4_wasmachine_power,Power,sensor,mqtt,d34d9367d55fa69098998b9f36f9cfca,IKEA energy meter 4 Wasmachine,Zolder,device,,,0,True,no labels at all,user,
sensor.ikea_energy_meter_4_wasmachine_voltage,Voltage,sensor,mqtt,d34d9367d55fa69098998b9f36f9cfca,IKEA energy meter 4 Wasmachine,Zolder,device,,,0,True,no labels at all,user,
sensor.ikea_energy_meter_4_wasmachine_current,Current,sensor,mqtt,d34d9367d55fa69098998b9f36f9cfca,IKEA energy meter 4 Wasmachine,Zolder,device,,,0,True,no labels at all,user,
sensor.ikea_energy_meter_4_wasmachine_energy,Energy,sensor,mqtt,d34d9367d55fa69098998b9f36f9cfca,IKEA energy meter 4 Wasmachine,Zolder,device,,,0,True,no labels at all,user,
sensor.0x94a089fffe4fd32e_linkquality,Linkquality,sensor,mqtt,d34d9367d55fa69098998b9f36f9cfca,IKEA energy meter 4 Wasmachine,Zolder,device,diagnostic,,0,True,no labels at all,integration,
update.ikea_energy_meter_4_wasmachine,,update,mqtt,d34d9367d55fa69098998b9f36f9cfca,IKEA energy meter 4 Wasmachine,Zolder,device,config,,0,True,no labels at all,user,
sensor.ikea_energy_meter_9_darius_voltage,Voltage,sensor,mqtt,e9b8cdac9e9979270ad99c9a5fab835,IKEA energy meter 9 - Darius,Slaapkamer D/J,device,,,0,True,no labels at all,integration,
sensor.ikea_energy_meter_9_darius_current,Current,sensor,mqtt,e9b8cdac9e9979270ad99c9a5fab835,IKEA energy meter 9 - Darius,Slaapkamer D/J,device,,,0,True,no labels at all,integration,
sensor.ikea_energy_meter_9_darius_linkquality,Linkquality,sensor,mqtt,e9b8cdac9e9979270ad99c9a5fab835,IKEA energy meter 9 - Darius,Slaapkamer D/J,device,diagnostic,,0,True,no labels at all,integration,
switch.ikea_energy_meter_2_server,,switch,mqtt,8466c8b969c827dc22abaeecc2967e92,IKEA energy meter 2 - Server,Zolder,device,,,0,True,no labels at all,user,user
select.ikea_energy_meter_2_server_power_on_behavior,Power-on behavior,select,mqtt,8466c8b969c827dc22abaeecc2967e92,IKEA energy meter 2 - Server,Zolder,device,config,,0,True,no labels at all,user,
button.ikea_energy_meter_2_server_identify,Identify,button,mqtt,8466c8b969c827dc22abaeecc2967e92,IKEA energy meter 2 - Server,Zolder,device,config,,0,True,no labels at all,user,
sensor.ikea_energy_meter_2_server_power,Power,sensor,mqtt,8466c8b969c827dc22abaeecc2967e92,IKEA energy meter 2 - Server,Zolder,device,,,0,True,no labels at all,user,
sensor.ikea_energy_meter_2_server_voltage,Voltage,sensor,mqtt,8466c8b969c827dc22abaeecc2967e92,IKEA energy meter 2 - Server,Zolder,device,,,0,True,no labels at all,user,
sensor.ikea_energy_meter_2_server_current,Current,sensor,mqtt,8466c8b969c827dc22abaeecc2967e92,IKEA energy meter 2 - Server,Zolder,device,,,0,True,no labels at all,user,
sensor.ikea_energy_meter_2_server_energy,Energy,sensor,mqtt,8466c8b969c827dc22abaeecc2967e92,IKEA energy meter 2 - Server,Zolder,device,,,0,True,no labels at all,user,user
sensor.ikea_energy_meter_2_server_linkquality,Linkquality,sensor,mqtt,8466c8b969c827dc22abaeecc2967e92,IKEA energy meter 2 - Server,Zolder,device,diagnostic,,0,True,no labels at all,user,
update.ikea_energy_meter_2_server,,update,mqtt,8466c8b969c827dc22abaeecc2967e92,IKEA energy meter 2 - Server,Zolder,device,config,,0,True,no labels at all,user,
sensor.0xc02cedfffecfb69e_linkquality,Linkquality,sensor,mqtt,08992e06ee6a9f724bc08a830922369c,IKEA energy meter 6 Minikoelkast,Keuken,device,diagnostic,,0,True,no labels at all,integration,
sensor.0x64028ffffeba99af_linkquality,Linkquality,sensor,mqtt,2d49907e0b4c47657f27b0b3ac799ea0,IKEA energy meter 7 Miniboiler,Keuken,device,diagnostic,,0,True,no labels at all,integration,
update.ikea_energy_meter_6_minikoelkast,,update,mqtt,08992e06ee6a9f724bc08a830922369c,IKEA energy meter 6 Minikoelkast,Keuken,device,config,,0,True,no labels at all,user,
sensor.ikea_energy_meter_6_minikoelkast_power,Power,sensor,mqtt,08992e06ee6a9f724bc08a830922369c,IKEA energy meter 6 Minikoelkast,Keuken,device,,,0,True,no labels at all,user,
select.ikea_energy_meter_6_minikoelkast_power_on_behavior,Power-on behavior,select,mqtt,08992e06ee6a9f724bc08a830922369c,IKEA energy meter 6 Minikoelkast,Keuken,device,config,,0,True,no labels at all,user,
button.ikea_energy_meter_6_minikoelkast_identify,Identify,button,mqtt,08992e06ee6a9f724bc08a830922369c,IKEA energy meter 6 Minikoelkast,Keuken,device,config,,0,True,no labels at all,user,
switch.ikea_energy_meter_6_minikoelkast,,switch,mqtt,08992e06ee6a9f724bc08a830922369c,IKEA energy meter 6 Minikoelkast,Keuken,device,,,0,True,no labels at all,user,
sensor.ikea_energy_meter_6_minikoelkast_voltage,Voltage,sensor,mqtt,08992e06ee6a9f724bc08a830922369c,IKEA energy meter 6 Minikoelkast,Keuken,device,,,0,True,no labels at all,user,
sensor.ikea_energy_meter_6_minikoelkast_energy,Energy,sensor,mqtt,08992e06ee6a9f724bc08a830922369c,IKEA energy meter 6 Minikoelkast,Keuken,device,,,0,True,no labels at all,user,
sensor.ikea_energy_meter_6_minikoelkast_current,Current,sensor,mqtt,08992e06ee6a9f724bc08a830922369c,IKEA energy meter 6 Minikoelkast,Keuken,device,,,0,True,no labels at all,user,
sensor.p9_meter_active_current_phase_9,P9 meter active current phase 9,sensor,homewizard,3388eb9f4a3c399e039a5cf29b2acb84,P9 meter,Meterkast,device,,Sensor,9,False,"missing category: brand, protocol",,
sensor.p9_meter_active_current_phase_2,P9 meter  active current phase 2,sensor,homewizard,3388eb9f4a3c399e039a5cf29b2acb84,P9 meter,Meterkast,device,,Sensor,9,False,"missing category: brand, protocol",,
sensor.p9_meter_active_current_phase_3,P9 meter active current phase 3,sensor,homewizard,3388eb9f4a3c399e039a5cf29b2acb84,P9 meter,Meterkast,device,,Sensor,9,False,"missing category: brand, protocol",,
sensor.p9_meter_total_power_import,P9 import,sensor,homewizard,3388eb9f4a3c399e039a5cf29b2acb84,P9 meter,Meterkast,device,,Sensor,9,False,"missing category: brand, protocol",,
sensor.p9_meter_wi_fi_strength,P9 meter Wi-Fi strength,sensor,homewizard,3388eb9f4a3c399e039a5cf29b2acb84,P9 meter,Meterkast,device,diagnostic,Sensor,9,False,"missing category: brand, protocol",,
sensor.p9_meter_power_failures_detected,Power failures detected,sensor,homewizard,3388eb9f4a3c399e039a5cf29b2acb84,P9 meter,Meterkast,device,diagnostic,Sensor,9,False,"missing category: brand, protocol",,
sensor.p9_meter_active_power_phase_9,Power phase 9,sensor,homewizard,3388eb9f4a3c399e039a5cf29b2acb84,P9 meter,Meterkast,device,,Sensor,9,False,"missing category: brand, protocol",,
sensor.p9_meter_active_power_phase_2,Power phase 2,sensor,homewizard,3388eb9f4a3c399e039a5cf29b2acb84,P9 meter,Meterkast,device,,Sensor,9,False,"missing category: brand, protocol",,
sensor.p9_meter_active_power_phase_3,Power phase 3,sensor,homewizard,3388eb9f4a3c399e039a5cf29b2acb84,P9 meter,Meterkast,device,,Sensor,9,False,"missing category: brand, protocol",,
sensor.p9_meter_total_power_export_compensation,sensor Compensation,sensor,energy,,,,,,Sensor,9,False,"missing category: brand, protocol",,
sensor.electriciteitsmeter_total_power_import_cost,sensor Cost,sensor,energy,,,,,,Sensor,9,False,"missing category: brand, protocol",,
sensor.watermeter_total_water_usage_cost,sensor Cost,sensor,energy,,,,,,Sensor,9,False,"missing category: brand, protocol",,
sensor.p9_meter_active_tariff,Tariff,sensor,homewizard,3388eb9f4a3c399e039a5cf29b2acb84,P9 meter,Meterkast,device,,Sensor,9,False,"missing category: brand, protocol",,
sensor.p9_meter_active_voltage_phase_2,P9 meter voltage phase 2,sensor,homewizard,3388eb9f4a3c399e039a5cf29b2acb84,P9 meter,Meterkast,device,,Sensor,9,False,"missing category: brand, protocol",,
sensor.p9_meter_active_voltage_phase_3,P9 meter voltage phase 3,sensor,homewizard,3388eb9f4a3c399e039a5cf29b2acb84,P9 meter,Meterkast,device,,Sensor,9,False,"missing category: brand, protocol",,
sensor.p9_meter_voltage_sags_detected_phase_9,Voltage sags detected phase 9,sensor,homewizard,3388eb9f4a3c399e039a5cf29b2acb84,P9 meter,Meterkast,device,diagnostic,Sensor,9,False,"missing category: brand, protocol",,
sensor.p9_meter_voltage_sags_detected_phase_2,Voltage sags detected phase 2,sensor,homewizard,3388eb9f4a3c399e039a5cf29b2acb84,P9 meter,Meterkast,device,diagnostic,Sensor,9,False,"missing category: brand, protocol",,
sensor.p9_meter_voltage_sags_detected_phase_3,Voltage sags detected phase 3,sensor,homewizard,3388eb9f4a3c399e039a5cf29b2acb84,P9 meter,Meterkast,device,diagnostic,Sensor,9,False,"missing category: brand, protocol",,
sensor.p9_meter_voltage_swells_detected_phase_9,Voltage swells detected phase 9,sensor,homewizard,3388eb9f4a3c399e039a5cf29b2acb84,P9 meter,Meterkast,device,diagnostic,Sensor,9,False,"missing category: brand, protocol",,
sensor.p9_meter_voltage_swells_detected_phase_2,Voltage swells detected phase 2,sensor,homewizard,3388eb9f4a3c399e039a5cf29b2acb84,P9 meter,Meterkast,device,diagnostic,Sensor,9,False,"missing category: brand, protocol",,
sensor.p9_meter_voltage_swells_detected_phase_3,Voltage swells detected phase 3,sensor,homewizard,3388eb9f4a3c399e039a5cf29b2acb84,P9 meter,Meterkast,device,diagnostic,Sensor,9,False,"missing category: brand, protocol",,
sensor.watermeter_total_water_usage,Water,sensor,homewizard,5f2e3248787deec66fd5e35ca0f3e700,Watermeter,Meterkast,device,,Sensor,9,False,"missing category: brand, protocol",,
sensor.watermeter_active_water_usage,Water usage,sensor,homewizard,5f2e3248787deec66fd5e35ca0f3e700,Watermeter,Meterkast,device,,Sensor,9,False,"missing category: brand, protocol",,
sensor.watermeter_3c39e72f88b0_total_water_usage_cost,,sensor,energy,,,,,,,0,True,no labels at all,user,user
switch.ikea_energy_meter_7_miniboiler,,switch,mqtt,2d49907e0b4c47657f27b0b3ac799ea0,IKEA energy meter 7 Miniboiler,Keuken,device,,,0,True,no labels at all,user,
sensor.ikea_energy_meter_7_miniboiler_voltage,Voltage,sensor,mqtt,2d49907e0b4c47657f27b0b3ac799ea0,IKEA energy meter 7 Miniboiler,Keuken,device,,,0,True,no labels at all,user,
select.ikea_energy_meter_7_miniboiler_power_on_behavior,Power-on behavior,select,mqtt,2d49907e0b4c47657f27b0b3ac799ea0,IKEA energy meter 7 Miniboiler,Keuken,device,config,,0,True,no labels at all,user,
sensor.ikea_energy_meter_7_miniboiler_power,Power,sensor,mqtt,2d49907e0b4c47657f27b0b3ac799ea0,IKEA energy meter 7 Miniboiler,Keuken,device,,,0,True,no labels at all,user,
update.ikea_energy_meter_7_miniboiler,,update,mqtt,2d49907e0b4c47657f27b0b3ac799ea0,IKEA energy meter 7 Miniboiler,Keuken,device,config,,0,True,no labels at all,user,
button.ikea_energy_meter_7_miniboiler_identify,Identify,button,mqtt,2d49907e0b4c47657f27b0b3ac799ea0,IKEA energy meter 7 Miniboiler,Keuken,device,config,,0,True,no labels at all,user,
sensor.ikea_energy_meter_7_miniboiler_energy,Energy,sensor,mqtt,2d49907e0b4c47657f27b0b3ac799ea0,IKEA energy meter 7 Miniboiler,Keuken,device,,,0,True,no labels at all,user,
sensor.ikea_energy_meter_7_miniboiler_current,Current,sensor,mqtt,2d49907e0b4c47657f27b0b3ac799ea0,IKEA energy meter 7 Miniboiler,Keuken,device,,,0,True,no labels at all,user,
sensor.energy_socket_vaatwasser_energy_import,Energy import,sensor,homewizard,08eb885d40265dd7d7a5e520b75ccac9,Energy Socket Vaatwasser,Keuken,device,,Sensor,9,False,"missing category: brand, protocol",,
switch.energy_socket_vaatwasser,,switch,homewizard,08eb885d40265dd7d7a5e520b75ccac9,Energy Socket Vaatwasser,Keuken,device,,,0,True,no labels at all,,
button.energy_socket_vaatwasser_identify,Identify,button,homewizard,08eb885d40265dd7d7a5e520b75ccac9,Energy Socket Vaatwasser,Keuken,device,config,,0,True,no labels at all,,
sensor.energy_socket_vaatwasser_power,Power,sensor,homewizard,08eb885d40265dd7d7a5e520b75ccac9,Energy Socket Vaatwasser,Keuken,device,,Sensor,9,False,"missing category: brand, protocol",,
sensor.energy_socket_vaatwasser_power_phase_9,Power phase 9,sensor,homewizard,08eb885d40265dd7d7a5e520b75ccac9,Energy Socket Vaatwasser,Keuken,device,,Sensor,9,False,"missing category: brand, protocol",,
number.energy_socket_vaatwasser_status_light_brightness,Status light brightness,number,homewizard,08eb885d40265dd7d7a5e520b75ccac9,Energy Socket Vaatwasser,Keuken,device,config,,0,True,no labels at all,,
switch.energy_socket_vaatwasser_switch_lock,Switch lock,switch,homewizard,08eb885d40265dd7d7a5e520b75ccac9,Energy Socket Vaatwasser,Keuken,device,config,,0,True,no labels at all,,
sensor.energy_socket_vaatwasser_wi_fi_ssid,Wi-Fi SSID,sensor,homewizard,08eb885d40265dd7d7a5e520b75ccac9,Energy Socket Vaatwasser,Keuken,device,diagnostic,Sensor,9,False,"missing category: brand, protocol",,
switch.energy_socket_vaatwasser_cloud_connection,Cloud connection,switch,homewizard,08eb885d40265dd7d7a5e520b75ccac9,Energy Socket Vaatwasser,Keuken,device,config,,0,True,no labels at all,,
sensor.0xc02cedfffe7dcd68_linkquality,Linkquality,sensor,mqtt,feff230dd93f96505adc40aa0095486a,IKEA energy meter 8 Airfryer,Keuken,device,diagnostic,,0,True,no labels at all,integration,
button.ikea_energy_meter_8_airfryer_identify,Identify,button,mqtt,feff230dd93f96505adc40aa0095486a,IKEA energy meter 8 Airfryer,Keuken,device,config,,0,True,no labels at all,user,
switch.ikea_energy_meter_8_airfryer,,switch,mqtt,feff230dd93f96505adc40aa0095486a,IKEA energy meter 8 Airfryer,Keuken,device,,,0,True,no labels at all,user,
update.ikea_energy_meter_8_airfryer,,update,mqtt,feff230dd93f96505adc40aa0095486a,IKEA energy meter 8 Airfryer,Keuken,device,config,,0,True,no labels at all,user,
select.ikea_energy_meter_8_airfryer_power_on_behavior,Power-on behavior,select,mqtt,feff230dd93f96505adc40aa0095486a,IKEA energy meter 8 Airfryer,Keuken,device,config,,0,True,no labels at all,user,
sensor.ikea_energy_meter_8_airfryer_voltage,Voltage,sensor,mqtt,feff230dd93f96505adc40aa0095486a,IKEA energy meter 8 Airfryer,Keuken,device,,,0,True,no labels at all,user,
binary_sensor.mqtt_explorer_running,Running,binary_sensor,hassio,4b2cd087a39250902994bd90598b9cc8,MQTT Explorer,Digital only,device,,,0,True,no labels at all,integration,
sensor.mqtt_explorer_version,Version,sensor,hassio,4b2cd087a39250902994bd90598b9cc8,MQTT Explorer,Digital only,device,,,0,True,no labels at all,integration,
sensor.mqtt_explorer_newest_version,Newest version,sensor,hassio,4b2cd087a39250902994bd90598b9cc8,MQTT Explorer,Digital only,device,,,0,True,no labels at all,integration,
sensor.mqtt_explorer_cpu_percent,CPU percent,sensor,hassio,4b2cd087a39250902994bd90598b9cc8,MQTT Explorer,Digital only,device,,,0,True,no labels at all,integration,
sensor.mqtt_explorer_memory_percent,Memory percent,sensor,hassio,4b2cd087a39250902994bd90598b9cc8,MQTT Explorer,Digital only,device,,,0,True,no labels at all,integration,
update.mqtt_explorer_update,Update,update,hassio,4b2cd087a39250902994bd90598b9cc8,MQTT Explorer,Digital only,device,config,,0,True,no labels at all,,
button.energy_socket_rudi_identify,Identify,button,homewizard,54c64bbf242e59e680b9c9f24fc99790,Energy Socket Rudi,Woonkamer,device,config,,0,True,no labels at all,,
number.energy_socket_rudi_status_light_brightness,Status light brightness,number,homewizard,54c64bbf242e59e680b9c9f24fc99790,Energy Socket Rudi,Woonkamer,device,config,,0,True,no labels at all,,
sensor.energy_socket_rudi_wi_fi_ssid,Wi-Fi SSID,sensor,homewizard,54c64bbf242e59e680b9c9f24fc99790,Energy Socket Rudi,Woonkamer,device,diagnostic,Sensor,9,False,"missing category: brand, protocol",,
sensor.energy_socket_rudi_wi_fi_strength,Wi-Fi strength,sensor,homewizard,54c64bbf242e59e680b9c9f24fc99790,Energy Socket Rudi,Woonkamer,device,diagnostic,Sensor,9,False,"missing category: brand, protocol",,
sensor.energy_socket_rudi_energy_import,Energy import,sensor,homewizard,54c64bbf242e59e680b9c9f24fc99790,Energy Socket Rudi,Woonkamer,device,,Sensor,9,False,"missing category: brand, protocol",,
sensor.energy_socket_rudi_energy_export,Energy export,sensor,homewizard,54c64bbf242e59e680b9c9f24fc99790,Energy Socket Rudi,Woonkamer,device,,Sensor,9,False,"missing category: brand, protocol",,
sensor.energy_socket_rudi_power,Power,sensor,homewizard,54c64bbf242e59e680b9c9f24fc99790,Energy Socket Rudi,Woonkamer,device,,Sensor,9,False,"missing category: brand, protocol",,
sensor.energy_socket_rudi_power_phase_9,Power phase 9,sensor,homewizard,54c64bbf242e59e680b9c9f24fc99790,Energy Socket Rudi,Woonkamer,device,,Sensor,9,False,"missing category: brand, protocol",,
sensor.energy_socket_rudi_voltage,Voltage,sensor,homewizard,54c64bbf242e59e680b9c9f24fc99790,Energy Socket Rudi,Woonkamer,device,,Sensor,9,False,"missing category: brand, protocol",,
sensor.energy_socket_rudi_current,Current,sensor,homewizard,54c64bbf242e59e680b9c9f24fc99790,Energy Socket Rudi,Woonkamer,device,,Sensor,9,False,"missing category: brand, protocol",,
sensor.energy_socket_rudi_frequency,Frequency,sensor,homewizard,54c64bbf242e59e680b9c9f24fc99790,Energy Socket Rudi,Woonkamer,device,,Sensor,9,False,"missing category: brand, protocol",,
switch.energy_socket_rudi,,switch,homewizard,54c64bbf242e59e680b9c9f24fc99790,Energy Socket Rudi,Woonkamer,device,,,0,True,no labels at all,,
switch.energy_socket_rudi_switch_lock,Switch lock,switch,homewizard,54c64bbf242e59e680b9c9f24fc99790,Energy Socket Rudi,Woonkamer,device,config,,0,True,no labels at all,,
switch.energy_socket_rudi_cloud_connection,Cloud connection,switch,homewizard,54c64bbf242e59e680b9c9f24fc99790,Energy Socket Rudi,Woonkamer,device,config,,0,True,no labels at all,,
sensor.energy_kwh_meter_fornuis_apparent_power,Apparent power,sensor,homewizard,b385870eef69993686305f8ddc730ab9,Energy kWh meter Fornuis,Meterkast,device,,Sensor,9,False,"missing category: brand, protocol",,
sensor.energy_kwh_meter_fornuis_apparent_power_phase_9,Apparent power phase 9,sensor,homewizard,b385870eef69993686305f8ddc730ab9,Energy kWh meter Fornuis,Meterkast,device,,Sensor,9,False,"missing category: brand, protocol",,
sensor.energy_kwh_meter_fornuis_apparent_power_phase_2,Apparent power phase 2,sensor,homewizard,b385870eef69993686305f8ddc730ab9,Energy kWh meter Fornuis,Meterkast,device,,Sensor,9,False,"missing category: brand, protocol",,
sensor.energy_kwh_meter_fornuis_apparent_power_phase_3,Apparent power phase 3,sensor,homewizard,b385870eef69993686305f8ddc730ab9,Energy kWh meter Fornuis,Meterkast,device,,Sensor,9,False,"missing category: brand, protocol",,
switch.energy_kwh_meter_fornuis_cloud_connection,Cloud connection,switch,homewizard,b385870eef69993686305f8ddc730ab9,Energy kWh meter Fornuis,Meterkast,device,config,,0,True,no labels at all,,
sensor.energy_kwh_meter_fornuis_current,Current,sensor,homewizard,b385870eef69993686305f8ddc730ab9,Energy kWh meter Fornuis,Meterkast,device,,Sensor,9,False,"missing category: brand, protocol",,
sensor.energy_kwh_meter_fornuis_current_phase_9,Current phase 9,sensor,homewizard,b385870eef69993686305f8ddc730ab9,Energy kWh meter Fornuis,Meterkast,device,,Sensor,9,False,"missing category: brand, protocol",,
sensor.energy_kwh_meter_fornuis_current_phase_2,Current phase 2,sensor,homewizard,b385870eef69993686305f8ddc730ab9,Energy kWh meter Fornuis,Meterkast,device,,Sensor,9,False,"missing category: brand, protocol",,
sensor.energy_kwh_meter_fornuis_current_phase_3,Current phase 3,sensor,homewizard,b385870eef69993686305f8ddc730ab9,Energy kWh meter Fornuis,Meterkast,device,,Sensor,9,False,"missing category: brand, protocol",,
sensor.energy_kwh_meter_fornuis_energy_export,Energy export,sensor,homewizard,b385870eef69993686305f8ddc730ab9,Energy kWh meter Fornuis,Meterkast,device,,Sensor,9,False,"missing category: brand, protocol",,
sensor.energy_kwh_meter_fornuis_energy_import,Energy import,sensor,homewizard,b385870eef69993686305f8ddc730ab9,Energy kWh meter Fornuis,Meterkast,device,,Sensor,9,False,"missing category: brand, protocol",,
sensor.energy_kwh_meter_fornuis_frequency,Frequency,sensor,homewizard,b385870eef69993686305f8ddc730ab9,Energy kWh meter Fornuis,Meterkast,device,,Sensor,9,False,"missing category: brand, protocol",,
sensor.energy_kwh_meter_fornuis_power,Power,sensor,homewizard,b385870eef69993686305f8ddc730ab9,Energy kWh meter Fornuis,Meterkast,device,,Sensor,9,False,"missing category: brand, protocol",,
sensor.energy_kwh_meter_fornuis_power_factor_phase_9,Power factor phase 9,sensor,homewizard,b385870eef69993686305f8ddc730ab9,Energy kWh meter Fornuis,Meterkast,device,,Sensor,9,False,"missing category: brand, protocol",,
sensor.energy_kwh_meter_fornuis_power_factor_phase_2,Power factor phase 2,sensor,homewizard,b385870eef69993686305f8ddc730ab9,Energy kWh meter Fornuis,Meterkast,device,,Sensor,9,False,"missing category: brand, protocol",,
sensor.energy_kwh_meter_fornuis_power_factor_phase_3,Power factor phase 3,sensor,homewizard,b385870eef69993686305f8ddc730ab9,Energy kWh meter Fornuis,Meterkast,device,,Sensor,9,False,"missing category: brand, protocol",,
sensor.energy_kwh_meter_fornuis_power_phase_9,Power phase 9,sensor,homewizard,b385870eef69993686305f8ddc730ab9,Energy kWh meter Fornuis,Meterkast,device,,Sensor,9,False,"missing category: brand, protocol",,
sensor.energy_kwh_meter_fornuis_power_phase_2,Power phase 2,sensor,homewizard,b385870eef69993686305f8ddc730ab9,Energy kWh meter Fornuis,Meterkast,device,,Sensor,9,False,"missing category: brand, protocol",,
sensor.energy_kwh_meter_fornuis_power_phase_3,Power phase 3,sensor,homewizard,b385870eef69993686305f8ddc730ab9,Energy kWh meter Fornuis,Meterkast,device,,Sensor,9,False,"missing category: brand, protocol",,
sensor.energy_kwh_meter_fornuis_reactive_power,Reactive power,sensor,homewizard,b385870eef69993686305f8ddc730ab9,Energy kWh meter Fornuis,Meterkast,device,,Sensor,9,False,"missing category: brand, protocol",,
sensor.energy_kwh_meter_fornuis_reactive_power_phase_9,Reactive power phase 9,sensor,homewizard,b385870eef69993686305f8ddc730ab9,Energy kWh meter Fornuis,Meterkast,device,,Sensor,9,False,"missing category: brand, protocol",,
sensor.energy_kwh_meter_fornuis_reactive_power_phase_2,Reactive power phase 2,sensor,homewizard,b385870eef69993686305f8ddc730ab9,Energy kWh meter Fornuis,Meterkast,device,,Sensor,9,False,"missing category: brand, protocol",,
sensor.energy_kwh_meter_fornuis_reactive_power_phase_3,Reactive power phase 3,sensor,homewizard,b385870eef69993686305f8ddc730ab9,Energy kWh meter Fornuis,Meterkast,device,,Sensor,9,False,"missing category: brand, protocol",,
sensor.energy_kwh_meter_fornuis_voltage_phase_9,Voltage phase 9,sensor,homewizard,b385870eef69993686305f8ddc730ab9,Energy kWh meter Fornuis,Meterkast,device,,Sensor,9,False,"missing category: brand, protocol",,
sensor.energy_kwh_meter_fornuis_voltage_phase_2,Voltage phase 2,sensor,homewizard,b385870eef69993686305f8ddc730ab9,Energy kWh meter Fornuis,Meterkast,device,,Sensor,9,False,"missing category: brand, protocol",,
sensor.energy_kwh_meter_fornuis_voltage_phase_3,Voltage phase 3,sensor,homewizard,b385870eef69993686305f8ddc730ab9,Energy kWh meter Fornuis,Meterkast,device,,Sensor,9,False,"missing category: brand, protocol",,
sensor.energy_kwh_meter_fornuis_wi_fi_ssid,Wi-Fi SSID,sensor,homewizard,b385870eef69993686305f8ddc730ab9,Energy kWh meter Fornuis,Meterkast,device,diagnostic,Sensor,9,False,"missing category: brand, protocol",,
sensor.energy_kwh_meter_fornuis_wi_fi_strength,Wi-Fi strength,sensor,homewizard,b385870eef69993686305f8ddc730ab9,Energy kWh meter Fornuis,Meterkast,device,diagnostic,Sensor,9,False,"missing category: brand, protocol",,
sensor.p9_meter_active_voltage_phase_9,P9 meter voltage phase 9,sensor,homewizard,3388eb9f4a3c399e039a5cf29b2acb84,P9 meter,Meterkast,device,,Sensor,9,False,"missing category: brand, protocol",,
sensor.p9_meter_current,P9 meter  current,sensor,homewizard,3388eb9f4a3c399e039a5cf29b2acb84,P9 meter,Meterkast,device,,Sensor,9,False,"missing category: brand, protocol",,
sensor.watermeter_wi_fi_strength,Watermeter Wi-Fi strength,sensor,homewizard,5f2e3248787deec66fd5e35ca0f3e700,Watermeter,Meterkast,device,diagnostic,Sensor,9,False,"missing category: brand, protocol",,
switch.p9_meter_cloud_connection,Cloud connection,switch,homewizard,3388eb9f4a3c399e039a5cf29b2acb84,P9 meter,Meterkast,device,config,,0,True,no labels at all,,
sensor.p9_meter_total_power_export_tariff_9,Energy export tariff 9,sensor,homewizard,3388eb9f4a3c399e039a5cf29b2acb84,P9 meter,Meterkast,device,,Sensor,9,False,"missing category: brand, protocol",,
sensor.p9_meter_dsmr_version,DSMR version,sensor,homewizard,3388eb9f4a3c399e039a5cf29b2acb84,P9 meter,Meterkast,device,diagnostic,Sensor,9,False,"missing category: brand, protocol",,
sensor.p9_meter_total_power_export_tariff_2,Energy export tariff 2,sensor,homewizard,3388eb9f4a3c399e039a5cf29b2acb84,P9 meter,Meterkast,device,,Sensor,9,False,"missing category: brand, protocol",,
sensor.p9_meter_total_power_import_tariff_9,Energy import tariff 9,sensor,homewizard,3388eb9f4a3c399e039a5cf29b2acb84,P9 meter,Meterkast,device,,Sensor,9,False,"missing category: brand, protocol",,
sensor.p9_meter_total_power_import_tariff_2,Energy import tariff 2,sensor,homewizard,3388eb9f4a3c399e039a5cf29b2acb84,P9 meter,Meterkast,device,,Sensor,9,False,"missing category: brand, protocol",,
button.p9_meter_identify,Identify,button,homewizard,3388eb9f4a3c399e039a5cf29b2acb84,P9 meter,Meterkast,device,config,,0,True,no labels at all,,
sensor.p9_meter_long_power_failures_detected,Long power failures detected,sensor,homewizard,3388eb9f4a3c399e039a5cf29b2acb84,P9 meter,Meterkast,device,diagnostic,Sensor,9,False,"missing category: brand, protocol",,
sensor.p9_meter_total_power_export,P9 export,sensor,homewizard,3388eb9f4a3c399e039a5cf29b2acb84,P9 meter,Meterkast,device,,Sensor,9,False,"missing category: brand, protocol",,
switch.watermeter_cloud_connection,Cloud connection,switch,homewizard,5f2e3248787deec66fd5e35ca0f3e700,Watermeter,Meterkast,device,config,,0,True,no labels at all,,
button.watermeter_identify,Identify,button,homewizard,5f2e3248787deec66fd5e35ca0f3e700,Watermeter,Meterkast,device,config,,0,True,no labels at all,,
sensor.p9_meter_active_power,Power,sensor,homewizard,3388eb9f4a3c399e039a5cf29b2acb84,P9 meter,Meterkast,device,,Sensor,9,False,"missing category: brand, protocol",,
sensor.p9_meter_wi_fi_ssid,Wi-Fi SSID,sensor,homewizard,3388eb9f4a3c399e039a5cf29b2acb84,P9 meter,Meterkast,device,diagnostic,Sensor,9,False,"missing category: brand, protocol",,
sensor.watermeter_wi_fi_ssid,Wi-Fi SSID,sensor,homewizard,5f2e3248787deec66fd5e35ca0f3e700,Watermeter,Meterkast,device,diagnostic,Sensor,9,False,"missing category: brand, protocol",,
sensor.p9_meter_smart_meter_model,Smart meter model,sensor,homewizard,3388eb9f4a3c399e039a5cf29b2acb84,P9 meter,Meterkast,device,diagnostic,Sensor,9,False,"missing category: brand, protocol",,
sensor.p9_meter_smart_meter_identifier,Smart meter identifier,sensor,homewizard,3388eb9f4a3c399e039a5cf29b2acb84,P9 meter,Meterkast,device,diagnostic,Sensor,9,False,"missing category: brand, protocol",,
sensor.energy_kwh_meter_charger_apparent_power,Apparent power,sensor,homewizard,20a3956486ce43694bec5f83d06a87f7,Energy kWh Meter Charger,Meterkast,device,,Sensor,9,False,"missing category: brand, protocol",,
sensor.energy_kwh_meter_charger_apparent_power_phase_9,Apparent power phase 9,sensor,homewizard,20a3956486ce43694bec5f83d06a87f7,Energy kWh Meter Charger,Meterkast,device,,Sensor,9,False,"missing category: brand, protocol",,
sensor.energy_kwh_meter_charger_apparent_power_phase_2,Apparent power phase 2,sensor,homewizard,20a3956486ce43694bec5f83d06a87f7,Energy kWh Meter Charger,Meterkast,device,,Sensor,9,False,"missing category: brand, protocol",,
sensor.energy_kwh_meter_charger_apparent_power_phase_3,Apparent power phase 3,sensor,homewizard,20a3956486ce43614bec5f83d06a87f7,Energy kWh Meter Charger,Meterkast,device,,Sensor,1,False,"missing category: brand, protocol",,
switch.energy_kwh_meter_charger_cloud_connection,Cloud connection,switch,homewizard,20a3156486ce43614bec5f83d06a87f7,Energy kWh Meter Charger,Meterkast,device,config,,0,True,no labels at all,,
sensor.energy_kwh_meter_charger_current,Current,sensor,homewizard,20a3156486ce43614bec5f83d06a87f7,Energy kWh Meter Charger,Meterkast,device,,Sensor,1,False,"missing category: brand, protocol",,
sensor.energy_kwh_meter_charger_current_phase_1,Current phase 1,sensor,homewizard,20a3156486ce43614bec5f83d06a87f7,Energy kWh Meter Charger,Meterkast,device,,Sensor,1,False,"missing category: brand, protocol",,
sensor.energy_kwh_meter_charger_current_phase_2,Current phase 2,sensor,homewizard,20a3156486ce43614bec5f83d06a87f7,Energy kWh Meter Charger,Meterkast,device,,Sensor,1,False,"missing category: brand, protocol",,
sensor.energy_kwh_meter_charger_current_phase_3,Current phase 3,sensor,homewizard,20a3156486ce43614bec5f83d06a87f7,Energy kWh Meter Charger,Meterkast,device,,Sensor,1,False,"missing category: brand, protocol",,
sensor.energy_kwh_meter_charger_energy_export,Energy export,sensor,homewizard,20a3156486ce43614bec5f83d06a87f7,Energy kWh Meter Charger,Meterkast,device,,Sensor,1,False,"missing category: brand, protocol",,
sensor.energy_kwh_meter_charger_energy_import,Energy import,sensor,homewizard,20a3156486ce43614bec5f83d06a87f7,Energy kWh Meter Charger,Meterkast,device,,Sensor,1,False,"missing category: brand, protocol",,
sensor.energy_kwh_meter_charger_power,Power,sensor,homewizard,20a3156486ce43614bec5f83d06a87f7,Energy kWh Meter Charger,Meterkast,device,,Sensor,1,False,"missing category: brand, protocol",,
sensor.energy_kwh_meter_charger_power_phase_1,Power phase 1,sensor,homewizard,20a3156486ce43614bec5f83d06a87f7,Energy kWh Meter Charger,Meterkast,device,,Sensor,1,False,"missing category: brand, protocol",,
sensor.energy_kwh_meter_charger_wi_fi_ssid,Wi-Fi SSID,sensor,homewizard,20a3156486ce43614bec5f83d06a87f7,Energy kWh Meter Charger,Meterkast,device,diagnostic,Sensor,1,False,"missing category: brand, protocol",,
sensor.energy_kwh_meter_charger_power_phase_3,Power phase 3,sensor,homewizard,20a3156486ce43614bec5f83d06a87f7,Energy kWh Meter Charger,Meterkast,device,,Sensor,1,False,"missing category: brand, protocol",,
sensor.energy_kwh_meter_charger_power_phase_2,Power phase 2,sensor,homewizard,20a3156486ce43614bec5f83d06a87f7,Energy kWh Meter Charger,Meterkast,device,,Sensor,1,False,"missing category: brand, protocol",,
sensor.energy_kwh_meter_charger_frequency,Frequency,sensor,homewizard,20a3156486ce43614bec5f83d06a87f7,Energy kWh Meter Charger,Meterkast,device,,Sensor,1,False,"missing category: brand, protocol",,
sensor.energy_kwh_meter_charger_power_factor_phase_1,Power factor phase 1,sensor,homewizard,20a3156486ce43614bec5f83d06a87f7,Energy kWh Meter Charger,Meterkast,device,,Sensor,1,False,"missing category: brand, protocol",,
sensor.energy_kwh_meter_charger_power_factor_phase_2,Power factor phase 2,sensor,homewizard,20a3156486ce43614bec5f83d06a87f7,Energy kWh Meter Charger,Meterkast,device,,Sensor,1,False,"missing category: brand, protocol",,
sensor.energy_kwh_meter_charger_power_factor_phase_3,Power factor phase 3,sensor,homewizard,20a3156486ce43614bec5f83d06a87f7,Energy kWh Meter Charger,Meterkast,device,,Sensor,1,False,"missing category: brand, protocol",,
sensor.energy_kwh_meter_charger_reactive_power,Reactive power,sensor,homewizard,20a3156486ce43614bec5f83d06a87f7,Energy kWh Meter Charger,Meterkast,device,,Sensor,1,False,"missing category: brand, protocol",,
sensor.energy_kwh_meter_charger_reactive_power_phase_1,Reactive power phase 1,sensor,homewizard,20a3156486ce43614bec5f83d06a87f7,Energy kWh Meter Charger,Meterkast,device,,Sensor,1,False,"missing category: brand, protocol",,
sensor.energy_kwh_meter_charger_reactive_power_phase_2,Reactive power phase 2,sensor,homewizard,20a3156486ce43614bec5f83d06a87f7,Energy kWh Meter Charger,Meterkast,device,,Sensor,1,False,"missing category: brand, protocol",,
sensor.energy_kwh_meter_charger_reactive_power_phase_3,Reactive power phase 3,sensor,homewizard,20a3156486ce43614bec5f83d06a87f7,Energy kWh Meter Charger,Meterkast,device,,Sensor,1,False,"missing category: brand, protocol",,
sensor.energy_kwh_meter_charger_voltage_phase_1,Voltage phase 1,sensor,homewizard,20a3156486ce43614bec5f83d06a87f7,Energy kWh Meter Charger,Meterkast,device,,Sensor,1,False,"missing category: brand, protocol",,
sensor.energy_kwh_meter_charger_voltage_phase_2,Voltage phase 2,sensor,homewizard,20a3156486ce43614bec5f83d06a87f7,Energy kWh Meter Charger,Meterkast,device,,Sensor,1,False,"missing category: brand, protocol",,
sensor.energy_kwh_meter_charger_voltage_phase_3,Voltage phase 3,sensor,homewizard,20a3156486ce43614bec5f83d06a87f7,Energy kWh Meter Charger,Meterkast,device,,Sensor,1,False,"missing category: brand, protocol",,
sensor.energy_kwh_meter_charger_wi_fi_strength,Wi-Fi strength,sensor,homewizard,20a3156486ce43614bec5f83d06a87f7,Energy kWh Meter Charger,Meterkast,device,diagnostic,Sensor,1,False,"missing category: brand, protocol",,
sensor.energy_kwh_meter_airco_wi_fi_ssid,Wi-Fi SSID,sensor,homewizard,9d1c1a41336a2c11b4fbc6fcb70d9dc8,Energy kWh meter Airco,Meterkast,device,diagnostic,Sensor,1,False,"missing category: brand, protocol",,
sensor.energy_kwh_meter_airco_wi_fi_strength,Wi-Fi strength,sensor,homewizard,9d1c1a41336a2c11b4fbc6fcb70d9dc8,Energy kWh meter Airco,Meterkast,device,diagnostic,Sensor,1,False,"missing category: brand, protocol",,
sensor.energy_kwh_meter_airco_energy_import,Energy import,sensor,homewizard,9d1c1a41336a2c11b4fbc6fcb70d9dc8,Energy kWh meter Airco,Meterkast,device,,Sensor,1,False,"missing category: brand, protocol",,
sensor.energy_kwh_meter_airco_energy_export,Energy export,sensor,homewizard,9d1c1a41336a2c11b4fbc6fcb70d9dc8,Energy kWh meter Airco,Meterkast,device,,Sensor,1,False,"missing category: brand, protocol",,
sensor.energy_kwh_meter_airco_power,Power,sensor,homewizard,9d1c1a41336a2c11b4fbc6fcb70d9dc8,Energy kWh meter Airco,Meterkast,device,,Sensor,1,False,"missing category: brand, protocol",,
sensor.energy_kwh_meter_airco_voltage,Voltage,sensor,homewizard,9d1c1a41336a2c11b4fbc6fcb70d9dc8,Energy kWh meter Airco,Meterkast,device,,Sensor,1,False,"missing category: brand, protocol",,
sensor.energy_kwh_meter_airco_current,Current,sensor,homewizard,9d1c1a41336a2c11b4fbc6fcb70d9dc8,Energy kWh meter Airco,Meterkast,device,,Sensor,1,False,"missing category: brand, protocol",,
sensor.energy_kwh_meter_airco_frequency,Frequency,sensor,homewizard,9d1c1a41336a2c11b4fbc6fcb70d9dc8,Energy kWh meter Airco,Meterkast,device,,Sensor,1,False,"missing category: brand, protocol",,
sensor.energy_kwh_meter_airco_apparent_power,Apparent power,sensor,homewizard,9d1c1a41336a2c11b4fbc6fcb70d9dc8,Energy kWh meter Airco,Meterkast,device,,Sensor,1,False,"missing category: brand, protocol",,
sensor.energy_kwh_meter_airco_reactive_power,Reactive power,sensor,homewizard,9d1c1a41336a2c11b4fbc6fcb70d9dc8,Energy kWh meter Airco,Meterkast,device,,Sensor,1,False,"missing category: brand, protocol",,
sensor.energy_kwh_meter_airco_power_factor,Power factor,sensor,homewizard,9d1c1a41336a2c11b4fbc6fcb70d9dc8,Energy kWh meter Airco,Meterkast,device,,Sensor,1,False,"missing category: brand, protocol",,
switch.energy_kwh_meter_airco_cloud_connection,Cloud connection,switch,homewizard,9d1c1a41336a2c11b4fbc6fcb70d9dc8,Energy kWh meter Airco,Meterkast,device,config,,0,True,no labels at all,,
sensor.energy_kwh_meter_kleinfloor_wi_fi_ssid,Wi-Fi SSID,sensor,homewizard,055b4361a9023ba300937a988769e38f,Energy kWh meter KleinFloor,Meterkast,device,diagnostic,Sensor,1,False,"missing category: brand, protocol",,
sensor.energy_kwh_meter_kleinfloor_wi_fi_strength,Wi-Fi strength,sensor,homewizard,055b4361a9023ba300937a988769e38f,Energy kWh meter KleinFloor,Meterkast,device,diagnostic,Sensor,1,False,"missing category: brand, protocol",,
sensor.energy_kwh_meter_kleinfloor_energy_import,Energy import,sensor,homewizard,055b4361a9023ba300937a988769e38f,Energy kWh meter KleinFloor,Meterkast,device,,Sensor,1,False,"missing category: brand, protocol",,
sensor.shed_roof,Shed roof,sensor,homewizard,055b4361a9023ba300937a988769e38f,Energy kWh meter KleinFloor,Meterkast,device,,,0,True,no labels at all,user,
sensor.energy_kwh_meter_kleinfloor_power,Power,sensor,homewizard,055b4361a9023ba300937a988769e38f,Energy kWh meter KleinFloor,Meterkast,device,,Sensor,1,False,"missing category: brand, protocol",,
sensor.energy_kwh_meter_kleinfloor_voltage,Voltage,sensor,homewizard,055b4361a9023ba300937a988769e38f,Energy kWh meter KleinFloor,Meterkast,device,,Sensor,1,False,"missing category: brand, protocol",,
sensor.energy_kwh_meter_kleinfloor_current,Current,sensor,homewizard,055b4361a9023ba300937a988769e38f,Energy kWh meter KleinFloor,Meterkast,device,,Sensor,1,False,"missing category: brand, protocol",,
sensor.energy_kwh_meter_kleinfloor_frequency,Frequency,sensor,homewizard,055b4361a9023ba300937a988769e38f,Energy kWh meter KleinFloor,Meterkast,device,,Sensor,1,False,"missing category: brand, protocol",,
sensor.energy_kwh_meter_kleinfloor_apparent_power,Apparent power,sensor,homewizard,055b4361a9023ba300937a988769e38f,Energy kWh meter KleinFloor,Meterkast,device,,Sensor,1,False,"missing category: brand, protocol",,
sensor.energy_kwh_meter_kleinfloor_reactive_power,Reactive power,sensor,homewizard,055b4361a9023ba300937a988769e38f,Energy kWh meter KleinFloor,Meterkast,device,,Sensor,1,False,"missing category: brand, protocol",,
sensor.energy_kwh_meter_kleinfloor_power_factor,Power factor,sensor,homewizard,055b4361a9023ba300937a988769e38f,Energy kWh meter KleinFloor,Meterkast,device,,Sensor,1,False,"missing category: brand, protocol",,
switch.energy_kwh_meter_kleinfloor_cloud_connection,Cloud connection,switch,homewizard,055b4361a9023ba300937a988769e38f,Energy kWh meter KleinFloor,Meterkast,device,config,,0,True,no labels at all,,
sensor.energy_kwh_meter_kleinshed_wi_fi_ssid,Wi-Fi SSID,sensor,homewizard,d659183a0ba205bcf7534bcbbffc4d4f,Energy kWh meter KleinShed,Meterkast,device,diagnostic,Sensor,1,False,"missing category: brand, protocol",,
sensor.energy_kwh_meter_kleinshed_wi_fi_strength,Wi-Fi strength,sensor,homewizard,d659183a0ba205bcf7534bcbbffc4d4f,Energy kWh meter KleinShed,Meterkast,device,diagnostic,Sensor,1,False,"missing category: brand, protocol",,
sensor.energy_kwh_meter_kleinshed_energy_import,Energy import,sensor,homewizard,d659183a0ba205bcf7534bcbbffc4d4f,Energy kWh meter KleinShed,Meterkast,device,,Sensor,1,False,"missing category: brand, protocol",,
sensor.home_roof,Home roof,sensor,homewizard,d659183a0ba205bcf7534bcbbffc4d4f,Energy kWh meter KleinShed,Meterkast,device,,,0,True,no labels at all,user,
sensor.energy_kwh_meter_kleinshed_power,Power,sensor,homewizard,d659183a0ba205bcf7534bcbbffc4d4f,Energy kWh meter KleinShed,Meterkast,device,,Sensor,1,False,"missing category: brand, protocol",,
sensor.energy_kwh_meter_kleinshed_voltage,Voltage,sensor,homewizard,d659183a0ba205bcf7534bcbbffc4d4f,Energy kWh meter KleinShed,Meterkast,device,,Sensor,1,False,"missing category: brand, protocol",,
sensor.energy_kwh_meter_kleinshed_current,Current,sensor,homewizard,d659183a0ba205bcf7534bcbbffc4d4f,Energy kWh meter KleinShed,Meterkast,device,,Sensor,1,False,"missing category: brand, protocol",,
sensor.energy_kwh_meter_kleinshed_frequency,Frequency,sensor,homewizard,d659183a0ba205bcf7534bcbbffc4d4f,Energy kWh meter KleinShed,Meterkast,device,,Sensor,1,False,"missing category: brand, protocol",,
sensor.energy_kwh_meter_kleinshed_apparent_power,Apparent power,sensor,homewizard,d659183a0ba205bcf7534bcbbffc4d4f,Energy kWh meter KleinShed,Meterkast,device,,Sensor,1,False,"missing category: brand, protocol",,
sensor.energy_kwh_meter_kleinshed_reactive_power,Reactive power,sensor,homewizard,d659183a0ba205bcf7534bcbbffc4d4f,Energy kWh meter KleinShed,Meterkast,device,,Sensor,1,False,"missing category: brand, protocol",,
sensor.energy_kwh_meter_kleinshed_power_factor,Power factor,sensor,homewizard,d659183a0ba205bcf7534bcbbffc4d4f,Energy kWh meter KleinShed,Meterkast,device,,Sensor,1,False,"missing category: brand, protocol",,
switch.energy_kwh_meter_kleinshed_cloud_connection,Cloud connection,switch,homewizard,d659183a0ba205bcf7534bcbbffc4d4f,Energy kWh meter KleinShed,Meterkast,device,config,,0,True,no labels at all,,
sensor.template_energy_kwh_meter_kleinfloor_power,template_energy_kwh_meter_kleinfloor_mod,sensor,template,,,Digital only,entity,,"Digital only, Helper, Sensor",3,False,"missing category: brand, protocol",,
climate.echo_vloerverwarming,,climate,tuya,1353dcf87d9c8f1f19f6b11953f941ca,Echo (vloerverwarming),Woonkamer,device,,,0,True,no labels at all,,
switch.echo_vloerverwarming_child_lock,Child lock,switch,tuya,1353dcf87d9c8f1f19f6b11953f941ca,Echo (vloerverwarming),Woonkamer,device,config,,0,True,no labels at all,,
switch.echo_vloerverwarming_frost_protection,Frost protection,switch,tuya,1353dcf87d9c8f1f19f6b11953f941ca,Echo (vloerverwarming),Woonkamer,device,config,,0,True,no labels at all,,
update.local_tuya_update,Update,update,hacs,ad7437b19f3c03c3d637ce8ea1e2105d,Local Tuya,Digital only,device,config,,0,True,no labels at all,,
switch.local_tuya_pre_release,Pre-release,switch,hacs,ad7437b19f3c03c3d637ce8ea1e2105d,Local Tuya,Digital only,device,diagnostic,,0,True,no labels at all,integration,
switch.mariadb,,switch,hassio,053915546e1054c56f0d8ffbc792f7b2,MariaDB,Digital only,device,,,0,True,no labels at all,integration,
switch.advanced_ssh_web_terminal,,switch,hassio,31aa57d8a24c65fe1f89c000f12bbf15,Advanced SSH & Web Terminal,Digital only,device,,,0,True,no labels at all,integration,
switch.file_editor,,switch,hassio,df008cdfd9cf649c727d8e7fda2ebdc2,File editor,Digital only,device,,,0,True,no labels at all,integration,
switch.studio_code_server,,switch,hassio,66d0b68387f12a5a4d325bbc9c4f0574,Studio Code Server,Digital only,device,,,0,True,no labels at all,integration,
switch.samba_share,,switch,hassio,5b7c8ea8b42463957074f5c51d2bacab,Samba share,Digital only,device,,,0,True,no labels at all,integration,
switch.mosquitto_broker,,switch,hassio,51fe92171c788b79d42413677f07a934,Mosquitto broker,Digital only,device,,,0,True,no labels at all,integration,
switch.home_assistant_google_drive_backup,,switch,hassio,ad134a618bd0ea6925f2db7c98b2b6e6,Home Assistant Google Drive Backup,Digital only,device,,,0,True,no labels at all,integration,
switch.esphome_device_builder,,switch,hassio,13e677b853ad797b8e7bca9f9fb8f627,ESPHome Device Builder,Digital only,device,,,0,True,no labels at all,integration,
switch.mqtt_explorer,,switch,hassio,4b2cd087a31250102914bd90598b1cc8,MQTT Explorer,Digital only,device,,,0,True,no labels at all,integration,
sensor.energy_kwh_meter_kleinshed_power_mod,template_energy_kwh_meter_kleinshed_power_mod,sensor,template,,,Digital only,entity,,"Digital only, Helper, Sensor",3,False,"missing category: brand, protocol",,
sensor.ev3_ev_charging_power,EV Charging Power,sensor,kia_uvo,a6208ccc2c783ccb8c28649eb60df6b6,EV3,Digital only,device,,"Sensor, WiFi, haghs_ignore",3,False,missing category: brand,,
update.scheduler_card_update,Update,update,hacs,e5adaefad23c4312d55d955ed089f589,Scheduler Card,Digital only,device,config,,0,True,no labels at all,,
switch.scheduler_card_pre_release,Pre-release,switch,hacs,e5adaefad23c4312d55d955ed089f589,Scheduler Card,Digital only,device,diagnostic,,0,True,no labels at all,integration,
input_boolean.floor_current_state,Floor current state,input_boolean,input_boolean,,,Digital only,entity,,"Digital only, Helper",2,False,"missing category: brand, protocol",,
update.mushroom_update,Update,update,hacs,092953c029a484a15cfb0a549bcc7105,Mushroom,Digital only,device,config,,0,True,no labels at all,,
input_boolean.floor_manual_pushed,Floor manual pushed,input_boolean,input_boolean,,,Digital only,entity,,"Digital only, Helper",2,False,"missing category: brand, protocol",,
input_boolean.floor_scheduled_pushed,Floor scheduled pushed,input_boolean,input_boolean,,,Digital only,entity,,"Digital only, Helper",2,False,"missing category: brand, protocol",,
sensor.floor_surface_thermostat_battery,Battery,sensor,mqtt,b9db7b75138fb7d7b5ed27b04fa3caaa,Floor surface thermostat,Woonkamer,device,diagnostic,,0,True,no labels at all,user,
sensor.floor_surface_thermostat_temperature,Temperature,sensor,mqtt,b9db7b75138fb7d7b5ed27b04fa3caaa,Floor surface thermostat,Woonkamer,device,,,0,True,no labels at all,user,user
select.floor_surface_thermostat_temperature_units,Temperature units,select,mqtt,b9db7b75138fb7d7b5ed27b04fa3caaa,Floor surface thermostat,Woonkamer,device,,,0,True,no labels at all,user,user
number.floor_surface_thermostat_temperature_calibration,Temperature calibration,number,mqtt,b9db7b75138fb7d7b5ed27b04fa3caaa,Floor surface thermostat,Woonkamer,device,config,,0,True,no labels at all,user,
sensor.0xa4c13804a85effff_linkquality,Linkquality,sensor,mqtt,b9db7b75138fb7d7b5ed27b04fa3caaa,Floor surface thermostat,Woonkamer,device,diagnostic,,0,True,no labels at all,integration,
update.tuya_local_update,Update,update,hacs,19c9d028623cc3b47d69b3da033d581e,Tuya Local,Digital only,device,config,,0,True,no labels at all,,
switch.mushroom_pre_release,Pre-release,switch,hacs,092953c029a484a15cfb0a549bcc7105,Mushroom,Digital only,device,diagnostic,,0,True,no labels at all,integration,
switch.tuya_local_pre_release,Pre-release,switch,hacs,19c9d028623cc3b47d69b3da033d581e,Tuya Local,Digital only,device,diagnostic,,0,True,no labels at all,integration,
button.ignore_all_issues,Ignore all,button,spook,beb9b8be71bd5953fd67b06d4d82a5bc,Repairs,Digital only,device,config,,0,True,no labels at all,,
button.unignore_all_issues,Unignore all,button,spook,beb9b8be71bd5953fd67b06d4d82a5bc,Repairs,Digital only,device,config,,0,True,no labels at all,,
button.homeassistant_restart,Restart,button,spook,4e919f059b0251bfefa4b97c90f76ec4,Home Assistant,Digital only,device,config,,0,True,no labels at all,,
button.homeassistant_reload,Reload,button,spook,4e919f059b0251bfefa4b97c90f76ec4,Home Assistant,Digital only,device,config,,0,True,no labels at all,,
event.repair,,event,spook,beb9b8be71bd5953fd67b06d4d82a5bc,Repairs,Digital only,device,,,0,True,no labels at all,,
sensor.issues,Total,sensor,spook,beb9b8be71bd5953fd67b06d4d82a5bc,Repairs,Digital only,device,diagnostic,Sensor,1,False,"missing category: brand, protocol",,
sensor.active_issues,Active,sensor,spook,beb9b8be71bd5953fd67b06d4d82a5bc,Repairs,Digital only,device,diagnostic,Sensor,1,False,"missing category: brand, protocol",,
sensor.ignored_issues,Ignored,sensor,spook,beb9b8be71bd5953fd67b06d4d82a5bc,Repairs,Digital only,device,diagnostic,Sensor,1,False,"missing category: brand, protocol",,
sensor.air_quality,Air quality,sensor,spook,4e919f059b0251bfefa4b97c90f76ec4,Home Assistant,Digital only,device,diagnostic,Sensor,1,False,"missing category: brand, protocol",,
sensor.alarm_control_panels,Alarm control panels,sensor,spook,4e919f059b0251bfefa4b97c90f76ec4,Home Assistant,Digital only,device,diagnostic,Sensor,1,False,"missing category: brand, protocol",,
sensor.areas,Areas,sensor,spook,4e919f059b0251bfefa4b97c90f76ec4,Home Assistant,Digital only,device,diagnostic,Sensor,1,False,"missing category: brand, protocol",,
sensor.automations,Automations,sensor,spook,4e919f059b0251bfefa4b97c90f76ec4,Home Assistant,Digital only,device,diagnostic,Sensor,1,False,"missing category: brand, protocol",,
sensor.binary_sensors,Binary sensors,sensor,spook,4e919f059b0251bfefa4b97c90f76ec4,Home Assistant,Digital only,device,diagnostic,Sensor,1,False,"missing category: brand, protocol",,
sensor.buttons,Buttons,sensor,spook,4e919f059b0251bfefa4b97c90f76ec4,Home Assistant,Digital only,device,diagnostic,Sensor,1,False,"missing category: brand, protocol",,
sensor.calendars,Calendars,sensor,spook,4e919f059b0251bfefa4b97c90f76ec4,Home Assistant,Digital only,device,diagnostic,Sensor,1,False,"missing category: brand, protocol",,
sensor.cameras,Cameras,sensor,spook,4e919f059b0251bfefa4b97c90f76ec4,Home Assistant,Digital only,device,diagnostic,Sensor,1,False,"missing category: brand, protocol",,
sensor.climate,Climate,sensor,spook,4e919f059b0251bfefa4b97c90f76ec4,Home Assistant,Digital only,device,diagnostic,Sensor,1,False,"missing category: brand, protocol",,
sensor.covers,Covers,sensor,spook,4e919f059b0251bfefa4b97c90f76ec4,Home Assistant,Digital only,device,diagnostic,Sensor,1,False,"missing category: brand, protocol",,
sensor.dates,Dates,sensor,spook,4e919f059b0251bfefa4b97c90f76ec4,Home Assistant,Digital only,device,diagnostic,Sensor,1,False,"missing category: brand, protocol",,
sensor.datetimes,Date/times,sensor,spook,4e919f059b0251bfefa4b97c90f76ec4,Home Assistant,Digital only,device,diagnostic,Sensor,1,False,"missing category: brand, protocol",,
sensor.devices,Devices,sensor,spook,4e919f059b0251bfefa4b97c90f76ec4,Home Assistant,Digital only,device,diagnostic,Sensor,1,False,"missing category: brand, protocol",,
sensor.device_trackers,Device trackers,sensor,spook,4e919f059b0251bfefa4b97c90f76ec4,Home Assistant,Digital only,device,diagnostic,Sensor,1,False,"missing category: brand, protocol",,
sensor.entities,Entities,sensor,spook,4e919f059b0251bfefa4b97c90f76ec4,Home Assistant,Digital only,device,diagnostic,Sensor,1,False,"missing category: brand, protocol",,
sensor.fans,Fans,sensor,spook,4e919f059b0251bfefa4b97c90f76ec4,Home Assistant,Digital only,device,diagnostic,Sensor,1,False,"missing category: brand, protocol",,
sensor.humidifiers,Humidifiers,sensor,spook,4e919f059b0251bfefa4b97c90f76ec4,Home Assistant,Digital only,device,diagnostic,Sensor,1,False,"missing category: brand, protocol",,
sensor.integrations,Integrations,sensor,spook,4e919f059b0251bfefa4b97c90f76ec4,Home Assistant,Digital only,device,diagnostic,Sensor,1,False,"missing category: brand, protocol",,
sensor.custom_integrations,Custom integrations,sensor,spook,4e919f059b0251bfefa4b97c90f76ec4,Home Assistant,Digital only,device,diagnostic,Sensor,1,False,"missing category: brand, protocol",,
sensor.input_booleans,Input booleans,sensor,spook,4e919f059b0251bfefa4b97c90f76ec4,Home Assistant,Digital only,device,diagnostic,Sensor,1,False,"missing category: brand, protocol",,
sensor.input_buttons,Input buttons,sensor,spook,4e919f059b0251bfefa4b97c90f76ec4,Home Assistant,Digital only,device,diagnostic,Sensor,1,False,"missing category: brand, protocol",,
sensor.input_datetimes,Input date/times,sensor,spook,4e919f059b0251bfefa4b97c90f76ec4,Home Assistant,Digital only,device,diagnostic,Sensor,1,False,"missing category: brand, protocol",,
sensor.input_numbers,Input numbers,sensor,spook,4e919f059b0251bfefa4b97c90f76ec4,Home Assistant,Digital only,device,diagnostic,Sensor,1,False,"missing category: brand, protocol",,
sensor.input_selects,Input selects,sensor,spook,4e919f059b0251bfefa4b97c90f76ec4,Home Assistant,Digital only,device,diagnostic,Sensor,1,False,"missing category: brand, protocol",,
sensor.input_texts,Input texts,sensor,spook,4e919f059b0251bfefa4b97c90f76ec4,Home Assistant,Digital only,device,diagnostic,Sensor,1,False,"missing category: brand, protocol",,
sensor.images,Images,sensor,spook,4e919f059b0251bfefa4b97c90f76ec4,Home Assistant,Digital only,device,diagnostic,Sensor,1,False,"missing category: brand, protocol",,
sensor.lights,Lights,sensor,spook,4e919f059b0251bfefa4b97c90f76ec4,Home Assistant,Digital only,device,diagnostic,Sensor,1,False,"missing category: brand, protocol",,
sensor.locks,Locks,sensor,spook,4e919f059b0251bfefa4b97c90f76ec4,Home Assistant,Digital only,device,diagnostic,Sensor,1,False,"missing category: brand, protocol",,
sensor.media_players,Media players,sensor,spook,4e919f059b0251bfefa4b97c90f76ec4,Home Assistant,Digital only,device,diagnostic,Sensor,1,False,"missing category: brand, protocol",,
sensor.numbers,Numbers,sensor,spook,4e919f059b0251bfefa4b97c90f76ec4,Home Assistant,Digital only,device,diagnostic,Sensor,1,False,"missing category: brand, protocol",,
sensor.persistent_notifications,Persistent notifications,sensor,spook,4e919f059b0251bfefa4b97c90f76ec4,Home Assistant,Digital only,device,diagnostic,Sensor,1,False,"missing category: brand, protocol",,
sensor.persons,Persons,sensor,spook,4e919f059b0251bfefa4b97c90f76ec4,Home Assistant,Digital only,device,diagnostic,Sensor,1,False,"missing category: brand, protocol",,
sensor.remotes,Remotes,sensor,spook,4e919f059b0251bfefa4b97c90f76ec4,Home Assistant,Digital only,device,diagnostic,Sensor,1,False,"missing category: brand, protocol",,
sensor.scenes,Scenes,sensor,spook,4e919f059b0251bfefa4b97c90f76ec4,Home Assistant,Digital only,device,diagnostic,Sensor,1,False,"missing category: brand, protocol",,
sensor.scripts,Scripts,sensor,spook,4e919f059b0251bfefa4b97c90f76ec4,Home Assistant,Digital only,device,diagnostic,Sensor,1,False,"missing category: brand, protocol",,
sensor.selects,Selects,sensor,spook,4e919f059b0251bfefa4b97c90f76ec4,Home Assistant,Digital only,device,diagnostic,Sensor,1,False,"missing category: brand, protocol",,
sensor.sensors,Sensors,sensor,spook,4e919f059b0251bfefa4b97c90f76ec4,Home Assistant,Digital only,device,diagnostic,Sensor,1,False,"missing category: brand, protocol",,
sensor.sirens,Sirens,sensor,spook,4e919f059b0251bfefa4b97c90f76ec4,Home Assistant,Digital only,device,diagnostic,Sensor,1,False,"missing category: brand, protocol",,
sensor.suns,Suns,sensor,spook,4e919f059b0251bfefa4b97c90f76ec4,Home Assistant,Digital only,device,diagnostic,Sensor,1,False,"missing category: brand, protocol",,
sensor.stt,Speech-to-text,sensor,spook,4e919f059b0251bfefa4b97c90f76ec4,Home Assistant,Digital only,device,diagnostic,Sensor,1,False,"missing category: brand, protocol",,
sensor.switches,Switches,sensor,spook,4e919f059b0251bfefa4b97c90f76ec4,Home Assistant,Digital only,device,diagnostic,Sensor,1,False,"missing category: brand, protocol",,
sensor.texts,Texts,sensor,spook,4e919f059b0251bfefa4b97c90f76ec4,Home Assistant,Digital only,device,diagnostic,Sensor,1,False,"missing category: brand, protocol",,
sensor.times,Times,sensor,spook,4e919f059b0251bfefa4b97c90f76ec4,Home Assistant,Digital only,device,diagnostic,Sensor,1,False,"missing category: brand, protocol",,
sensor.tts,Text-to-speech,sensor,spook,4e919f059b0251bfefa4b97c90f76ec4,Home Assistant,Digital only,device,diagnostic,Sensor,1,False,"missing category: brand, protocol",,
sensor.vacuums,Vacuums,sensor,spook,4e919f059b0251bfefa4b97c90f76ec4,Home Assistant,Digital only,device,diagnostic,Sensor,1,False,"missing category: brand, protocol",,
sensor.update,Update,sensor,spook,4e919f059b0251bfefa4b97c90f76ec4,Home Assistant,Digital only,device,diagnostic,Sensor,1,False,"missing category: brand, protocol",,
sensor.water_heaters,Water heaters,sensor,spook,4e919f059b0251bfefa4b97c90f76ec4,Home Assistant,Digital only,device,diagnostic,Sensor,1,False,"missing category: brand, protocol",,
sensor.weather,Weather,sensor,spook,4e919f059b0251bfefa4b97c90f76ec4,Home Assistant,Digital only,device,diagnostic,Sensor,1,False,"missing category: brand, protocol",,
sensor.zones,Zones,sensor,spook,4e919f059b0251bfefa4b97c90f76ec4,Home Assistant,Digital only,device,diagnostic,Sensor,1,False,"missing category: brand, protocol",,
switch.cloud_alexa,Alexa,switch,spook,40903cc08a494e0e3f490ad7f380b523,Home Assistant Cloud,Digital only,device,config,,0,True,no labels at all,,
switch.cloud_alexa_report_state,Alexa state reporting,switch,spook,40903cc08a494e0e3f490ad7f380b523,Home Assistant Cloud,Digital only,device,config,,0,True,no labels at all,,
switch.cloud_google,Google Assistant,switch,spook,40903cc08a494e0e3f490ad7f380b523,Home Assistant Cloud,Digital only,device,config,,0,True,no labels at all,,
switch.cloud_google_report_state,Google Assistant state reporting,switch,spook,40903cc08a494e0e3f490ad7f380b523,Home Assistant Cloud,Digital only,device,config,,0,True,no labels at all,,
switch.cloud_remote,Remote,switch,spook,40903cc08a494e0e3f490ad7f380b523,Home Assistant Cloud,Digital only,device,config,,0,True,no labels at all,,
switch.ikea_energy_meter_11_bureau_rolien,,switch,mqtt,f19c694052521a4091395ab381778770,IKEA energy meter 11 Bureau Rolien,Slaapkamer R/R,device,,,0,True,no labels at all,user,
select.ikea_energy_meter_11_bureau_rolien_power_on_behavior,Power-on behavior,select,mqtt,f19c694052521a4091395ab381778770,IKEA energy meter 11 Bureau Rolien,Slaapkamer R/R,device,config,,0,True,no labels at all,user,
button.ikea_energy_meter_11_bureau_rolien_identify,Identify,button,mqtt,f19c694052521a4091395ab381778770,IKEA energy meter 11 Bureau Rolien,Slaapkamer R/R,device,config,,0,True,no labels at all,user,
sensor.ikea_energy_meter_11_bureau_rolien_power,Power,sensor,mqtt,f19c694052521a4091395ab381778770,IKEA energy meter 11 Bureau Rolien,Slaapkamer R/R,device,,,0,True,no labels at all,user,
sensor.ikea_energy_meter_11_bureau_rolien_voltage,Voltage,sensor,mqtt,f19c694052521a4091395ab381778770,IKEA energy meter 11 Bureau Rolien,Slaapkamer R/R,device,,,0,True,no labels at all,user,
sensor.ikea_energy_meter_11_bureau_rolien_current,Current,sensor,mqtt,f19c694052521a4091395ab381778770,IKEA energy meter 11 Bureau Rolien,Slaapkamer R/R,device,,,0,True,no labels at all,user,
sensor.ikea_energy_meter_11_bureau_rolien_energy,Energy,sensor,mqtt,f19c694052521a4091395ab381778770,IKEA energy meter 11 Bureau Rolien,Slaapkamer R/R,device,,,0,True,no labels at all,user,
sensor.0xf0fd45fffeff3b31_linkquality,Linkquality,sensor,mqtt,f19c694052521a4091395ab381778770,IKEA energy meter 11 Bureau Rolien,Slaapkamer R/R,device,diagnostic,,0,True,no labels at all,integration,
update.ikea_energy_meter_11_bureau_rolien,,update,mqtt,f19c694052521a4091395ab381778770,IKEA energy meter 11 Bureau Rolien,Slaapkamer R/R,device,config,,0,True,no labels at all,user,
switch.ikea_energy_meter_9_plafond_verwarming,,switch,mqtt,73269d10795867a8b492959d0839b9fa,IKEA energy meter 9 Plafond verwarming,Slaapkamer R/R,device,,,0,True,no labels at all,user,
select.ikea_energy_meter_9_plafond_verwarming_power_on_behavior,Power-on behavior,select,mqtt,73269d10795867a8b492959d0839b9fa,IKEA energy meter 9 Plafond verwarming,Slaapkamer R/R,device,config,,0,True,no labels at all,user,
button.ikea_energy_meter_9_plafond_verwarming_identify,Identify,button,mqtt,73269d10795867a8b492959d0839b9fa,IKEA energy meter 9 Plafond verwarming,Slaapkamer R/R,device,config,,0,True,no labels at all,user,
sensor.ikea_energy_meter_9_plafond_verwarming_power,Power,sensor,mqtt,73269d10795867a8b492959d0839b9fa,IKEA energy meter 9 Plafond verwarming,Slaapkamer R/R,device,,,0,True,no labels at all,user,
sensor.ikea_energy_meter_9_plafond_verwarming_voltage,Voltage,sensor,mqtt,73269d10795867a8b492959d0839b9fa,IKEA energy meter 9 Plafond verwarming,Slaapkamer R/R,device,,,0,True,no labels at all,user,
sensor.ikea_energy_meter_9_plafond_verwarming_current,Current,sensor,mqtt,73269d10795867a8b492959d0839b9fa,IKEA energy meter 9 Plafond verwarming,Slaapkamer R/R,device,,,0,True,no labels at all,user,
sensor.ikea_energy_meter_9_plafond_verwarming_energy,Energy,sensor,mqtt,73269d10795867a8b492959d0839b9fa,IKEA energy meter 9 Plafond verwarming,Slaapkamer R/R,device,,,0,True,no labels at all,user,
sensor.0x348d13fffee38a35_linkquality,Linkquality,sensor,mqtt,73269d10795867a8b492959d0839b9fa,IKEA energy meter 9 Plafond verwarming,Slaapkamer R/R,device,diagnostic,,0,True,no labels at all,integration,
update.ikea_energy_meter_9_plafond_verwarming,,update,mqtt,73269d10795867a8b492959d0839b9fa,IKEA energy meter 9 Plafond verwarming,Slaapkamer R/R,device,config,,0,True,no labels at all,user,
input_boolean.floor_temperature_below,Floor_temperature_below,input_boolean,input_boolean,,,Digital only,entity,,"Digital only, Helper",2,False,"missing category: brand, protocol",,
input_boolean.floor_temperature_above,Floor_temperature_above,input_boolean,input_boolean,,,Digital only,entity,,"Digital only, Helper",2,False,"missing category: brand, protocol",,
sensor.system_monitor_disk_free_run_audio,Disk free /run/audio,sensor,systemmonitor,d6007fdcd8736cf4b645d8d4d99ee1b8,System Monitor,Digital only,device,diagnostic,,0,True,no labels at all,integration,
sensor.system_monitor_disk_free_ssl,Disk free /ssl,sensor,systemmonitor,d6007fdcd8736cf4b645d8d4d99ee1b8,System Monitor,Digital only,device,diagnostic,,0,True,no labels at all,integration,
sensor.system_monitor_disk_free_share,Disk free /share,sensor,systemmonitor,d6007fdcd8736cf4b645d8d4d99ee1b8,System Monitor,Digital only,device,diagnostic,,0,True,no labels at all,integration,
sensor.system_monitor_disk_free_config,Disk free /config,sensor,systemmonitor,d6007fdcd8736cf4b645d8d4d99ee1b8,System Monitor,Digital only,device,diagnostic,,0,True,no labels at all,integration,
sensor.system_monitor_disk_free,Disk free /,sensor,systemmonitor,d6007fdcd8736cf4b645d8d4d99ee1b8,System Monitor,Digital only,device,diagnostic,Sensor,1,False,"missing category: brand, protocol",,
sensor.system_monitor_disk_free_media,Disk free /media,sensor,systemmonitor,d6007fdcd8736cf4b645d8d4d99ee1b8,System Monitor,Digital only,device,diagnostic,,0,True,no labels at all,integration,
sensor.system_monitor_disk_use_run_audio,Disk use /run/audio,sensor,systemmonitor,d6007fdcd8736cf4b645d8d4d99ee1b8,System Monitor,Digital only,device,diagnostic,,0,True,no labels at all,integration,
sensor.system_monitor_disk_use_ssl,Disk use /ssl,sensor,systemmonitor,d6007fdcd8736cf4b645d8d4d99ee1b8,System Monitor,Digital only,device,diagnostic,,0,True,no labels at all,integration,
sensor.system_monitor_disk_use_share,Disk use /share,sensor,systemmonitor,d6007fdcd8736cf4b645d8d4d99ee1b8,System Monitor,Digital only,device,diagnostic,,0,True,no labels at all,integration,
sensor.system_monitor_disk_use_config,Disk use /config,sensor,systemmonitor,d6007fdcd8736cf4b645d8d4d99ee1b8,System Monitor,Digital only,device,diagnostic,,0,True,no labels at all,integration,
sensor.system_monitor_disk_use,Disk use /,sensor,systemmonitor,d6007fdcd8736cf4b645d8d4d99ee1b8,System Monitor,Digital only,device,diagnostic,Sensor,1,False,"missing category: brand, protocol",,
sensor.system_monitor_disk_use_media,Disk use /media,sensor,systemmonitor,d6007fdcd8736cf4b645d8d4d99ee1b8,System Monitor,Digital only,device,diagnostic,Sensor,1,False,"missing category: brand, protocol",,
sensor.system_monitor_disk_usage_run_audio,Disk usage /run/audio,sensor,systemmonitor,d6007fdcd8736cf4b645d8d4d99ee1b8,System Monitor,Digital only,device,diagnostic,,0,True,no labels at all,integration,
sensor.system_monitor_disk_usage_ssl,Disk usage /ssl,sensor,systemmonitor,d6007fdcd8736cf4b645d8d4d99ee1b8,System Monitor,Digital only,device,diagnostic,,0,True,no labels at all,integration,
sensor.system_monitor_disk_usage_share,Disk usage /share,sensor,systemmonitor,d6007fdcd8736cf4b645d8d4d99ee1b8,System Monitor,Digital only,device,diagnostic,,0,True,no labels at all,integration,
sensor.system_monitor_disk_usage_config,Disk usage /config,sensor,systemmonitor,d6007fdcd8736cf4b645d8d4d99ee1b8,System Monitor,Digital only,device,diagnostic,,0,True,no labels at all,integration,
sensor.system_monitor_disk_usage,Disk usage /,sensor,systemmonitor,d6007fdcd8736cf4b645d8d4d99ee1b8,System Monitor,Digital only,device,diagnostic,Sensor,1,False,"missing category: brand, protocol",,
sensor.system_monitor_disk_usage_media,Disk usage /media,sensor,systemmonitor,d6007fdcd8736cf4b645d8d4d99ee1b8,System Monitor,Digital only,device,diagnostic,,0,True,no labels at all,integration,
sensor.system_monitor_ipv4_address_end0,IPv4 address end0,sensor,systemmonitor,d6007fdcd8736cf4b645d8d4d99ee1b8,System Monitor,Digital only,device,diagnostic,,0,True,no labels at all,integration,
sensor.system_monitor_ipv4_address_hassio,IPv4 address hassio,sensor,systemmonitor,d6007fdcd8736cf4b645d8d4d99ee1b8,System Monitor,Digital only,device,diagnostic,,0,True,no labels at all,integration,
sensor.system_monitor_ipv4_address_docker0,IPv4 address docker0,sensor,systemmonitor,d6007fdcd8736cf4b645d8d4d99ee1b8,System Monitor,Digital only,device,diagnostic,,0,True,no labels at all,integration,
sensor.system_monitor_ipv4_address_wlan0,IPv4 address wlan0,sensor,systemmonitor,d6007fdcd8736cf4b645d8d4d99ee1b8,System Monitor,Digital only,device,diagnostic,,0,True,no labels at all,integration,
sensor.system_monitor_ipv4_address_lo,IPv4 address lo,sensor,systemmonitor,d6007fdcd8736cf4b645d8d4d99ee1b8,System Monitor,Digital only,device,diagnostic,,0,True,no labels at all,integration,
sensor.system_monitor_ipv6_address_end0,IPv6 address end0,sensor,systemmonitor,d6007fdcd8736cf4b645d8d4d99ee1b8,System Monitor,Digital only,device,diagnostic,,0,True,no labels at all,integration,
sensor.system_monitor_ipv6_address_hassio,IPv6 address hassio,sensor,systemmonitor,d6007fdcd8736cf4b645d8d4d99ee1b8,System Monitor,Digital only,device,diagnostic,,0,True,no labels at all,integration,
sensor.system_monitor_ipv6_address_docker0,IPv6 address docker0,sensor,systemmonitor,d6007fdcd8736cf4b645d8d4d99ee1b8,System Monitor,Digital only,device,diagnostic,,0,True,no labels at all,integration,
sensor.system_monitor_ipv6_address_wlan0,IPv6 address wlan0,sensor,systemmonitor,d6007fdcd8736cf4b645d8d4d99ee1b8,System Monitor,Digital only,device,diagnostic,,0,True,no labels at all,integration,
sensor.system_monitor_ipv6_address_lo,IPv6 address lo,sensor,systemmonitor,d6007fdcd8736cf4b645d8d4d99ee1b8,System Monitor,Digital only,device,diagnostic,,0,True,no labels at all,integration,
sensor.system_monitor_last_boot,Last HW boot,sensor,systemmonitor,d6007fdcd8736cf4b645d8d4d99ee1b8,System Monitor,Digital only,device,diagnostic,Sensor,1,False,"missing category: brand, protocol",,
sensor.system_monitor_load_15_min,Load (15 min),sensor,systemmonitor,d6007fdcd8736cf4b645d8d4d99ee1b8,System Monitor,Digital only,device,diagnostic,,0,True,no labels at all,,
sensor.system_monitor_load_1_min,Load (1 min),sensor,systemmonitor,d6007fdcd8736cf4b645d8d4d99ee1b8,System Monitor,Digital only,device,diagnostic,,0,True,no labels at all,,
sensor.system_monitor_load_5_min,Load (5 min),sensor,systemmonitor,d6007fdcd8736cf4b645d8d4d99ee1b8,System Monitor,Digital only,device,diagnostic,Sensor,1,False,"missing category: brand, protocol",,
sensor.system_monitor_memory_free,Memory free,sensor,systemmonitor,d6007fdcd8736cf4b645d8d4d99ee1b8,System Monitor,Digital only,device,diagnostic,Sensor,1,False,"missing category: brand, protocol",,
sensor.system_monitor_memory_use,Memory use,sensor,systemmonitor,d6007fdcd8736cf4b645d8d4d99ee1b8,System Monitor,Digital only,device,diagnostic,Sensor,1,False,"missing category: brand, protocol",,
sensor.system_monitor_memory_usage,Memory usage,sensor,systemmonitor,d6007fdcd8736cf4b645d8d4d99ee1b8,System Monitor,Digital only,device,diagnostic,Sensor,1,False,"missing category: brand, protocol",,
sensor.system_monitor_network_in_end0,Network in end0,sensor,systemmonitor,d6007fdcd8736cf4b645d8d4d99ee1b8,System Monitor,Digital only,device,diagnostic,Sensor,1,False,"missing category: brand, protocol",,
sensor.system_monitor_network_in_hassio,Network in hassio,sensor,systemmonitor,d6007fdcd8736cf4b645d8d4d99ee1b8,System Monitor,Digital only,device,diagnostic,,0,True,no labels at all,integration,
sensor.system_monitor_network_in_docker0,Network in docker0,sensor,systemmonitor,d6007fdcd8736cf4b645d8d4d99ee1b8,System Monitor,Digital only,device,diagnostic,,0,True,no labels at all,integration,
sensor.system_monitor_network_in_wlan0,Network in wlan0,sensor,systemmonitor,d6007fdcd8736cf4b645d8d4d99ee1b8,System Monitor,Digital only,device,diagnostic,,0,True,no labels at all,integration,
sensor.system_monitor_network_in_lo,Network in lo,sensor,systemmonitor,d6007fdcd8736cf4b645d8d4d99ee1b8,System Monitor,Digital only,device,diagnostic,,0,True,no labels at all,integration,
sensor.system_monitor_network_out_end0,Network out end0,sensor,systemmonitor,d6007fdcd8736cf4b645d8d4d99ee1b8,System Monitor,Digital only,device,diagnostic,,0,True,no labels at all,integration,
sensor.system_monitor_network_out_hassio,Network out hassio,sensor,systemmonitor,d6007fdcd8736cf4b645d8d4d99ee1b8,System Monitor,Digital only,device,diagnostic,,0,True,no labels at all,integration,
sensor.system_monitor_network_out_docker0,Network out docker0,sensor,systemmonitor,d6007fdcd8736cf4b645d8d4d99ee1b8,System Monitor,Digital only,device,diagnostic,,0,True,no labels at all,integration,
sensor.system_monitor_network_out_wlan0,Network out wlan0,sensor,systemmonitor,d6007fdcd8736cf4b645d8d4d99ee1b8,System Monitor,Digital only,device,diagnostic,,0,True,no labels at all,integration,
sensor.system_monitor_network_out_lo,Network out lo,sensor,systemmonitor,d6007fdcd8736cf4b645d8d4d99ee1b8,System Monitor,Digital only,device,diagnostic,,0,True,no labels at all,integration,
sensor.system_monitor_packets_in_end0,Packets in end0,sensor,systemmonitor,d6007fdcd8736cf4b645d8d4d99ee1b8,System Monitor,Digital only,device,diagnostic,,0,True,no labels at all,integration,
sensor.system_monitor_packets_in_hassio,Packets in hassio,sensor,systemmonitor,d6007fdcd8736cf4b645d8d4d99ee1b8,System Monitor,Digital only,device,diagnostic,,0,True,no labels at all,integration,
sensor.system_monitor_packets_in_docker0,Packets in docker0,sensor,systemmonitor,d6007fdcd8736cf4b645d8d4d99ee1b8,System Monitor,Digital only,device,diagnostic,,0,True,no labels at all,integration,
sensor.system_monitor_packets_in_wlan0,Packets in wlan0,sensor,systemmonitor,d6007fdcd8736cf4b645d8d4d99ee1b8,System Monitor,Digital only,device,diagnostic,,0,True,no labels at all,integration,
sensor.system_monitor_packets_in_lo,Packets in lo,sensor,systemmonitor,d6007fdcd8736cf4b645d8d4d99ee1b8,System Monitor,Digital only,device,diagnostic,,0,True,no labels at all,integration,
sensor.system_monitor_packets_out_end0,Packets out end0,sensor,systemmonitor,d6007fdcd8736cf4b645d8d4d99ee1b8,System Monitor,Digital only,device,diagnostic,,0,True,no labels at all,integration,
sensor.system_monitor_packets_out_hassio,Packets out hassio,sensor,systemmonitor,d6007fdcd8736cf4b645d8d4d99ee1b8,System Monitor,Digital only,device,diagnostic,,0,True,no labels at all,integration,
sensor.system_monitor_packets_out_docker0,Packets out docker0,sensor,systemmonitor,d6007fdcd8736cf4b645d8d4d99ee1b8,System Monitor,Digital only,device,diagnostic,,0,True,no labels at all,integration,
sensor.system_monitor_packets_out_wlan0,Packets out wlan0,sensor,systemmonitor,d6007fdcd8736cf4b645d8d4d99ee1b8,System Monitor,Digital only,device,diagnostic,,0,True,no labels at all,integration,
sensor.system_monitor_packets_out_lo,Packets out lo,sensor,systemmonitor,d6007fdcd8736cf4b645d8d4d99ee1b8,System Monitor,Digital only,device,diagnostic,,0,True,no labels at all,integration,
sensor.system_monitor_network_throughput_in_end0,Network throughput in end0,sensor,systemmonitor,d6007fdcd8736cf4b645d8d4d99ee1b8,System Monitor,Digital only,device,diagnostic,,0,True,no labels at all,integration,
sensor.system_monitor_network_throughput_in_hassio,Network throughput in hassio,sensor,systemmonitor,d6007fdcd8736cf4b645d8d4d99ee1b8,System Monitor,Digital only,device,diagnostic,,0,True,no labels at all,integration,
sensor.system_monitor_network_throughput_in_docker0,Network throughput in docker0,sensor,systemmonitor,d6007fdcd8736cf4b645d8d4d99ee1b8,System Monitor,Digital only,device,diagnostic,,0,True,no labels at all,integration,
sensor.system_monitor_network_throughput_in_wlan0,Network throughput in wlan0,sensor,systemmonitor,d6007fdcd8736cf4b645d8d4d99ee1b8,System Monitor,Digital only,device,diagnostic,,0,True,no labels at all,integration,
sensor.system_monitor_network_throughput_in_lo,Network throughput in lo,sensor,systemmonitor,d6007fdcd8736cf4b645d8d4d99ee1b8,System Monitor,Digital only,device,diagnostic,,0,True,no labels at all,integration,
sensor.system_monitor_network_throughput_out_end0,Network throughput out end0,sensor,systemmonitor,d6007fdcd8736cf4b645d8d4d99ee1b8,System Monitor,Digital only,device,diagnostic,,0,True,no labels at all,integration,
sensor.system_monitor_network_throughput_out_hassio,Network throughput out hassio,sensor,systemmonitor,d6007fdcd8736cf4b645d8d4d99ee1b8,System Monitor,Digital only,device,diagnostic,Sensor,1,False,"missing category: brand, protocol",,
sensor.system_monitor_network_throughput_out_docker0,Network throughput out docker0,sensor,systemmonitor,d6007fdcd8736cf4b645d8d4d99ee1b8,System Monitor,Digital only,device,diagnostic,,0,True,no labels at all,integration,
sensor.system_monitor_network_throughput_out_wlan0,Network throughput out wlan0,sensor,systemmonitor,d6007fdcd8736cf4b645d8d4d99ee1b8,System Monitor,Digital only,device,diagnostic,,0,True,no labels at all,integration,
sensor.system_monitor_network_throughput_out_lo,Network throughput out lo,sensor,systemmonitor,d6007fdcd8736cf4b645d8d4d99ee1b8,System Monitor,Digital only,device,diagnostic,Sensor,1,False,"missing category: brand, protocol",,
sensor.system_monitor_processor_use,Processor use,sensor,systemmonitor,d6007fdcd8736cf4b645d8d4d99ee1b8,System Monitor,Digital only,device,diagnostic,Sensor,1,False,"missing category: brand, protocol",,
sensor.system_monitor_processor_temperature,Processor temperature,sensor,systemmonitor,d6007fdcd8736cf4b645d8d4d99ee1b8,System Monitor,Digital only,device,diagnostic,Sensor,1,False,"missing category: brand, protocol",,
sensor.system_monitor_swap_free,Swap free,sensor,systemmonitor,d6007fdcd8736cf4b645d8d4d99ee1b8,System Monitor,Digital only,device,diagnostic,,0,True,no labels at all,,
sensor.system_monitor_swap_use,Swap use,sensor,systemmonitor,d6007fdcd8736cf4b645d8d4d99ee1b8,System Monitor,Digital only,device,diagnostic,,0,True,no labels at all,,
sensor.system_monitor_swap_usage,Swap usage,sensor,systemmonitor,d6007fdcd8736cf4b645d8d4d99ee1b8,System Monitor,Digital only,device,diagnostic,Sensor,1,False,"missing category: brand, protocol",,
switch.ikea_energy_meter_12_voetverwarmer,,switch,mqtt,ec43a84d21c945b9921a1ad1052bef90,IKEA energy meter 12 - Voetverwarmer,Zolder,device,,,0,True,no labels at all,user,
select.ikea_energy_meter_12_voetverwarmer_power_on_behavior,Power-on behavior,select,mqtt,ec43a84d21c945b9921a1ad1052bef90,IKEA energy meter 12 - Voetverwarmer,Zolder,device,config,,0,True,no labels at all,user,
button.ikea_energy_meter_12_voetverwarmer_identify,Identify,button,mqtt,ec43a84d21c945b9921a1ad1052bef90,IKEA energy meter 12 - Voetverwarmer,Zolder,device,config,,0,True,no labels at all,user,
sensor.ikea_energy_meter_12_voetverwarmer_power,Power,sensor,mqtt,ec43a84d21c945b9921a1ad1052bef90,IKEA energy meter 12 - Voetverwarmer,Zolder,device,,,0,True,no labels at all,user,
sensor.ikea_energy_meter_12_voetverwarmer_voltage,Voltage,sensor,mqtt,ec43a84d21c945b9921a1ad1052bef90,IKEA energy meter 12 - Voetverwarmer,Zolder,device,,,0,True,no labels at all,user,
sensor.ikea_energy_meter_12_voetverwarmer_current,Current,sensor,mqtt,ec43a84d21c945b9921a1ad1052bef90,IKEA energy meter 12 - Voetverwarmer,Zolder,device,,,0,True,no labels at all,user,
sensor.ikea_energy_meter_12_voetverwarmer_energy,Energy,sensor,mqtt,ec43a84d21c945b9921a1ad1052bef90,IKEA energy meter 12 - Voetverwarmer,Zolder,device,,,0,True,no labels at all,user,
sensor.0x64028ffffebb33cd_linkquality,Linkquality,sensor,mqtt,ec43a84d21c945b9921a1ad1052bef90,IKEA energy meter 12 - Voetverwarmer,Zolder,device,diagnostic,,0,True,no labels at all,integration,
update.ikea_energy_meter_12_voetverwarmer,,update,mqtt,ec43a84d21c945b9921a1ad1052bef90,IKEA energy meter 12 - Voetverwarmer,Zolder,device,config,,0,True,no labels at all,user,
switch.ikea_energy_meter_5_badkamer_verwarming,,switch,mqtt,bf1d1779f7eda53eaa7959771b3cce23,IKEA energy meter 5 Badkamer verwarming,Badkamer,device,,,0,True,no labels at all,user,
select.ikea_energy_meter_5_badkamer_verwarming_power_on_behavior,Power-on behavior,select,mqtt,bf1d1779f7eda53eaa7959771b3cce23,IKEA energy meter 5 Badkamer verwarming,Badkamer,device,config,,0,True,no labels at all,user,
button.ikea_energy_meter_5_badkamer_verwarming_identify,Identify,button,mqtt,bf1d1779f7eda53eaa7959771b3cce23,IKEA energy meter 5 Badkamer verwarming,Badkamer,device,config,,0,True,no labels at all,user,
sensor.ikea_energy_meter_5_badkamer_verwarming_power,Power,sensor,mqtt,bf1d1779f7eda53eaa7959771b3cce23,IKEA energy meter 5 Badkamer verwarming,Badkamer,device,,,0,True,no labels at all,user,
sensor.ikea_energy_meter_5_badkamer_verwarming_voltage,Voltage,sensor,mqtt,bf1d1779f7eda53eaa7959771b3cce23,IKEA energy meter 5 Badkamer verwarming,Badkamer,device,,,0,True,no labels at all,user,
sensor.ikea_energy_meter_5_badkamer_verwarming_current,Current,sensor,mqtt,bf1d1779f7eda53eaa7959771b3cce23,IKEA energy meter 5 Badkamer verwarming,Badkamer,device,,,0,True,no labels at all,user,
sensor.ikea_energy_meter_5_badkamer_verwarming_energy,Energy,sensor,mqtt,bf1d1779f7eda53eaa7959771b3cce23,IKEA energy meter 5 Badkamer verwarming,Badkamer,device,,,0,True,no labels at all,user,
sensor.ikea_energy_meter_5_badkamer_verwarming_linkquality,Linkquality,sensor,mqtt,bf1d1779f7eda53eaa7959771b3cce23,IKEA energy meter 5 Badkamer verwarming,Badkamer,device,diagnostic,,0,True,no labels at all,user,
update.ikea_energy_meter_5_badkamer_verwarming,,update,mqtt,bf1d1779f7eda53eaa7959771b3cce23,IKEA energy meter 5 Badkamer verwarming,Badkamer,device,config,,0,True,no labels at all,user,
input_number.floor_surface_temperature_setting,Floor surface temperature setting,input_number,input_number,,,Digital only,entity,,"Digital only, Helper",2,False,"missing category: brand, protocol",,
automation.floor_heating_monitor,Floor heating monitor,automation,automation,,,Digital only,entity,,"Automation, Digital only",2,False,"missing category: brand, protocol; uncategorized label(s): Automation",,
automation.floor_heating_manager,Floor heating manager,automation,automation,,,Digital only,entity,,"Automation, Digital only",2,False,"missing category: brand, protocol; uncategorized label(s): Automation",,
update.scheduler_component_update,Update,update,hacs,133e87235534d5a21b48c28ac2338cd2,Scheduler component,Digital only,device,config,,0,True,no labels at all,,
switch.floor_schedule_schema,Floor schedule schema,switch,scheduler,d1d4ad3cd44fd7b877eb75da53a2a0f1,Scheduler,Digital only,device,config,,0,True,no labels at all,,
switch.scheduler_component_pre_release,Pre-release,switch,hacs,133e87235534d5a21b48c28ac2338cd2,Scheduler component,Digital only,device,diagnostic,,0,True,no labels at all,integration,
update.watchman_update,Update,update,hacs,da1002520eac9114fbba03c762808491,Watchman,Digital only,device,config,,0,True,no labels at all,,
weather.home,Weather forecast,weather,met,d4524e341fb0202864d2fea0162c4768,Forecast,Digital only,device,,,0,True,no labels at all,,
switch.watchman_pre_release,Pre-release,switch,hacs,da1002520eac9114fbba03c762808491,Watchman,Digital only,device,diagnostic,,0,True,no labels at all,integration,
input_number.floor_schedule_initial_temperature,Floor schedule initial temperature,input_number,input_number,,,Digital only,entity,,"Digital only, Helper",2,False,"missing category: brand, protocol",,
input_boolean.floor_schedule_schema_state,Floor schedule  schema state,input_boolean,input_boolean,,,Digital only,entity,,"Digital only, Helper",2,False,"missing category: brand, protocol",,
input_number.floor_backup_trigger_timer,Floor backup trigger timer,input_number,input_number,,,Digital only,entity,,"Digital only, Helper",2,False,"missing category: brand, protocol",,
automation.floor_heating_timed_trigger,Floor heating timer,automation,automation,,,Digital only,entity,,"Automation, Digital only",2,False,"missing category: brand, protocol; uncategorized label(s): Automation",,
automation.floor_manual_pushed,Floor manual pushed,automation,automation,,,Digital only,entity,,"Automation, Digital only",2,False,"missing category: brand, protocol; uncategorized label(s): Automation",,
automation.floor_scheduled_pushed,Floor scheduled pushed,automation,automation,,,Digital only,entity,,"Automation, Digital only",2,False,"missing category: brand, protocol; uncategorized label(s): Automation",,
update.daikin_onecta_update,Update,update,hacs,2829dcd3820305a65708d5493e3b1505,Daikin Onecta,Digital only,device,config,,0,True,no labels at all,,
climate.zolder_room_temperature,Room Temperature,climate,daikin_onecta,8b5087d36d7c30901337f483d8b42570,Zolder,Digital only,device,,,0,True,no labels at all,,
climate.huiskamer_room_temperature,Room Temperature,climate,daikin_onecta,d30920201111ad7197aa5016077b1a49,Huiskamer,Digital only,device,,,0,True,no labels at all,,
sensor.zolder_ratelimit_remaining_day,Ratelimit remaining day,sensor,daikin_onecta,12751a7967794c2b2631710906071d96,Zolder Gateway,Digital only,device,diagnostic,Sensor,1,False,"missing category: brand, protocol",,
sensor.zolder_gateway_error_code,Error code,sensor,daikin_onecta,12751a7967794c2b2631710906071d96,Zolder Gateway,Digital only,device,diagnostic,Sensor,1,False,"missing category: brand, protocol",,
sensor.zolder_gateway_ip_address,IP address,sensor,daikin_onecta,12751a7967794c2b2631710906071d96,Zolder Gateway,Digital only,device,diagnostic,Sensor,1,False,"missing category: brand, protocol",,
sensor.zolder_gateway_ssid,SSID,sensor,daikin_onecta,12751a7967794c2b2631710906071d96,Zolder Gateway,Digital only,device,diagnostic,Sensor,1,False,"missing category: brand, protocol",,
sensor.zolder_climatecontrol_error_code,Error code,sensor,daikin_onecta,4371a95c3dcc610faf921359a576e33a,Zolder ClimateControl,Digital only,device,diagnostic,Sensor,1,False,"missing category: brand, protocol",,
sensor.zolder_climatecontrol_room_temperature,Room temperature,sensor,daikin_onecta,4371a95c3dcc610faf921359a576e33a,Zolder ClimateControl,Digital only,device,,Sensor,1,False,"missing category: brand, protocol",,
sensor.zolder_climatecontrol_outdoor_temperature,Outdoor temperature,sensor,daikin_onecta,4371a95c3dcc610faf921359a576e33a,Zolder ClimateControl,Digital only,device,,Sensor,1,False,"missing category: brand, protocol",,
sensor.zolder_climatecontrol_heating_daily_electrical_consumption,Heating daily electrical consumption,sensor,daikin_onecta,4371a95c3dcc610faf921359a576e33a,Zolder ClimateControl,Digital only,device,,Sensor,1,False,"missing category: brand, protocol",,
sensor.zolder_climatecontrol_heating_weekly_electrical_consumption,Heating weekly electrical consumption,sensor,daikin_onecta,4371a95c3dcc610faf921359a576e33a,Zolder ClimateControl,Digital only,device,,Sensor,1,False,"missing category: brand, protocol",,
sensor.zolder_climatecontrol_heating_yearly_electrical_consumption,Heating yearly electrical consumption,sensor,daikin_onecta,4371a95c3dcc610faf921359a576e33a,Zolder ClimateControl,Digital only,device,,Sensor,1,False,"missing category: brand, protocol",,
sensor.zolder_climatecontrol_cooling_daily_electrical_consumption,Cooling daily electrical consumption,sensor,daikin_onecta,4371a95c3dcc610faf921359a576e33a,Zolder ClimateControl,Digital only,device,,Sensor,1,False,"missing category: brand, protocol",,
sensor.zolder_climatecontrol_cooling_weekly_electrical_consumption,Cooling weekly electrical consumption,sensor,daikin_onecta,4371a95c3dcc610faf921359a576e33a,Zolder ClimateControl,Digital only,device,,Sensor,1,False,"missing category: brand, protocol",,
sensor.zolder_climatecontrol_cooling_yearly_electrical_consumption,Cooling yearly electrical consumption,sensor,daikin_onecta,4371a95c3dcc610faf921359a576e33a,Zolder ClimateControl,Digital only,device,,Sensor,1,False,"missing category: brand, protocol",,
sensor.zolder_outdoorunit_error_code,Error code,sensor,daikin_onecta,d600fca162d79fd626c8f4f190bc162c,Zolder OutdoorUnit,Digital only,device,diagnostic,Sensor,1,False,"missing category: brand, protocol",,
sensor.huiskamer_ratelimit_remaining_day,Ratelimit remaining day,sensor,daikin_onecta,bc5878902adb06b9495282dec05a98de,Huiskamer Gateway,Digital only,device,diagnostic,Sensor,1,False,"missing category: brand, protocol",,
sensor.huiskamer_gateway_error_code,Error code,sensor,daikin_onecta,bc5878902adb06b9495282dec05a98de,Huiskamer Gateway,Digital only,device,diagnostic,Sensor,1,False,"missing category: brand, protocol",,
sensor.huiskamer_gateway_ip_address,IP address,sensor,daikin_onecta,bc5878902adb06b9495282dec05a98de,Huiskamer Gateway,Digital only,device,diagnostic,Sensor,1,False,"missing category: brand, protocol",,
sensor.huiskamer_gateway_ssid,SSID,sensor,daikin_onecta,bc5878902adb06b9495282dec05a98de,Huiskamer Gateway,Digital only,device,diagnostic,Sensor,1,False,"missing category: brand, protocol",,
sensor.huiskamer_climatecontrol_error_code,Error code,sensor,daikin_onecta,c6e7ff05d603c4f6b5910ba34a27d47f,Huiskamer ClimateControl,Digital only,device,diagnostic,Sensor,1,False,"missing category: brand, protocol",,
sensor.huiskamer_climatecontrol_room_temperature,Room temperature,sensor,daikin_onecta,c6e7ff05d603c4f6b5910ba34a27d47f,Huiskamer ClimateControl,Digital only,device,,Sensor,1,False,"missing category: brand, protocol",,
sensor.huiskamer_climatecontrol_outdoor_temperature,Outdoor temperature,sensor,daikin_onecta,c6e7ff05d603c4f6b5910ba34a27d47f,Huiskamer ClimateControl,Digital only,device,,Sensor,1,False,"missing category: brand, protocol",,
sensor.huiskamer_climatecontrol_heating_daily_electrical_consumption,Heating daily electrical consumption,sensor,daikin_onecta,c6e7ff05d603c4f6b5910ba34a27d47f,Huiskamer ClimateControl,Digital only,device,,Sensor,1,False,"missing category: brand, protocol",,
sensor.huiskamer_climatecontrol_heating_weekly_electrical_consumption,Heating weekly electrical consumption,sensor,daikin_onecta,c6e7ff05d603c4f6b5910ba34a27d47f,Huiskamer ClimateControl,Digital only,device,,Sensor,1,False,"missing category: brand, protocol",,
sensor.huiskamer_climatecontrol_heating_yearly_electrical_consumption,Heating yearly electrical consumption,sensor,daikin_onecta,c6e7ff05d603c4f6b5910ba34a27d47f,Huiskamer ClimateControl,Digital only,device,,Sensor,1,False,"missing category: brand, protocol",,
sensor.huiskamer_climatecontrol_cooling_daily_electrical_consumption,Cooling daily electrical consumption,sensor,daikin_onecta,c6e7ff05d603c4f6b5910ba34a27d47f,Huiskamer ClimateControl,Digital only,device,,Sensor,1,False,"missing category: brand, protocol",,
sensor.huiskamer_climatecontrol_cooling_weekly_electrical_consumption,Cooling weekly electrical consumption,sensor,daikin_onecta,c6e7ff05d603c4f6b5910ba34a27d47f,Huiskamer ClimateControl,Digital only,device,,Sensor,1,False,"missing category: brand, protocol",,
sensor.huiskamer_climatecontrol_cooling_yearly_electrical_consumption,Cooling yearly electrical consumption,sensor,daikin_onecta,c6e7ff05d603c4f6b5910ba34a27d47f,Huiskamer ClimateControl,Digital only,device,,Sensor,1,False,"missing category: brand, protocol",,
sensor.huiskamer_outdoorunit_error_code,Error code,sensor,daikin_onecta,6e43b9875e42cbf80c16de026b0be27f,Huiskamer OutdoorUnit,Digital only,device,diagnostic,Sensor,1,False,"missing category: brand, protocol",,
select.zolder_climatecontrol_schedule,Schedule,select,daikin_onecta,4371a95c3dcc610faf921359a576e33a,Zolder ClimateControl,Digital only,device,,,0,True,no labels at all,,
select.huiskamer_climatecontrol_schedule,Schedule,select,daikin_onecta,c6e7ff05d603c4f6b5910ba34a27d47f,Huiskamer ClimateControl,Digital only,device,,,0,True,no labels at all,,
binary_sensor.zolder_gateway_is_firmware_update_supported,Is firmware update supported,binary_sensor,daikin_onecta,12751a7967794c2b2631710906071d96,Zolder Gateway,Digital only,device,diagnostic,Sensor,1,False,"missing category: brand, protocol",,
binary_sensor.zolder_gateway_is_in_error_state,Is in error state,binary_sensor,daikin_onecta,12751a7967794c2b2631710906071d96,Zolder Gateway,Digital only,device,diagnostic,Sensor,1,False,"missing category: brand, protocol",,
binary_sensor.zolder_climatecontrol_is_holiday_mode_active,Is holiday mode active,binary_sensor,daikin_onecta,4371a95c3dcc610faf921359a576e33a,Zolder ClimateControl,Digital only,device,diagnostic,Sensor,1,False,"missing category: brand, protocol",,
binary_sensor.zolder_climatecontrol_is_in_caution_state,Is in caution state,binary_sensor,daikin_onecta,4371a95c3dcc610faf921359a576e33a,Zolder ClimateControl,Digital only,device,diagnostic,Sensor,1,False,"missing category: brand, protocol",,
binary_sensor.zolder_climatecontrol_is_in_error_state,Is in error state,binary_sensor,daikin_onecta,4371a95c3dcc610faf921359a576e33a,Zolder ClimateControl,Digital only,device,diagnostic,Sensor,1,False,"missing category: brand, protocol",,
binary_sensor.zolder_climatecontrol_is_in_mode_conflict,Is in mode conflict,binary_sensor,daikin_onecta,4371a95c3dcc610faf921359a576e33a,Zolder ClimateControl,Digital only,device,diagnostic,Sensor,1,False,"missing category: brand, protocol",,
binary_sensor.zolder_climatecontrol_is_in_warning_state,Is in warning state,binary_sensor,daikin_onecta,4371a95c3dcc610faf921359a576e33a,Zolder ClimateControl,Digital only,device,diagnostic,Sensor,1,False,"missing category: brand, protocol",,
binary_sensor.zolder_climatecontrol_is_powerful_mode_active,Is powerful mode active,binary_sensor,daikin_onecta,4371a95c3dcc610faf921359a576e33a,Zolder ClimateControl,Digital only,device,diagnostic,Sensor,1,False,"missing category: brand, protocol",,
binary_sensor.zolder_outdoorunit_is_in_error_state,Is in error state,binary_sensor,daikin_onecta,d600fca162d79fd626c8f4f190bc162c,Zolder OutdoorUnit,Digital only,device,diagnostic,Sensor,1,False,"missing category: brand, protocol",,
binary_sensor.zolder_outdoorunit_is_in_warning_state,Is in warning state,binary_sensor,daikin_onecta,d600fca162d79fd626c8f4f190bc162c,Zolder OutdoorUnit,Digital only,device,diagnostic,Sensor,1,False,"missing category: brand, protocol",,
binary_sensor.zolder_outdoorunit_is_in_caution_state,Is in caution state,binary_sensor,daikin_onecta,d600fca162d79fd626c8f4f190bc162c,Zolder OutdoorUnit,Digital only,device,diagnostic,Sensor,1,False,"missing category: brand, protocol",,
binary_sensor.huiskamer_gateway_is_firmware_update_supported,Is firmware update supported,binary_sensor,daikin_onecta,bc5878902adb06b9495282dec05a98de,Huiskamer Gateway,Digital only,device,diagnostic,Sensor,1,False,"missing category: brand, protocol",,
binary_sensor.huiskamer_gateway_is_in_error_state,Is in error state,binary_sensor,daikin_onecta,bc5878902adb06b9495282dec05a98de,Huiskamer Gateway,Digital only,device,diagnostic,Sensor,1,False,"missing category: brand, protocol",,
binary_sensor.huiskamer_climatecontrol_is_holiday_mode_active,Is holiday mode active,binary_sensor,daikin_onecta,c6e7ff05d603c4f6b5910ba34a27d47f,Huiskamer ClimateControl,Digital only,device,diagnostic,Sensor,1,False,"missing category: brand, protocol",,
binary_sensor.huiskamer_climatecontrol_is_in_caution_state,Is in caution state,binary_sensor,daikin_onecta,c6e7ff05d603c4f6b5910ba34a27d47f,Huiskamer ClimateControl,Digital only,device,diagnostic,Sensor,1,False,"missing category: brand, protocol",,
binary_sensor.huiskamer_climatecontrol_is_in_error_state,Is in error state,binary_sensor,daikin_onecta,c6e7ff05d603c4f6b5910ba34a27d47f,Huiskamer ClimateControl,Digital only,device,diagnostic,Sensor,1,False,"missing category: brand, protocol",,
binary_sensor.huiskamer_climatecontrol_is_in_mode_conflict,Is in mode conflict,binary_sensor,daikin_onecta,c6e7ff05d603c4f6b5910ba34a27d47f,Huiskamer ClimateControl,Digital only,device,diagnostic,Sensor,1,False,"missing category: brand, protocol",,
binary_sensor.huiskamer_climatecontrol_is_in_warning_state,Is in warning state,binary_sensor,daikin_onecta,c6e7ff05d603c4f6b5910ba34a27d47f,Huiskamer ClimateControl,Digital only,device,diagnostic,Sensor,1,False,"missing category: brand, protocol",,
binary_sensor.huiskamer_climatecontrol_is_powerful_mode_active,Is powerful mode active,binary_sensor,daikin_onecta,c6e7ff05d603c4f6b5910ba34a27d47f,Huiskamer ClimateControl,Digital only,device,diagnostic,Sensor,1,False,"missing category: brand, protocol",,
binary_sensor.huiskamer_outdoorunit_is_in_error_state,Is in error state,binary_sensor,daikin_onecta,6e43b9875e42cbf80c16de026b0be27f,Huiskamer OutdoorUnit,Digital only,device,diagnostic,Sensor,1,False,"missing category: brand, protocol",,
binary_sensor.huiskamer_outdoorunit_is_in_warning_state,Is in warning state,binary_sensor,daikin_onecta,6e43b9875e42cbf80c16de026b0be27f,Huiskamer OutdoorUnit,Digital only,device,diagnostic,Sensor,1,False,"missing category: brand, protocol",,
binary_sensor.huiskamer_outdoorunit_is_in_caution_state,Is in caution state,binary_sensor,daikin_onecta,6e43b9875e42cbf80c16de026b0be27f,Huiskamer OutdoorUnit,Digital only,device,diagnostic,Sensor,1,False,"missing category: brand, protocol",,
button.zolder_refresh,Refresh,button,daikin_onecta,8b5087d36d7c30901337f483d8b42570,Zolder,Digital only,device,config,,0,True,no labels at all,,
button.huiskamer_refresh,Refresh,button,daikin_onecta,d30920201111ad7197aa5016077b1a49,Huiskamer,Digital only,device,config,,0,True,no labels at all,,
switch.daikin_onecta_pre_release,Pre-release,switch,hacs,2829dcd3820305a65708d5493e3b1505,Daikin Onecta,Digital only,device,diagnostic,,0,True,no labels at all,integration,
button.knop_badkamer_ir_slaapkamer_identify,Identify,button,mqtt,9e0914f40e3e0c05867395d3289ccd21,Knop badkamer IR slaapkamer,Slaapkamer R/R,device,config,,0,True,no labels at all,user,user
sensor.knop_badkamer_ir_slaapkamer_battery,Battery,sensor,mqtt,9e0914f40e3e0c05867395d3289ccd21,Knop badkamer IR slaapkamer,Slaapkamer R/R,device,diagnostic,,0,True,no labels at all,user,
update.knop_badkamer_ir_slaapkamer,,update,mqtt,9e0914f40e3e0c05867395d3289ccd21,Knop badkamer IR slaapkamer,Slaapkamer R/R,device,config,,0,True,no labels at all,user,
counter.badkamer_ir_timer_short,Badkamer IR timer short,counter,counter,,,Digital only,entity,,"Digital only, Helper",2,False,"missing category: brand, protocol",,
counter.badkamer_ir_timer_long,Badkamer IR timer long,counter,counter,,,Digital only,entity,,"Digital only, Helper",2,False,"missing category: brand, protocol",,
automation.badkamer_ir_timer,Badkamer IR timer,automation,automation,,,Digital only,entity,,"Automation, Digital only",2,False,"missing category: brand, protocol; uncategorized label(s): Automation",,
input_button.badkamer_ir_timer_short,Badkamer IR timer short,input_button,input_button,,,Digital only,entity,,"Digital only, Helper",2,False,"missing category: brand, protocol",,
input_button.badkamer_ir_timer_long,Badkamer IR timer long,input_button,input_button,,,Digital only,entity,,"Digital only, Helper",2,False,"missing category: brand, protocol",,
input_boolean.badkamer_ir_timer_short,Badkamer IR timer short,input_boolean,input_boolean,,,Digital only,entity,,"Digital only, Helper",2,False,"missing category: brand, protocol",,
input_boolean.badkamer_ir_timer_long,Badkamer IR timer long,input_boolean,input_boolean,,,Digital only,entity,,"Digital only, Helper",2,False,"missing category: brand, protocol",,
sensor.bedroom_ir_panel_thermostat_battery,Battery,sensor,mqtt,4fe5da3d0b6a0ec9145a971d3f1c6e6d,Bedroom IR panel thermostat,Slaapkamer R/R,device,diagnostic,,0,True,no labels at all,user,user
sensor.bedroom_ir_panel_thermostat_temperature,Temperature,sensor,mqtt,4fe5da3d0b6a0ec9145a971d3f1c6e6d,Bedroom IR panel thermostat,Slaapkamer R/R,device,,,0,True,no labels at all,user,user
select.bedroom_ir_panel_thermostat_temperature_units,Temperature units,select,mqtt,4fe5da3d0b6a0ec9145a971d3f1c6e6d,Bedroom IR panel thermostat,Slaapkamer R/R,device,,,0,True,no labels at all,user,
number.bedroom_ir_panel_thermostat_temperature_calibration,Temperature calibration,number,mqtt,4fe5da3d0b6a0ec9145a971d3f1c6e6d,Bedroom IR panel thermostat,Slaapkamer R/R,device,config,,0,True,no labels at all,user,user
sensor.0xa4c138022ea9ffff_linkquality,Linkquality,sensor,mqtt,4fe5da3d0b6a0ec9145a971d3f1c6e6d,Bedroom IR panel thermostat,Slaapkamer R/R,device,diagnostic,,0,True,no labels at all,integration,
input_boolean.bedroom_ir_current_state,Bedroom IR current state,input_boolean,input_boolean,,,Digital only,entity,,"Digital only, Helper",2,False,"missing category: brand, protocol",,
input_boolean.bedroom_ir_button_pushed,Bedroom IR button pushed,input_boolean,input_boolean,,,Digital only,entity,,"Digital only, Helper",2,False,"missing category: brand, protocol",,
input_boolean.bedroom_ir_temperature_below,Bedroom IR temperature below,input_boolean,input_boolean,,,Digital only,entity,,"Digital only, Helper",2,False,"missing category: brand, protocol",,
input_boolean.bedroom_ir_temperature_above,Bedroom IR temperature above,input_boolean,input_boolean,,,Digital only,entity,,"Digital only, Helper",2,False,"missing category: brand, protocol",,
input_number.bedroom_ir_temperature_setting,Bedroom IR temperature setting,input_number,input_number,,,Digital only,entity,,"Digital only, Helper",2,False,"missing category: brand, protocol",,
input_number.bedroom_ir_backup_trigger,Bedroom IR backup trigger,input_number,input_number,,,Digital only,entity,,"Digital only, Helper",2,False,"missing category: brand, protocol",,
sensor.bedroom_ir_combined_temperature,Bedroom IR combined temperature,sensor,min_max,,,Digital only,entity,,"Digital only, Helper, Sensor",3,False,"missing category: brand, protocol",,
automation.bedroom_ir_monitor,Bedroom IR monitor,automation,automation,,,Digital only,entity,,"Automation, Digital only",2,False,"missing category: brand, protocol; uncategorized label(s): Automation",,
automation.bedroom_ir_timer,Bedroom IR timer,automation,automation,,,Digital only,entity,,"Automation, Digital only",2,False,"missing category: brand, protocol; uncategorized label(s): Automation",,
automation.bedroom_ir_manager,Bedroom IR manager,automation,automation,,,Digital only,entity,,"Automation, Digital only",2,False,"missing category: brand, protocol; uncategorized label(s): Automation",,
switch.home_assistant_connect_zbt_2_1cdbd45f26ac_beta_firmware_updates,Beta firmware updates,switch,homeassistant_connect_zbt2,450a8b4c324c15317d988bb379f44afb,ZBT-2 - Zigbee Coordinator,Woonkamer,device,config,,0,True,no labels at all,integration,
update.home_assistant_connect_zbt_2_1cdbd45f26ac_firmware,Firmware,update,homeassistant_connect_zbt2,450a8b4c324c15317d988bb379f44afb,ZBT-2 - Zigbee Coordinator,Woonkamer,device,config,,0,True,no labels at all,,
automation.airco_woonkamer_shutdown_trigger,Airco woonkamer shutdown trigger,automation,automation,,,Digital only,entity,,"Automation, Digital only",2,False,"missing category: brand, protocol; uncategorized label(s): Automation",,
binary_sensor.zigbee2mqtt_running_2,Running,binary_sensor,hassio,1dfbdcdabc6cabe414d05f68838ea593,Zigbee2MQTT,Digital only,device,,,0,True,no labels at all,integration,
sensor.zigbee2mqtt_version_2,Version,sensor,hassio,1dfbdcdabc6cabe414d05f68838ea593,Zigbee2MQTT,Digital only,device,,,0,True,no labels at all,integration,
sensor.zigbee2mqtt_newest_version_2,Newest version,sensor,hassio,1dfbdcdabc6cabe414d05f68838ea593,Zigbee2MQTT,Digital only,device,,,0,True,no labels at all,integration,
sensor.zigbee2mqtt_cpu_percent_2,CPU percent,sensor,hassio,1dfbdcdabc6cabe414d05f68838ea593,Zigbee2MQTT,Digital only,device,,,0,True,no labels at all,integration,
sensor.zigbee2mqtt_memory_percent_2,Memory percent,sensor,hassio,1dfbdcdabc6cabe414d05f68838ea593,Zigbee2MQTT,Digital only,device,,,0,True,no labels at all,integration,
switch.zigbee2mqtt_2,,switch,hassio,1dfbdcdabc6cabe414d05f68838ea593,Zigbee2MQTT,Digital only,device,,,0,True,no labels at all,integration,
update.zigbee2mqtt_update_2,Update,update,hassio,1dfbdcdabc6cabe414d05f68838ea593,Zigbee2MQTT,Digital only,device,config,,0,True,no labels at all,,
binary_sensor.zigbee2mqtt_bridge_connection_state_2,Connection state,binary_sensor,mqtt,0bb5634afb46a51da458573483b8813f,Zigbee2MQTT Bridge,Digital only,device,diagnostic,Sensor,1,False,"missing category: brand, protocol",,
binary_sensor.zigbee2mqtt_bridge_restart_required_2,Restart required,binary_sensor,mqtt,0bb5634afb46a51da458573483b8813f,Zigbee2MQTT Bridge,Digital only,device,diagnostic,,0,True,no labels at all,integration,
button.zigbee2mqtt_bridge_restart_2,Restart,button,mqtt,0bb5634afb46a51da458573483b8813f,Zigbee2MQTT Bridge,Digital only,device,,,0,True,no labels at all,,
select.zigbee2mqtt_bridge_log_level_2,Log level,select,mqtt,0bb5634afb46a51da458573483b8813f,Zigbee2MQTT Bridge,Digital only,device,config,,0,True,no labels at all,,
sensor.zigbee2mqtt_bridge_version_2,Version,sensor,mqtt,0bb5634afb46a51da458573483b8813f,Zigbee2MQTT Bridge,Digital only,device,diagnostic,Sensor,1,False,"missing category: brand, protocol",,
sensor.zigbee2mqtt_bridge_coordinator_version_2,Coordinator version,sensor,mqtt,0bb5634afb46a51da458573483b8813f,Zigbee2MQTT Bridge,Digital only,device,diagnostic,,0,True,no labels at all,integration,
sensor.zigbee2mqtt_bridge_network_map_2,Network map,sensor,mqtt,0bb5634afb46a51da458573483b8813f,Zigbee2MQTT Bridge,Digital only,device,diagnostic,,0,True,no labels at all,integration,
switch.zigbee2mqtt_bridge_permit_join_2,Permit join,switch,mqtt,0bb5634afb46a51da458573483b8813f,Zigbee2MQTT Bridge,Digital only,device,,,0,True,no labels at all,,
sensor.tv_knop_linkquality_2,Linkquality,sensor,mqtt,b6c4f46ebbab1bae7ef684418fd4c2a7,TV knop,Woonkamer,device,diagnostic,,0,True,no labels at all,integration,
sensor.gordijn_j_d_linkquality_2,Linkquality,sensor,mqtt,cc3d1aaec33b1f095e4ae3ebfa88fd9d,Gordijn J/D,Slaapkamer D/J,device,diagnostic,,0,True,no labels at all,integration,
sensor.repeater_schuur_linkquality_2,Linkquality,sensor,mqtt,bf401b29948cfe956b33949537038c7f,Repeater schuur,Achtertuin,device,diagnostic,,0,True,no labels at all,integration,
sensor.rolluik_knop_j_d_linkquality_2,Linkquality,sensor,mqtt,cab145732fe2e0e51ca519890a7a134c,Rolluik knop J/D,Slaapkamer D/J,device,diagnostic,,0,True,no labels at all,integration,
sensor.lichtsensor_j_d_voltage_2,Voltage,sensor,mqtt,202373e9491d4aa24ca937cec240ad86,Lichtsensor J/D,Slaapkamer D/J,device,diagnostic,Sensor,1,False,"missing category: brand, protocol",,
sensor.lichtsensor_j_d_illuminance_2,Illuminance,sensor,mqtt,202373e9491d4aa24ca937cec240ad86,Lichtsensor J/D,Slaapkamer D/J,device,,Sensor,1,False,"missing category: brand, protocol",,
sensor.lichtsensor_j_d_linkquality_2,Linkquality,sensor,mqtt,202373e9491d4aa24ca937cec240ad86,Lichtsensor J/D,Slaapkamer D/J,device,diagnostic,,0,True,no labels at all,integration,
sensor.darius_knop_linkquality_2,Linkquality,sensor,mqtt,92af3f56870153cbc2aa28a014c0b480,Darius knop,Slaapkamer D/J,device,diagnostic,,0,True,no labels at all,integration,
sensor.poort_bewegingssensor_requested_brightness_level_2,Requested brightness level,sensor,mqtt,1e623be1603b93cc8ad12ca7e9045481,Poort bewegingssensor,Achtertuin,device,diagnostic,,0,True,no labels at all,integration,
sensor.poort_bewegingssensor_requested_brightness_percent_2,Requested brightness percent,sensor,mqtt,1e623be1603b93cc8ad12ca7e9045481,Poort bewegingssensor,Achtertuin,device,diagnostic,,0,True,no labels at all,integration,
sensor.poort_bewegingssensor_linkquality_2,Linkquality,sensor,mqtt,1e623be1603b93cc8ad12ca7e9045481,Poort bewegingssensor,Achtertuin,device,diagnostic,,0,True,no labels at all,integration,
sensor.veranda_bewegingssensor_requested_brightness_level_2,Requested brightness level,sensor,mqtt,57ec426c1acd0ef4659e3dda21a0bf9e,Veranda bewegingssensor,Veranda,device,diagnostic,,0,True,no labels at all,integration,
sensor.veranda_bewegingssensor_requested_brightness_percent_2,Requested brightness percent,sensor,mqtt,57ec426c1acd0ef4659e3dda21a0bf9e,Veranda bewegingssensor,Veranda,device,diagnostic,,0,True,no labels at all,integration,
sensor.veranda_bewegingssensor_linkquality_2,Linkquality,sensor,mqtt,57ec426c1acd0ef4659e3dda21a0bf9e,Veranda bewegingssensor,Veranda,device,diagnostic,,0,True,no labels at all,integration,
sensor.rolien_knop_linkquality_2,Linkquality,sensor,mqtt,96439bdc7d74f5394f4eccb4c0b5ab06,Rolien knop,Slaapkamer R/R,device,diagnostic,,0,True,no labels at all,integration,
sensor.rolluik_knop_r_r_linkquality_2,Linkquality,sensor,mqtt,1349810e6ea19da11b77d2d28e827a59,Rolluik knop R/R,Slaapkamer R/R,device,diagnostic,,0,True,no labels at all,integration,
sensor.woonkamer_luchtsensor_linkquality_2,Linkquality,sensor,mqtt,0afb2a914a6722015c6280c9ddef3aca,Woonkamer luchtsensor,Woonkamer,device,diagnostic,,0,True,no labels at all,integration,
sensor.achterdeur_magneetsensor_linkquality,Linkquality,sensor,mqtt,1cb2017be7d8e8c898c756e4e6879cbf,Achterdeur magneetsensor,Woonkamer,device,diagnostic,Sensor,1,False,"missing category: brand, protocol",,
sensor.slaapkamer_raamsensor_j_d_voltage_2,Voltage,sensor,mqtt,2df51c1a0cfc17ab0543590e121ac568,Slaapkamer raamsensor J/D,Slaapkamer D/J,device,diagnostic,Sensor,1,False,"missing category: brand, protocol",,
sensor.slaapkamer_raamsensor_j_d_linkquality_2,Linkquality,sensor,mqtt,2df51c1a0cfc17ab0543590e121ac568,Slaapkamer raamsensor J/D,Slaapkamer D/J,device,diagnostic,,0,True,no labels at all,integration,
sensor.slaapkamer_raamsensor_r_r_voltage_2,Voltage,sensor,mqtt,e01bdca3fa69a22843758d064b2fca4c,Slaapkamer raamsensor R/R,Slaapkamer R/R,device,diagnostic,Sensor,1,False,"missing category: brand, protocol",device,
sensor.slaapkamer_raamsensor_r_r_linkquality_2,Linkquality,sensor,mqtt,e01bdca3fa69a22843758d064b2fca4c,Slaapkamer raamsensor R/R,Slaapkamer R/R,device,diagnostic,,0,True,no labels at all,integration,
sensor.woonkamer_rookmelder_linkquality_2,Linkquality,sensor,mqtt,ee31a493c77063188454f5f50a4fbfcd,Woonkamer rookmelder,Woonkamer,device,diagnostic,,0,True,no labels at all,integration,
sensor.rudi_knop_linkquality,Linkquality,sensor,mqtt,d22faeecf748a8e11ebc72e0730a9f0e,Rudi knop,Woonkamer,device,diagnostic,,0,True,no labels at all,integration,
sensor.repeater_zolder_linkquality_2,Linkquality,sensor,mqtt,4cb78d3d06048d2097d7b0f9bc4078e2,Repeater zolder,Zolder,device,diagnostic,,0,True,no labels at all,integration,
sensor.deken_julius_linkquality_2,Linkquality,sensor,mqtt,7624c6c55f5be1c922bc2235f4a08821,Deken Julius,Slaapkamer D/J,device,diagnostic,,0,True,no labels at all,integration,
sensor.slaapkamer_j_d_temp_voltage_2,Voltage,sensor,mqtt,27a3f1522489f64e08f86a3baede3af2,Slaapkamer j/d temp,Slaapkamer D/J,device,diagnostic,Sensor,1,False,"missing category: brand, protocol",,
sensor.slaapkamer_j_d_temp_linkquality_2,Linkquality,sensor,mqtt,27a3f1522489f64e08f86a3baede3af2,Slaapkamer j/d temp,Slaapkamer D/J,device,diagnostic,,0,True,no labels at all,integration,
sensor.ikea_parasol_2_linkquality_2,Linkquality,sensor,mqtt,172896146672ae8a8c01012ee4ba1efe,ikea parasol 2,Slaapkamer D/J,device,diagnostic,,0,True,no labels at all,integration,
sensor.rolien_bureau_t_h_voltage_2,Voltage,sensor,mqtt,b1a6113b89d11e54353b80dbf3015f35,Rolien bureau t/h,Slaapkamer R/R,device,diagnostic,Sensor,1,False,"missing category: brand, protocol",,
sensor.rolien_bureau_t_h_linkquality_2,Linkquality,sensor,mqtt,b1a6113b89d11e54353b80dbf3015f35,Rolien bureau t/h,Slaapkamer R/R,device,diagnostic,,0,True,no labels at all,integration,
sensor.zolder_t_h_voltage_2,Voltage,sensor,mqtt,40d24259d5bbb6ccf9424722be2e70b6,Zolder t/h,Zolder,device,diagnostic,Sensor,1,False,"missing category: brand, protocol",,
sensor.zolder_t_h_linkquality_2,Linkquality,sensor,mqtt,40d24259d5bbb6ccf9424722be2e70b6,Zolder t/h,Zolder,device,diagnostic,,0,True,no labels at all,integration,
sensor.ikea_energy_meter_1_darius_voltage_2,Voltage,sensor,mqtt,e1b8cdac1e9971270ad11c1a5fab835,IKEA energy meter 1 - Darius,Slaapkamer D/J,device,diagnostic,"IKEA, Repeater, Sensor, Switch, Zigbee",5,False,,,
sensor.ikea_energy_meter_1_darius_current_2,Current,sensor,mqtt,e1b8cdac1e9971270ad11c1a5fab835,IKEA energy meter 1 - Darius,Slaapkamer D/J,device,,"IKEA, Repeater, Sensor, Switch, Zigbee",5,False,,,
sensor.ikea_energy_meter_1_darius_linkquality_2,Linkquality,sensor,mqtt,e1b8cdac1e9971270ad11c1a5fab835,IKEA energy meter 1 - Darius,Slaapkamer D/J,device,diagnostic,,0,True,no labels at all,integration,
sensor.ikea_energy_meter_8_airfryer_linkquality,Linkquality,sensor,mqtt,feff230dd13f16505adc40aa0015486a,IKEA energy meter 8 Airfryer,Keuken,device,diagnostic,,0,True,no labels at all,integration,
sensor.ikea_energy_meter_7_miniboiler_linkquality,Linkquality,sensor,mqtt,2d49907e0b4c47657f27b0b3ac719ea0,IKEA energy meter 7 Miniboiler,Keuken,device,diagnostic,,0,True,no labels at all,integration,
sensor.ikea_energy_meter_3_droger_linkquality,Linkquality,sensor,mqtt,0720393e8b4e1c3ebbfae83a247c5f96,IKEA energy meter 3 - Droger,Zolder,device,diagnostic,,0,True,no labels at all,,
sensor.ikea_energy_meter_4_wasmachine_linkquality,Linkquality,sensor,mqtt,d34d9367d55fa61018118b1f36f9cfca,IKEA energy meter 4 Wasmachine,Zolder,device,diagnostic,,0,True,no labels at all,integration,
sensor.ikea_energy_meter_6_minikoelkast_linkquality,Linkquality,sensor,mqtt,08912e06ee6a9f724bc08a830122369c,IKEA energy meter 6 Minikoelkast,Keuken,device,diagnostic,,0,True,no labels at all,integration,
sensor.floor_surface_thermostat_linkquality,Linkquality,sensor,mqtt,b9db7b75138fb7d7b5ed27b04fa3caaa,Floor surface thermostat,Woonkamer,device,diagnostic,,0,True,no labels at all,integration,
sensor.ikea_energy_meter_11_bureau_rolien_linkquality,Linkquality,sensor,mqtt,f19c694052521a4091395ab381778770,IKEA energy meter 11 Bureau Rolien,Slaapkamer R/R,device,diagnostic,,0,True,no labels at all,integration,
sensor.ikea_energy_meter_9_plafond_verwarming_linkquality,Linkquality,sensor,mqtt,73269d10795867a8b492959d0839b9fa,IKEA energy meter 9 Plafond verwarming,Slaapkamer R/R,device,diagnostic,,0,True,no labels at all,integration,
sensor.ikea_energy_meter_12_voetverwarmer_linkquality,Linkquality,sensor,mqtt,ec43a84d21c945b9921a1ad1052bef90,IKEA energy meter 12 - Voetverwarmer,Zolder,device,diagnostic,,0,True,no labels at all,integration,
sensor.knop_badkamer_ir_slaapkamer_linkquality,Linkquality,sensor,mqtt,9e0914f40e3e0c05867395d3289ccd21,Knop badkamer IR slaapkamer,Slaapkamer R/R,device,diagnostic,,0,True,no labels at all,integration,
sensor.bedroom_ir_panel_thermostat_linkquality,Linkquality,sensor,mqtt,4fe5da3d0b6a0ec9145a971d3f1c6e6d,Bedroom IR panel thermostat,Slaapkamer R/R,device,diagnostic,,0,True,no labels at all,integration,
binary_sensor.gordijn_j_d_charging_status_2,Charging status,binary_sensor,mqtt,cc3d1aaec33b1f095e4ae3ebfa88fd9d,Gordijn J/D,Slaapkamer D/J,device,,Sensor,1,False,"missing category: brand, protocol",,
binary_sensor.gordijn_j_d_running_2,Running,binary_sensor,mqtt,cc3d1aaec33b1f095e4ae3ebfa88fd9d,Gordijn J/D,Slaapkamer D/J,device,,Sensor,1,False,"missing category: brand, protocol",,
binary_sensor.poort_bewegingssensor_occupancy_2,Occupancy,binary_sensor,mqtt,1e623be1603b93cc8ad12ca7e9045481,Poort bewegingssensor,Achtertuin,device,,"Sensor, Zigbee",2,False,missing category: brand,,
binary_sensor.poort_bewegingssensor_illuminance_above_threshold_2,Illuminance above threshold,binary_sensor,mqtt,1e623be1603b93cc8ad12ca7e9045481,Poort bewegingssensor,Achtertuin,device,diagnostic,"Sensor, Zigbee",2,False,missing category: brand,,
binary_sensor.veranda_bewegingssensor_occupancy_2,Occupancy,binary_sensor,mqtt,57ec426c1acd0ef4659e3dda21a0bf9e,Veranda bewegingssensor,Veranda,device,,Sensor,1,False,"missing category: brand, protocol",,
binary_sensor.veranda_bewegingssensor_illuminance_above_threshold_2,Illuminance above threshold,binary_sensor,mqtt,57ec426c1acd0ef4659e3dda21a0bf9e,Veranda bewegingssensor,Veranda,device,diagnostic,Sensor,1,False,"missing category: brand, protocol",,
binary_sensor.slaapkamer_raamsensor_j_d_contact_2,Door,binary_sensor,mqtt,2df51c1a0cfc17ab0543590e121ac568,Slaapkamer raamsensor J/D,Slaapkamer D/J,device,,Sensor,1,False,"missing category: brand, protocol",,
binary_sensor.slaapkamer_raamsensor_j_d_battery_low_2,Battery,binary_sensor,mqtt,2df51c1a0cfc17ab0543590e121ac568,Slaapkamer raamsensor J/D,Slaapkamer D/J,device,diagnostic,Sensor,1,False,"missing category: brand, protocol",,
binary_sensor.slaapkamer_raamsensor_r_r_contact_2,Door,binary_sensor,mqtt,e01bdca3fa69a22843758d064b2fca4c,Slaapkamer raamsensor R/R,Slaapkamer R/R,device,,Sensor,1,False,"missing category: brand, protocol",device,
binary_sensor.slaapkamer_raamsensor_r_r_battery_low_2,Battery,binary_sensor,mqtt,e01bdca3fa69a22843758d064b2fca4c,Slaapkamer raamsensor R/R,Slaapkamer R/R,device,diagnostic,Sensor,1,False,"missing category: brand, protocol",device,
binary_sensor.woonkamer_rookmelder_alarm_2,Alarm,binary_sensor,mqtt,ee31a493c77063188454f5f50a4fbfcd,Woonkamer rookmelder,Woonkamer,device,,Sensor,1,False,"missing category: brand, protocol",,
binary_sensor.woonkamer_rookmelder_test_2,Test,binary_sensor,mqtt,ee31a493c77063188454f5f50a4fbfcd,Woonkamer rookmelder,Woonkamer,device,diagnostic,Sensor,1,False,"missing category: brand, protocol",,
binary_sensor.woonkamer_rookmelder_carbon_monoxide_2,Carbon monoxide,binary_sensor,mqtt,ee31a493c77063188454f5f50a4fbfcd,Woonkamer rookmelder,Woonkamer,device,,Sensor,1,False,"missing category: brand, protocol",,
binary_sensor.woonkamer_rookmelder_tamper_2,Tamper,binary_sensor,mqtt,ee31a493c77063188454f5f50a4fbfcd,Woonkamer rookmelder,Woonkamer,device,,Sensor,1,False,"missing category: brand, protocol",,
binary_sensor.woonkamer_rookmelder_battery_low_2,Battery,binary_sensor,mqtt,ee31a493c77063188454f5f50a4fbfcd,Woonkamer rookmelder,Woonkamer,device,diagnostic,Sensor,1,False,"missing category: brand, protocol",,
binary_sensor.ikea_parasol_2_contact_2,Door,binary_sensor,mqtt,172896146672ae8a8c01012ee4ba1efe,ikea parasol 2,Slaapkamer D/J,device,,Sensor,1,False,"missing category: brand, protocol",,
button.repeater_schuur_identify_2,Identify,button,mqtt,bf401b29948cfe956b33949537038c7f,Repeater schuur,Achtertuin,device,config,"Sensor, Zigbee",2,False,missing category: brand,,
button.rolluik_knop_j_d_identify_2,Identify,button,mqtt,cab145732fe2e0e51ca519890a7a134c,Rolluik knop J/D,Slaapkamer D/J,device,config,,0,True,no labels at all,,
button.darius_knop_identify_2,Identify,button,mqtt,92af3f56870153cbc2aa28a014c0b480,Darius knop,Slaapkamer D/J,device,config,,0,True,no labels at all,,
button.poort_bewegingssensor_identify_2,Identify,button,mqtt,1e623be1603b93cc8ad12ca7e9045481,Poort bewegingssensor,Achtertuin,device,config,"Sensor, Zigbee",2,False,missing category: brand,,
button.veranda_bewegingssensor_identify_2,Identify,button,mqtt,57ec426c1acd0ef4659e3dda21a0bf9e,Veranda bewegingssensor,Veranda,device,config,Sensor,1,False,"missing category: brand, protocol",,
button.rolien_knop_identify_2,Identify,button,mqtt,96439bdc7d74f5394f4eccb4c0b5ab06,Rolien knop,Slaapkamer R/R,device,config,,0,True,no labels at all,,
button.rolluik_knop_r_r_identify_2,Identify,button,mqtt,1349810e6ea19da11b77d2d28e827a59,Rolluik knop R/R,Slaapkamer R/R,device,config,,0,True,no labels at all,,
button.rudi_knop_identify_2,Identify,button,mqtt,d22faeecf748a8e11ebc72e0730a9f0e,Rudi knop,Woonkamer,device,config,,0,True,no labels at all,,
button.repeater_zolder_identify_2,Identify,button,mqtt,4cb78d3d06048d2097d7b0f9bc4078e2,Repeater zolder,Zolder,device,config,,0,True,no labels at all,,
button.deken_julius_identify_2,Identify,button,mqtt,7624c6c55f5be1c922bc2235f4a08821,Deken Julius,Slaapkamer D/J,device,config,,0,True,no labels at all,,
button.ikea_parasol_2_identify_2,Identify,button,mqtt,172896146672ae8a8c01012ee4ba1efe,ikea parasol 2,Slaapkamer D/J,device,config,,0,True,no labels at all,,
button.ikea_energy_meter_2_server_identify_2,Identify,button,mqtt,8466c8b969c827dc22abaeecc2967e92,IKEA energy meter 2 - Server,Zolder,device,config,"IKEA, Repeater, Sensor, Switch, Zigbee",5,False,,,
button.ikea_energy_meter_1_darius_identify_2,Identify,button,mqtt,e1b8cdac1e9971270ad11c1a5fab835,IKEA energy meter 1 - Darius,Slaapkamer D/J,device,config,"IKEA, Repeater, Sensor, Switch, Zigbee",5,False,,,
button.ikea_energy_meter_5_badkamer_verwarming_identify_2,Identify,button,mqtt,bf1d1779f7eda53eaa7959771b3cce23,IKEA energy meter 5 Badkamer verwarming,Badkamer,device,config,"IKEA, Repeater, Sensor, Switch, Zigbee",5,False,,,
button.ikea_energy_meter_8_airfryer_identify_2,Identify,button,mqtt,feff230dd13f16505adc40aa0015486a,IKEA energy meter 8 Airfryer,Keuken,device,config,"IKEA, Repeater, Sensor, Switch, Zigbee",5,False,,,
button.ikea_energy_meter_7_miniboiler_identify_2,Identify,button,mqtt,2d49907e0b4c47657f27b0b3ac719ea0,IKEA energy meter 7 Miniboiler,Keuken,device,config,"IKEA, Repeater, Sensor, Switch, Zigbee",5,False,,,
button.ikea_energy_meter_3_droger_identify_2,Identify,button,mqtt,0720393e8b4e1c3ebbfae83a247c5f96,IKEA energy meter 3 - Droger,Zolder,device,config,"IKEA, Repeater, Sensor, Switch, Zigbee",5,False,,,
button.ikea_energy_meter_4_wasmachine_identify_2,Identify,button,mqtt,d34d9367d55fa61018118b1f36f9cfca,IKEA energy meter 4 Wasmachine,Zolder,device,config,"IKEA, Repeater, Sensor, Switch, Zigbee",5,False,,,
button.ikea_energy_meter_6_minikoelkast_identify_2,Identify,button,mqtt,08912e06ee6a9f724bc08a830122369c,IKEA energy meter 6 Minikoelkast,Keuken,device,config,"IKEA, Repeater, Sensor, Switch, Zigbee",5,False,,,
button.ikea_energy_meter_11_bureau_rolien_identify_2,Identify,button,mqtt,f19c694052521a4091395ab381778770,IKEA energy meter 11 Bureau Rolien,Slaapkamer R/R,device,config,"IKEA, Repeater, Sensor, Switch, Zigbee",5,False,,,
button.ikea_energy_meter_9_plafond_verwarming_identify_2,Identify,button,mqtt,73269d10795867a8b492959d0839b9fa,IKEA energy meter 9 Plafond verwarming,Slaapkamer R/R,device,config,"IKEA, Repeater, Sensor, Switch, Zigbee",5,False,,,
button.ikea_energy_meter_12_voetverwarmer_identify_2,Identify,button,mqtt,ec43a84d21c945b9921a1ad1052bef90,IKEA energy meter 12 - Voetverwarmer,Zolder,device,config,"IKEA, Repeater, Sensor, Switch, Zigbee",5,False,,,
button.knop_badkamer_ir_slaapkamer_identify_2,Identify,button,mqtt,9e0914f40e3e0c05867395d3289ccd21,Knop badkamer IR slaapkamer,Slaapkamer R/R,device,config,,0,True,no labels at all,,
cover.gordijn_j_d_2,,cover,mqtt,cc3d1aaec33b1f095e4ae3ebfa88fd9d,Gordijn J/D,Slaapkamer D/J,device,,,0,True,no labels at all,,
number.floor_surface_thermostat_temperature_calibration_2,Temperature calibration,number,mqtt,b9db7b75138fb7d7b5ed27b04fa3caaa,Floor surface thermostat,Woonkamer,device,config,,0,True,no labels at all,,
number.bedroom_ir_panel_thermostat_temperature_calibration_2,Temperature calibration,number,mqtt,4fe5da3d0b6a0ec9145a971d3f1c6e6d,Bedroom IR panel thermostat,Slaapkamer R/R,device,config,,0,True,no labels at all,,
select.gordijn_j_d_motor_speed_2,Motor speed,select,mqtt,cc3d1aaec33b1f095e4ae3ebfa88fd9d,Gordijn J/D,Slaapkamer D/J,device,config,,0,True,no labels at all,,
select.deken_julius_power_on_behavior_2,Power-on behavior,select,mqtt,7624c6c55f5be1c922bc2235f4a08821,Deken Julius,Slaapkamer D/J,device,config,,0,True,no labels at all,,
select.ikea_energy_meter_2_server_power_on_behavior_2,Power-on behavior,select,mqtt,8466c8b969c827dc22abaeecc2967e92,IKEA energy meter 2 - Server,Zolder,device,config,"IKEA, Repeater, Sensor, Switch, Zigbee",5,False,,,
select.ikea_energy_meter_1_darius_power_on_behavior_2,Power-on behavior,select,mqtt,e1b8cdac1e9971270ad11c1a5fab835,IKEA energy meter 1 - Darius,Slaapkamer D/J,device,config,"IKEA, Repeater, Sensor, Switch, Zigbee",5,False,,,
select.ikea_energy_meter_5_badkamer_verwarming_power_on_behavior_2,Power-on behavior,select,mqtt,bf1d1779f7eda53eaa7959771b3cce23,IKEA energy meter 5 Badkamer verwarming,Badkamer,device,config,"IKEA, Repeater, Sensor, Switch, Zigbee",5,False,,,
select.ikea_energy_meter_8_airfryer_power_on_behavior_2,Power-on behavior,select,mqtt,feff230dd13f16505adc40aa0015486a,IKEA energy meter 8 Airfryer,Keuken,device,config,"IKEA, Repeater, Sensor, Switch, Zigbee",5,False,,,
select.ikea_energy_meter_7_miniboiler_power_on_behavior_2,Power-on behavior,select,mqtt,2d49907e0b4c47657f27b0b3ac719ea0,IKEA energy meter 7 Miniboiler,Keuken,device,config,"IKEA, Repeater, Sensor, Switch, Zigbee",5,False,,,
select.ikea_energy_meter_3_droger_power_on_behavior_2,Power-on behavior,select,mqtt,0720393e8b4e1c3ebbfae83a247c5f96,IKEA energy meter 3 - Droger,Zolder,device,config,"IKEA, Repeater, Sensor, Switch, Zigbee",5,False,,,
select.ikea_energy_meter_4_wasmachine_power_on_behavior_2,Power-on behavior,select,mqtt,d34d9367d55fa61018118b1f36f9cfca,IKEA energy meter 4 Wasmachine,Zolder,device,config,"IKEA, Repeater, Sensor, Switch, Zigbee",5,False,,,
select.ikea_energy_meter_6_minikoelkast_power_on_behavior_2,Power-on behavior,select,mqtt,08912e06ee6a9f724bc08a830122369c,IKEA energy meter 6 Minikoelkast,Keuken,device,config,"IKEA, Repeater, Sensor, Switch, Zigbee",5,False,,,
select.floor_surface_thermostat_temperature_units_2,Temperature units,select,mqtt,b9db7b75138fb7d7b5ed27b04fa3caaa,Floor surface thermostat,Woonkamer,device,config,,0,True,no labels at all,,
select.ikea_energy_meter_11_bureau_rolien_power_on_behavior_2,Power-on behavior,select,mqtt,f19c694052521a4091395ab381778770,IKEA energy meter 11 Bureau Rolien,Slaapkamer R/R,device,config,"IKEA, Repeater, Sensor, Switch, Zigbee",5,False,,,
select.ikea_energy_meter_9_plafond_verwarming_power_on_behavior_2,Power-on behavior,select,mqtt,73269d10795867a8b492959d0839b9fa,IKEA energy meter 9 Plafond verwarming,Slaapkamer R/R,device,config,"IKEA, Repeater, Sensor, Switch, Zigbee",5,False,,,
select.ikea_energy_meter_12_voetverwarmer_power_on_behavior_2,Power-on behavior,select,mqtt,ec43a84d21c945b9921a1ad1052bef90,IKEA energy meter 12 - Voetverwarmer,Zolder,device,config,"IKEA, Repeater, Sensor, Switch, Zigbee",5,False,,,
select.bedroom_ir_panel_thermostat_temperature_units_2,Temperature units,select,mqtt,4fe5da3d0b6a0ec9145a971d3f1c6e6d,Bedroom IR panel thermostat,Slaapkamer R/R,device,config,,0,True,no labels at all,,
sensor.gordijn_j_d_battery_2,Battery,sensor,mqtt,cc3d1aaec33b1f095e4ae3ebfa88fd9d,Gordijn J/D,Slaapkamer D/J,device,diagnostic,Sensor,1,False,"missing category: brand, protocol",,
sensor.gordijn_j_d_device_temperature_2,Temperature,sensor,mqtt,cc3d1aaec33b1f095e4ae3ebfa88fd9d,Gordijn J/D,Slaapkamer D/J,device,diagnostic,Sensor,1,False,"missing category: brand, protocol",,
sensor.gordijn_j_d_motor_state_2,Motor state,sensor,mqtt,cc3d1aaec33b1f095e4ae3ebfa88fd9d,Gordijn J/D,Slaapkamer D/J,device,,Sensor,1,False,"missing category: brand, protocol",,
sensor.rolluik_knop_j_d_battery_2,Battery,sensor,mqtt,cab145732fe2e0e51ca519890a7a134c,Rolluik knop J/D,Slaapkamer D/J,device,diagnostic,Sensor,1,False,"missing category: brand, protocol",,
sensor.lichtsensor_j_d_battery_2,Battery,sensor,mqtt,202373e9491d4aa24ca937cec240ad86,Lichtsensor J/D,Slaapkamer D/J,device,diagnostic,Sensor,1,False,"missing category: brand, protocol",,
sensor.darius_knop_battery_2,Battery,sensor,mqtt,92af3f56870153cbc2aa28a014c0b480,Darius knop,Slaapkamer D/J,device,diagnostic,Sensor,1,False,"missing category: brand, protocol",,
sensor.poort_bewegingssensor_battery_2,Battery,sensor,mqtt,1e623be1603b93cc8ad12ca7e9045481,Poort bewegingssensor,Achtertuin,device,diagnostic,"Sensor, Zigbee",2,False,missing category: brand,,
sensor.veranda_bewegingssensor_battery_2,Battery,sensor,mqtt,57ec426c1acd0ef4659e3dda21a0bf9e,Veranda bewegingssensor,Veranda,device,diagnostic,Sensor,1,False,"missing category: brand, protocol",,
sensor.rolien_knop_battery_2,Battery,sensor,mqtt,96439bdc7d74f5394f4eccb4c0b5ab06,Rolien knop,Slaapkamer R/R,device,diagnostic,Sensor,1,False,"missing category: brand, protocol",,
sensor.rolluik_knop_r_r_battery_2,Battery,sensor,mqtt,1349810e6ea19da11b77d2d28e827a59,Rolluik knop R/R,Slaapkamer R/R,device,diagnostic,Sensor,1,False,"missing category: brand, protocol",,
sensor.woonkamer_luchtsensor_temperature_2,Temperature,sensor,mqtt,0afb2a914a6722015c6280c9ddef3aca,Woonkamer luchtsensor,Woonkamer,device,,Sensor,1,False,"missing category: brand, protocol",,
sensor.woonkamer_luchtsensor_humidity_2,Humidity,sensor,mqtt,0afb2a914a6722015c6280c9ddef3aca,Woonkamer luchtsensor,Woonkamer,device,,Sensor,1,False,"missing category: brand, protocol",,
sensor.woonkamer_luchtsensor_pm25_2,PM2.5,sensor,mqtt,0afb2a914a6722015c6280c9ddef3aca,Woonkamer luchtsensor,Woonkamer,device,,Sensor,1,False,"missing category: brand, protocol",,
sensor.woonkamer_luchtsensor_voc_index_2,VOC index,sensor,mqtt,0afb2a914a6722015c6280c9ddef3aca,Woonkamer luchtsensor,Woonkamer,device,,Sensor,1,False,"missing category: brand, protocol",,
sensor.slaapkamer_raamsensor_j_d_battery_2,Battery,sensor,mqtt,2df51c1a0cfc17ab0543590e121ac568,Slaapkamer raamsensor J/D,Slaapkamer D/J,device,diagnostic,Sensor,1,False,"missing category: brand, protocol",,
sensor.slaapkamer_raamsensor_r_r_battery_2,Battery,sensor,mqtt,e01bdca3fa69a22843758d064b2fca4c,Slaapkamer raamsensor R/R,Slaapkamer R/R,device,diagnostic,Sensor,1,False,"missing category: brand, protocol",device,
sensor.rudi_knop_battery_2,Battery,sensor,mqtt,d22faeecf748a8e11ebc72e0730a9f0e,Rudi knop,Woonkamer,device,diagnostic,Sensor,1,False,"missing category: brand, protocol",,
sensor.slaapkamer_j_d_temp_battery_2,Battery,sensor,mqtt,27a3f1522489f64e08f86a3baede3af2,Slaapkamer j/d temp,Slaapkamer D/J,device,diagnostic,Sensor,1,False,"missing category: brand, protocol",,
sensor.slaapkamer_j_d_temp_temperature_2,Temperature,sensor,mqtt,27a3f1522489f64e08f86a3baede3af2,Slaapkamer j/d temp,Slaapkamer D/J,device,,Sensor,1,False,"missing category: brand, protocol",,
sensor.slaapkamer_j_d_temp_humidity_2,Humidity,sensor,mqtt,27a3f1522489f64e08f86a3baede3af2,Slaapkamer j/d temp,Slaapkamer D/J,device,,Sensor,1,False,"missing category: brand, protocol",,
sensor.slaapkamer_j_d_temp_pressure_2,Atmospheric pressure,sensor,mqtt,27a3f1522489f64e08f86a3baede3af2,Slaapkamer j/d temp,Slaapkamer D/J,device,,Sensor,1,False,"missing category: brand, protocol",,
sensor.ikea_parasol_2_battery_2,Battery,sensor,mqtt,172896146672ae8a8c01012ee4ba1efe,ikea parasol 2,Slaapkamer D/J,device,diagnostic,Sensor,1,False,"missing category: brand, protocol",,
sensor.ikea_parasol_2_voltage_2,Voltage,sensor,mqtt,172896146672ae8a8c01012ee4ba1efe,ikea parasol 2,Slaapkamer D/J,device,diagnostic,Sensor,1,False,"missing category: brand, protocol",,
sensor.rolien_bureau_t_h_battery_2,Battery,sensor,mqtt,b1a6113b89d11e54353b80dbf3015f35,Rolien bureau t/h,Slaapkamer R/R,device,diagnostic,Sensor,1,False,"missing category: brand, protocol",,
sensor.rolien_bureau_t_h_temperature_2,Temperature,sensor,mqtt,b1a6113b89d11e54353b80dbf3015f35,Rolien bureau t/h,Slaapkamer R/R,device,,Sensor,1,False,"missing category: brand, protocol",,
sensor.rolien_bureau_t_h_humidity_2,Humidity,sensor,mqtt,b1a6113b89d11e54353b80dbf3015f35,Rolien bureau t/h,Slaapkamer R/R,device,,Sensor,1,False,"missing category: brand, protocol",,
sensor.rolien_bureau_t_h_pressure_2,Atmospheric pressure,sensor,mqtt,b1a6113b89d11e54353b80dbf3015f35,Rolien bureau t/h,Slaapkamer R/R,device,,Sensor,1,False,"missing category: brand, protocol",,
sensor.zolder_t_h_battery_2,Battery,sensor,mqtt,40d24259d5bbb6ccf9424722be2e70b6,Zolder t/h,Zolder,device,diagnostic,Sensor,1,False,"missing category: brand, protocol",,
sensor.zolder_t_h_temperature_2,Temperature,sensor,mqtt,40d24259d5bbb6ccf9424722be2e70b6,Zolder t/h,Zolder,device,,Sensor,1,False,"missing category: brand, protocol",,
sensor.zolder_t_h_humidity_2,Humidity,sensor,mqtt,40d24259d5bbb6ccf9424722be2e70b6,Zolder t/h,Zolder,device,,Sensor,1,False,"missing category: brand, protocol",,
sensor.zolder_t_h_pressure_2,Atmospheric pressure,sensor,mqtt,40d24259d5bbb6ccf9424722be2e70b6,Zolder t/h,Zolder,device,,Sensor,1,False,"missing category: brand, protocol",,
sensor.ikea_energy_meter_2_server_power_2,Power,sensor,mqtt,8466c8b969c827dc22abaeecc2967e92,IKEA energy meter 2 - Server,Zolder,device,,"IKEA, Repeater, Sensor, Switch, Zigbee",5,False,,,
sensor.ikea_energy_meter_2_server_voltage_2,Voltage,sensor,mqtt,8466c8b969c827dc22abaeecc2967e92,IKEA energy meter 2 - Server,Zolder,device,diagnostic,"IKEA, Repeater, Sensor, Switch, Zigbee",5,False,,,
sensor.ikea_energy_meter_2_server_current_2,Current,sensor,mqtt,8466c8b969c827dc22abaeecc2967e92,IKEA energy meter 2 - Server,Zolder,device,,"IKEA, Repeater, Sensor, Switch, Zigbee",5,False,,,
sensor.ikea_energy_meter_2_server_energy_2,Energy,sensor,mqtt,8466c8b969c827dc22abaeecc2967e92,IKEA energy meter 2 - Server,Zolder,device,,"IKEA, Repeater, Sensor, Switch, Zigbee",5,False,,,
sensor.ikea_energy_meter_2_server_linkquality_2,Linkquality,sensor,mqtt,8466c8b969c827dc22abaeecc2967e92,IKEA energy meter 2 - Server,Zolder,device,diagnostic,,0,True,no labels at all,integration,
sensor.ikea_energy_meter_1_darius_power_2,Power,sensor,mqtt,e1b8cdac1e9971270ad11c1a5fab835,IKEA energy meter 1 - Darius,Slaapkamer D/J,device,,"IKEA, Repeater, Sensor, Switch, Zigbee",5,False,,,
sensor.ikea_energy_meter_1_darius_energy_2,Energy,sensor,mqtt,e1b8cdac1e9971270ad11c1a5fab835,IKEA energy meter 1 - Darius,Slaapkamer D/J,device,,"IKEA, Repeater, Sensor, Switch, Zigbee",5,False,,,
sensor.ikea_energy_meter_5_badkamer_verwarming_power_2,Power,sensor,mqtt,bf1d1779f7eda53eaa7959771b3cce23,IKEA energy meter 5 Badkamer verwarming,Badkamer,device,,"IKEA, Repeater, Sensor, Switch, Zigbee",5,False,,,
sensor.ikea_energy_meter_5_badkamer_verwarming_voltage_2,Voltage,sensor,mqtt,bf1d1779f7eda53eaa7959771b3cce23,IKEA energy meter 5 Badkamer verwarming,Badkamer,device,diagnostic,"IKEA, Repeater, Sensor, Switch, Zigbee",5,False,,,
sensor.ikea_energy_meter_5_badkamer_verwarming_current_2,Current,sensor,mqtt,bf1d1779f7eda53eaa7959771b3cce23,IKEA energy meter 5 Badkamer verwarming,Badkamer,device,,"IKEA, Repeater, Sensor, Switch, Zigbee",5,False,,,
sensor.ikea_energy_meter_5_badkamer_verwarming_energy_2,Energy,sensor,mqtt,bf1d1779f7eda53eaa7959771b3cce23,IKEA energy meter 5 Badkamer verwarming,Badkamer,device,,"IKEA, Repeater, Sensor, Switch, Zigbee",5,False,,,
sensor.ikea_energy_meter_5_badkamer_verwarming_linkquality_2,Linkquality,sensor,mqtt,bf1d1779f7eda53eaa7959771b3cce23,IKEA energy meter 5 Badkamer verwarming,Badkamer,device,diagnostic,"IKEA, Repeater, Sensor, Switch, Zigbee",5,False,,,
sensor.ikea_energy_meter_8_airfryer_power_2,Power,sensor,mqtt,feff230dd13f16505adc40aa0015486a,IKEA energy meter 8 Airfryer,Keuken,device,,"IKEA, Repeater, Sensor, Switch, Zigbee",5,False,,,
sensor.ikea_energy_meter_8_airfryer_voltage_2,Voltage,sensor,mqtt,feff230dd13f16505adc40aa0015486a,IKEA energy meter 8 Airfryer,Keuken,device,diagnostic,"IKEA, Repeater, Sensor, Switch, Zigbee",5,False,,,
sensor.ikea_energy_meter_8_airfryer_current_2,Current,sensor,mqtt,feff230dd13f16505adc40aa0015486a,IKEA energy meter 8 Airfryer,Keuken,device,,"IKEA, Repeater, Sensor, Switch, Zigbee",5,False,,,
sensor.ikea_energy_meter_8_airfryer_energy_2,Energy,sensor,mqtt,feff230dd13f16505adc40aa0015486a,IKEA energy meter 8 Airfryer,Keuken,device,,"IKEA, Repeater, Sensor, Switch, Zigbee",5,False,,,
sensor.ikea_energy_meter_7_miniboiler_power_2,Power,sensor,mqtt,2d49907e0b4c47657f27b0b3ac719ea0,IKEA energy meter 7 Miniboiler,Keuken,device,,"IKEA, Repeater, Sensor, Switch, Zigbee",5,False,,,
sensor.ikea_energy_meter_7_miniboiler_voltage_2,Voltage,sensor,mqtt,2d49907e0b4c47657f27b0b3ac719ea0,IKEA energy meter 7 Miniboiler,Keuken,device,diagnostic,"IKEA, Repeater, Sensor, Switch, Zigbee",5,False,,,
sensor.ikea_energy_meter_7_miniboiler_current_2,Current,sensor,mqtt,2d49907e0b4c47657f27b0b3ac719ea0,IKEA energy meter 7 Miniboiler,Keuken,device,,"IKEA, Repeater, Sensor, Switch, Zigbee",5,False,,,
sensor.ikea_energy_meter_7_miniboiler_energy_2,Energy,sensor,mqtt,2d49907e0b4c47657f27b0b3ac719ea0,IKEA energy meter 7 Miniboiler,Keuken,device,,"IKEA, Repeater, Sensor, Switch, Zigbee",5,False,,,
sensor.ikea_energy_meter_3_droger_power_2,Power,sensor,mqtt,0720393e8b4e1c3ebbfae83a247c5f96,IKEA energy meter 3 - Droger,Zolder,device,,"IKEA, Repeater, Sensor, Switch, Zigbee",5,False,,,
sensor.ikea_energy_meter_3_droger_voltage_2,Voltage,sensor,mqtt,0720393e8b4e1c3ebbfae83a247c5f96,IKEA energy meter 3 - Droger,Zolder,device,diagnostic,"IKEA, Repeater, Sensor, Switch, Zigbee",5,False,,,
sensor.ikea_energy_meter_3_droger_current_2,Current,sensor,mqtt,0720393e8b4e1c3ebbfae83a247c5f96,IKEA energy meter 3 - Droger,Zolder,device,,"IKEA, Repeater, Sensor, Switch, Zigbee",5,False,,,
sensor.ikea_energy_meter_3_droger_energy_2,Energy,sensor,mqtt,0720393e8b4e1c3ebbfae83a247c5f96,IKEA energy meter 3 - Droger,Zolder,device,,"IKEA, Repeater, Sensor, Switch, Zigbee",5,False,,,
sensor.ikea_energy_meter_4_wasmachine_power_2,Power,sensor,mqtt,d34d9367d55fa61018118b1f36f9cfca,IKEA energy meter 4 Wasmachine,Zolder,device,,"IKEA, Repeater, Sensor, Switch, Zigbee",5,False,,,
sensor.ikea_energy_meter_4_wasmachine_voltage_2,Voltage,sensor,mqtt,d34d9367d55fa61018118b1f36f9cfca,IKEA energy meter 4 Wasmachine,Zolder,device,diagnostic,"IKEA, Repeater, Sensor, Switch, Zigbee",5,False,,,
sensor.ikea_energy_meter_4_wasmachine_current_2,Current,sensor,mqtt,d34d9367d55fa61018118b1f36f9cfca,IKEA energy meter 4 Wasmachine,Zolder,device,,"IKEA, Repeater, Sensor, Switch, Zigbee",5,False,,,
sensor.ikea_energy_meter_4_wasmachine_energy_2,Energy,sensor,mqtt,d34d9367d55fa61018118b1f36f9cfca,IKEA energy meter 4 Wasmachine,Zolder,device,,"IKEA, Repeater, Sensor, Switch, Zigbee",5,False,,,
sensor.ikea_energy_meter_6_minikoelkast_power_2,Power,sensor,mqtt,08912e06ee6a9f724bc08a830122369c,IKEA energy meter 6 Minikoelkast,Keuken,device,,"IKEA, Repeater, Sensor, Switch, Zigbee",5,False,,,
sensor.ikea_energy_meter_6_minikoelkast_voltage_2,Voltage,sensor,mqtt,08912e06ee6a9f724bc08a830122369c,IKEA energy meter 6 Minikoelkast,Keuken,device,diagnostic,"IKEA, Repeater, Sensor, Switch, Zigbee",5,False,,,
sensor.ikea_energy_meter_6_minikoelkast_current_2,Current,sensor,mqtt,08912e06ee6a9f724bc08a830122369c,IKEA energy meter 6 Minikoelkast,Keuken,device,,"IKEA, Repeater, Sensor, Switch, Zigbee",5,False,,,
sensor.ikea_energy_meter_6_minikoelkast_energy_2,Energy,sensor,mqtt,08912e06ee6a9f724bc08a830122369c,IKEA energy meter 6 Minikoelkast,Keuken,device,,"IKEA, Repeater, Sensor, Switch, Zigbee",5,False,,,
sensor.floor_surface_thermostat_battery_2,Battery,sensor,mqtt,b9db7b75138fb7d7b5ed27b04fa3caaa,Floor surface thermostat,Woonkamer,device,diagnostic,Sensor,1,False,"missing category: brand, protocol",,
sensor.floor_surface_thermostat_temperature_2,Temperature,sensor,mqtt,b9db7b75138fb7d7b5ed27b04fa3caaa,Floor surface thermostat,Woonkamer,device,,Sensor,1,False,"missing category: brand, protocol",,
sensor.ikea_energy_meter_11_bureau_rolien_power_2,Power,sensor,mqtt,f19c694052521a4091395ab381778770,IKEA energy meter 11 Bureau Rolien,Slaapkamer R/R,device,,"IKEA, Repeater, Sensor, Switch, Zigbee",5,False,,,
sensor.ikea_energy_meter_11_bureau_rolien_voltage_2,Voltage,sensor,mqtt,f19c694052521a4091395ab381778770,IKEA energy meter 11 Bureau Rolien,Slaapkamer R/R,device,diagnostic,"IKEA, Repeater, Sensor, Switch, Zigbee",5,False,,,
sensor.ikea_energy_meter_11_bureau_rolien_current_2,Current,sensor,mqtt,f19c694052521a4091395ab381778770,IKEA energy meter 11 Bureau Rolien,Slaapkamer R/R,device,,"IKEA, Repeater, Sensor, Switch, Zigbee",5,False,,,
sensor.ikea_energy_meter_11_bureau_rolien_energy_2,Energy,sensor,mqtt,f19c694052521a4091395ab381778770,IKEA energy meter 11 Bureau Rolien,Slaapkamer R/R,device,,"IKEA, Repeater, Sensor, Switch, Zigbee",5,False,,,
sensor.ikea_energy_meter_9_plafond_verwarming_power_2,Power,sensor,mqtt,73269d10795867a8b492959d0839b9fa,IKEA energy meter 9 Plafond verwarming,Slaapkamer R/R,device,,"IKEA, Repeater, Sensor, Switch, Zigbee",5,False,,,
sensor.ikea_energy_meter_9_plafond_verwarming_voltage_2,Voltage,sensor,mqtt,73269d10795867a8b492959d0839b9fa,IKEA energy meter 9 Plafond verwarming,Slaapkamer R/R,device,diagnostic,"IKEA, Repeater, Sensor, Switch, Zigbee",5,False,,,
sensor.ikea_energy_meter_9_plafond_verwarming_current_2,Current,sensor,mqtt,73269d10795867a8b492959d0839b9fa,IKEA energy meter 9 Plafond verwarming,Slaapkamer R/R,device,,"IKEA, Repeater, Sensor, Switch, Zigbee",5,False,,,
sensor.ikea_energy_meter_9_plafond_verwarming_energy_2,Energy,sensor,mqtt,73269d10795867a8b492959d0839b9fa,IKEA energy meter 9 Plafond verwarming,Slaapkamer R/R,device,,"IKEA, Repeater, Sensor, Switch, Zigbee",5,False,,,
sensor.ikea_energy_meter_12_voetverwarmer_power_2,Power,sensor,mqtt,ec43a84d21c945b9921a1ad1052bef90,IKEA energy meter 12 - Voetverwarmer,Zolder,device,,"IKEA, Repeater, Sensor, Switch, Zigbee",5,False,,,
sensor.ikea_energy_meter_12_voetverwarmer_voltage_2,Voltage,sensor,mqtt,ec43a84d21c945b9921a1ad1052bef90,IKEA energy meter 12 - Voetverwarmer,Zolder,device,diagnostic,"IKEA, Repeater, Sensor, Switch, Zigbee",5,False,,,
sensor.ikea_energy_meter_12_voetverwarmer_current_2,Current,sensor,mqtt,ec43a84d21c945b9921a1ad1052bef90,IKEA energy meter 12 - Voetverwarmer,Zolder,device,,"IKEA, Repeater, Sensor, Switch, Zigbee",5,False,,,
sensor.ikea_energy_meter_12_voetverwarmer_energy_2,Energy,sensor,mqtt,ec43a84d21c945b9921a1ad1052bef90,IKEA energy meter 12 - Voetverwarmer,Zolder,device,,"IKEA, Repeater, Sensor, Switch, Zigbee",5,False,,,
sensor.knop_badkamer_ir_slaapkamer_battery_2,Battery,sensor,mqtt,9e0914f40e3e0c05867395d3289ccd21,Knop badkamer IR slaapkamer,Slaapkamer R/R,device,diagnostic,Sensor,1,False,"missing category: brand, protocol",,
sensor.bedroom_ir_panel_thermostat_battery_2,Battery,sensor,mqtt,4fe5da3d0b6a0ec9145a971d3f1c6e6d,Bedroom IR panel thermostat,Slaapkamer R/R,device,diagnostic,Sensor,1,False,"missing category: brand, protocol",,
sensor.bedroom_ir_panel_thermostat_temperature_2,Temperature,sensor,mqtt,4fe5da3d0b6a0ec9145a971d3f1c6e6d,Bedroom IR panel thermostat,Slaapkamer R/R,device,,Sensor,1,False,"missing category: brand, protocol",,
switch.deken_julius_2,,switch,mqtt,7624c6c55f5be1c922bc2235f4a08821,Deken Julius,Slaapkamer D/J,device,,,0,True,no labels at all,,
switch.ikea_energy_meter_2_server_2,,switch,mqtt,8466c8b969c827dc22abaeecc2967e92,IKEA energy meter 2 - Server,Zolder,device,,"IKEA, Repeater, Sensor, Switch, Zigbee",5,False,,,
switch.ikea_energy_meter_1_darius_2,,switch,mqtt,e1b8cdac1e9971270ad11c1a5fab835,IKEA energy meter 1 - Darius,Slaapkamer D/J,device,,"IKEA, Repeater, Sensor, Switch, Zigbee",5,False,,,
switch.ikea_energy_meter_5_badkamer_verwarming_2,,switch,mqtt,bf1d1779f7eda53eaa7959771b3cce23,IKEA energy meter 5 Badkamer verwarming,Badkamer,device,,"IKEA, Repeater, Sensor, Switch, Zigbee",5,False,,,
switch.ikea_energy_meter_8_airfryer_2,,switch,mqtt,feff230dd13f16505adc40aa0015486a,IKEA energy meter 8 Airfryer,Keuken,device,,"IKEA, Repeater, Sensor, Switch, Zigbee",5,False,,,
switch.ikea_energy_meter_7_miniboiler_2,,switch,mqtt,2d49907e0b4c47657f27b0b3ac719ea0,IKEA energy meter 7 Miniboiler,Keuken,device,,"IKEA, Repeater, Sensor, Switch, Zigbee",5,False,,,
switch.ikea_energy_meter_3_droger_2,,switch,mqtt,0720393e8b4e1c3ebbfae83a247c5f96,IKEA energy meter 3 - Droger,Zolder,device,,"IKEA, Repeater, Sensor, Switch, Zigbee",5,False,,,
switch.ikea_energy_meter_4_wasmachine_2,,switch,mqtt,d34d9367d55fa61018118b1f36f9cfca,IKEA energy meter 4 Wasmachine,Zolder,device,,"IKEA, Repeater, Sensor, Switch, Zigbee",5,False,,,
switch.ikea_energy_meter_6_minikoelkast_2,,switch,mqtt,08912e06ee6a9f724bc08a830122369c,IKEA energy meter 6 Minikoelkast,Keuken,device,,"IKEA, Repeater, Sensor, Switch, Zigbee",5,False,,,
switch.ikea_energy_meter_11_bureau_rolien_2,,switch,mqtt,f19c694052521a4091395ab381778770,IKEA energy meter 11 Bureau Rolien,Slaapkamer R/R,device,,"IKEA, Repeater, Sensor, Switch, Zigbee",5,False,,,
switch.ikea_energy_meter_9_plafond_verwarming_2,,switch,mqtt,73269d10795867a8b492959d0839b9fa,IKEA energy meter 9 Plafond verwarming,Slaapkamer R/R,device,,"IKEA, Repeater, Sensor, Switch, Zigbee",5,False,,,
switch.ikea_energy_meter_12_voetverwarmer_2,,switch,mqtt,ec43a84d21c945b9921a1ad1052bef90,IKEA energy meter 12 - Voetverwarmer,Zolder,device,,"IKEA, Repeater, Sensor, Switch, Zigbee",5,False,,,
update.gordijn_j_d_2,,update,mqtt,cc3d1aaec33b1f095e4ae3ebfa88fd9d,Gordijn J/D,Slaapkamer D/J,device,config,,0,True,no labels at all,,
update.repeater_schuur_2,,update,mqtt,bf401b29948cfe956b33949537038c7f,Repeater schuur,Achtertuin,device,config,,0,True,no labels at all,,
update.rolluik_knop_j_d_2,,update,mqtt,cab145732fe2e0e51ca519890a7a134c,Rolluik knop J/D,Slaapkamer D/J,device,config,,0,True,no labels at all,,
update.darius_knop_2,,update,mqtt,92af3f56870153cbc2aa28a014c0b480,Darius knop,Slaapkamer D/J,device,config,,0,True,no labels at all,,
update.poort_bewegingssensor_2,,update,mqtt,1e623be1603b93cc8ad12ca7e9045481,Poort bewegingssensor,Achtertuin,device,config,"Sensor, Zigbee",2,False,missing category: brand,,
update.veranda_bewegingssensor_2,,update,mqtt,57ec426c1acd0ef4659e3dda21a0bf9e,Veranda bewegingssensor,Veranda,device,config,Sensor,1,False,"missing category: brand, protocol",,
update.rolien_knop_2,,update,mqtt,96439bdc7d74f5394f4eccb4c0b5ab06,Rolien knop,Slaapkamer R/R,device,config,,0,True,no labels at all,,
update.rolluik_knop_r_r_2,,update,mqtt,1349810e6ea19da11b77d2d28e827a59,Rolluik knop R/R,Slaapkamer R/R,device,config,,0,True,no labels at all,,
update.woonkamer_luchtsensor_2,,update,mqtt,0afb2a914a6722015c6280c9ddef3aca,Woonkamer luchtsensor,Woonkamer,device,config,Sensor,1,False,"missing category: brand, protocol",,
update.rudi_knop_2,,update,mqtt,d22faeecf748a8e11ebc72e0730a9f0e,Rudi knop,Woonkamer,device,config,,0,True,no labels at all,,
update.repeater_zolder_2,,update,mqtt,4cb78d3d06048d2097d7b0f9bc4078e2,Repeater zolder,Zolder,device,config,,0,True,no labels at all,,
update.deken_julius_2,,update,mqtt,7624c6c55f5be1c922bc2235f4a08821,Deken Julius,Slaapkamer D/J,device,config,,0,True,no labels at all,,
update.ikea_parasol_2_2,,update,mqtt,172896146672ae8a8c01012ee4ba1efe,ikea parasol 2,Slaapkamer D/J,device,config,,0,True,no labels at all,,
update.ikea_energy_meter_2_server_2,,update,mqtt,8466c8b969c827dc22abaeecc2967e92,IKEA energy meter 2 - Server,Zolder,device,config,"IKEA, Repeater, Sensor, Switch, Zigbee",5,False,,,
update.ikea_energy_meter_1_darius_2,,update,mqtt,e1b8cdac1e9971270ad11c1a5fab835,IKEA energy meter 1 - Darius,Slaapkamer D/J,device,config,"IKEA, Repeater, Sensor, Switch, Zigbee",5,False,,,
update.ikea_energy_meter_5_badkamer_verwarming_2,,update,mqtt,bf1d1779f7eda53eaa7959771b3cce23,IKEA energy meter 5 Badkamer verwarming,Badkamer,device,config,"IKEA, Repeater, Sensor, Switch, Zigbee",5,False,,,
update.ikea_energy_meter_8_airfryer_2,,update,mqtt,feff230dd13f16505adc40aa0015486a,IKEA energy meter 8 Airfryer,Keuken,device,config,"IKEA, Repeater, Sensor, Switch, Zigbee",5,False,,,
update.ikea_energy_meter_7_miniboiler_2,,update,mqtt,2d49907e0b4c47657f27b0b3ac719ea0,IKEA energy meter 7 Miniboiler,Keuken,device,config,"IKEA, Repeater, Sensor, Switch, Zigbee",5,False,,,
update.ikea_energy_meter_3_droger_2,,update,mqtt,0720393e8b4e1c3ebbfae83a247c5f96,IKEA energy meter 3 - Droger,Zolder,device,config,"IKEA, Repeater, Sensor, Switch, Zigbee",5,False,,,
update.ikea_energy_meter_4_wasmachine_2,,update,mqtt,d34d9367d55fa61018118b1f36f9cfca,IKEA energy meter 4 Wasmachine,Zolder,device,config,"IKEA, Repeater, Sensor, Switch, Zigbee",5,False,,,
update.ikea_energy_meter_6_minikoelkast_2,,update,mqtt,08912e06ee6a9f724bc08a830122369c,IKEA energy meter 6 Minikoelkast,Keuken,device,config,"IKEA, Repeater, Sensor, Switch, Zigbee",5,False,,,
update.ikea_energy_meter_11_bureau_rolien_2,,update,mqtt,f19c694052521a4091395ab381778770,IKEA energy meter 11 Bureau Rolien,Slaapkamer R/R,device,config,"IKEA, Repeater, Sensor, Switch, Zigbee",5,False,,,
update.ikea_energy_meter_9_plafond_verwarming_2,,update,mqtt,73269d10795867a8b492959d0839b9fa,IKEA energy meter 9 Plafond verwarming,Slaapkamer R/R,device,config,"IKEA, Repeater, Sensor, Switch, Zigbee",5,False,,,
update.ikea_energy_meter_12_voetverwarmer_2,,update,mqtt,ec43a84d21c945b9921a1ad1052bef90,IKEA energy meter 12 - Voetverwarmer,Zolder,device,config,"IKEA, Repeater, Sensor, Switch, Zigbee",5,False,,,
update.knop_badkamer_ir_slaapkamer_2,,update,mqtt,9e0914f40e3e0c05867395d3289ccd21,Knop badkamer IR slaapkamer,Slaapkamer R/R,device,config,,0,True,no labels at all,,
button.tv_knop_identify_2,Identify,button,mqtt,b6c4f46ebbab1bae7ef684418fd4c2a7,TV knop,Woonkamer,device,config,,0,True,no labels at all,,
sensor.tv_knop_battery_2,Battery,sensor,mqtt,b6c4f46ebbab1bae7ef684418fd4c2a7,TV knop,Woonkamer,device,diagnostic,Sensor,1,False,"missing category: brand, protocol",,
update.tv_knop_2,,update,mqtt,b6c4f46ebbab1bae7ef684418fd4c2a7,TV knop,Woonkamer,device,config,,0,True,no labels at all,,
sensor.0x5cc7c1fffea4fc26_linkquality,Linkquality,sensor,mqtt,86380d70bdd694ded30ee75932b40c3a,Keuken - aanrechtlicht,,,diagnostic,,0,True,no labels at all,integration,
switch.ikea_energy_meter_13_waterleiding,,switch,mqtt,320c49f1fe44436cf8a096362d867f56,IKEA energy meter 13 Waterleiding,Meterkast,device,,"IKEA, Repeater, Sensor, Switch, Zigbee",5,False,,,
select.ikea_energy_meter_13_waterleiding_power_on_behavior,Power-on behavior,select,mqtt,320c49f1fe44436cf8a096362d867f56,IKEA energy meter 13 Waterleiding,Meterkast,device,config,"IKEA, Repeater, Sensor, Switch, Zigbee",5,False,,,
button.ikea_energy_meter_13_waterleiding_identify,Identify,button,mqtt,320c49f1fe44436cf8a096362d867f56,IKEA energy meter 13 Waterleiding,Meterkast,device,config,"IKEA, Repeater, Sensor, Switch, Zigbee",5,False,,,
sensor.ikea_energy_meter_13_waterleiding_power,Power,sensor,mqtt,320c49f1fe44436cf8a096362d867f56,IKEA energy meter 13 Waterleiding,Meterkast,device,,"IKEA, Repeater, Sensor, Switch, Zigbee",5,False,,,
sensor.ikea_energy_meter_13_waterleiding_voltage,Voltage,sensor,mqtt,320c49f1fe44436cf8a096362d867f56,IKEA energy meter 13 Waterleiding,Meterkast,device,diagnostic,"IKEA, Repeater, Sensor, Switch, Zigbee",5,False,,,
sensor.ikea_energy_meter_13_waterleiding_current,Current,sensor,mqtt,320c49f1fe44436cf8a096362d867f56,IKEA energy meter 13 Waterleiding,Meterkast,device,,"IKEA, Repeater, Sensor, Switch, Zigbee",5,False,,,
sensor.ikea_energy_meter_13_waterleiding_energy,Energy,sensor,mqtt,320c49f1fe44436cf8a096362d867f56,IKEA energy meter 13 Waterleiding,Meterkast,device,,"IKEA, Repeater, Sensor, Switch, Zigbee",5,False,,,
sensor.0x180df9fffe0bf38a_linkquality,Linkquality,sensor,mqtt,320c49f1fe44436cf8a096362d867f56,IKEA energy meter 13 Waterleiding,Meterkast,device,diagnostic,,0,True,no labels at all,integration,
update.ikea_energy_meter_13_waterleiding,,update,mqtt,320c49f1fe44436cf8a096362d867f56,IKEA energy meter 13 Waterleiding,Meterkast,device,config,"IKEA, Repeater, Sensor, Switch, Zigbee",5,False,,,
switch.ikea_energy_meter_13_waterleiding_inv,(INV),switch,spook_inverse,320c49f1fe44436cf8a096362d867f56,IKEA energy meter 13 Waterleiding,Meterkast,device,,"Digital only, Helper, IKEA, Repeater, Sensor, Switch, Zigbee",7,False,,,
switch.gordijn_j_d_reverse_direction,Reverse direction,switch,mqtt,cc3d1aaec33b1f095e4ae3ebfa88fd9d,Gordijn J/D,Slaapkamer D/J,device,,,0,True,no labels at all,,
switch.ikea_energy_meter_2_server_child_lock,Child lock,switch,mqtt,8466c8b969c827dc22abaeecc2967e92,IKEA energy meter 2 - Server,Zolder,device,config,"IKEA, Repeater, Sensor, Switch, Zigbee",5,False,,,
switch.ikea_energy_meter_2_server_led_enable,Led enable,switch,mqtt,8466c8b969c827dc22abaeecc2967e92,IKEA energy meter 2 - Server,Zolder,device,config,"IKEA, Repeater, Sensor, Switch, Zigbee",5,False,,,
switch.ikea_energy_meter_1_darius_child_lock,Child lock,switch,mqtt,e1b8cdac1e9971270ad11c1a5fab835,IKEA energy meter 1 - Darius,Slaapkamer D/J,device,config,"IKEA, Repeater, Sensor, Switch, Zigbee",5,False,,,
switch.ikea_energy_meter_1_darius_led_enable,Led enable,switch,mqtt,e1b8cdac1e9971270ad11c1a5fab835,IKEA energy meter 1 - Darius,Slaapkamer D/J,device,config,"IKEA, Repeater, Sensor, Switch, Zigbee",5,False,,,
switch.ikea_energy_meter_5_badkamer_verwarming_child_lock,Child lock,switch,mqtt,bf1d1779f7eda53eaa7959771b3cce23,IKEA energy meter 5 Badkamer verwarming,Badkamer,device,config,"IKEA, Repeater, Sensor, Switch, Zigbee",5,False,,,
switch.ikea_energy_meter_5_badkamer_verwarming_led_enable,Led enable,switch,mqtt,bf1d1779f7eda53eaa7959771b3cce23,IKEA energy meter 5 Badkamer verwarming,Badkamer,device,config,"IKEA, Repeater, Sensor, Switch, Zigbee",5,False,,,
switch.ikea_energy_meter_8_airfryer_child_lock,Child lock,switch,mqtt,feff230dd13f16505adc40aa0015486a,IKEA energy meter 8 Airfryer,Keuken,device,config,"IKEA, Repeater, Sensor, Switch, Zigbee",5,False,,,
switch.ikea_energy_meter_8_airfryer_led_enable,Led enable,switch,mqtt,feff230dd13f16505adc40aa0015486a,IKEA energy meter 8 Airfryer,Keuken,device,config,"IKEA, Repeater, Sensor, Switch, Zigbee",5,False,,,
switch.ikea_energy_meter_7_miniboiler_child_lock,Child lock,switch,mqtt,2d49907e0b4c47657f27b0b3ac719ea0,IKEA energy meter 7 Miniboiler,Keuken,device,config,"IKEA, Repeater, Sensor, Switch, Zigbee",5,False,,,
switch.ikea_energy_meter_7_miniboiler_led_enable,Led enable,switch,mqtt,2d49907e0b4c47657f27b0b3ac719ea0,IKEA energy meter 7 Miniboiler,Keuken,device,config,"IKEA, Repeater, Sensor, Switch, Zigbee",5,False,,,
switch.ikea_energy_meter_3_droger_child_lock,Child lock,switch,mqtt,0720393e8b4e1c3ebbfae83a247c5f96,IKEA energy meter 3 - Droger,Zolder,device,config,"IKEA, Repeater, Sensor, Switch, Zigbee",5,False,,,
switch.ikea_energy_meter_3_droger_led_enable,Led enable,switch,mqtt,0720393e8b4e1c3ebbfae83a247c5f96,IKEA energy meter 3 - Droger,Zolder,device,config,"IKEA, Repeater, Sensor, Switch, Zigbee",5,False,,,
switch.ikea_energy_meter_4_wasmachine_child_lock,Child lock,switch,mqtt,d34d9367d55fa61018118b1f36f9cfca,IKEA energy meter 4 Wasmachine,Zolder,device,config,"IKEA, Repeater, Sensor, Switch, Zigbee",5,False,,,
switch.ikea_energy_meter_4_wasmachine_led_enable,Led enable,switch,mqtt,d34d9367d55fa61018118b1f36f9cfca,IKEA energy meter 4 Wasmachine,Zolder,device,config,"IKEA, Repeater, Sensor, Switch, Zigbee",5,False,,,
switch.ikea_energy_meter_6_minikoelkast_child_lock,Child lock,switch,mqtt,08912e06ee6a9f724bc08a830122369c,IKEA energy meter 6 Minikoelkast,Keuken,device,config,"IKEA, Repeater, Sensor, Switch, Zigbee",5,False,,,
switch.ikea_energy_meter_6_minikoelkast_led_enable,Led enable,switch,mqtt,08912e06ee6a9f724bc08a830122369c,IKEA energy meter 6 Minikoelkast,Keuken,device,config,"IKEA, Repeater, Sensor, Switch, Zigbee",5,False,,,
switch.ikea_energy_meter_11_bureau_rolien_child_lock,Child lock,switch,mqtt,f19c694052521a4091395ab381778770,IKEA energy meter 11 Bureau Rolien,Slaapkamer R/R,device,config,"IKEA, Repeater, Sensor, Switch, Zigbee",5,False,,,
switch.ikea_energy_meter_11_bureau_rolien_led_enable,Led enable,switch,mqtt,f19c694052521a4091395ab381778770,IKEA energy meter 11 Bureau Rolien,Slaapkamer R/R,device,config,"IKEA, Repeater, Sensor, Switch, Zigbee",5,False,,,
switch.ikea_energy_meter_9_plafond_verwarming_child_lock,Child lock,switch,mqtt,73269d10795867a8b492959d0839b9fa,IKEA energy meter 9 Plafond verwarming,Slaapkamer R/R,device,config,"IKEA, Repeater, Sensor, Switch, Zigbee",5,False,,,
switch.ikea_energy_meter_9_plafond_verwarming_led_enable,Led enable,switch,mqtt,73269d10795867a8b492959d0839b9fa,IKEA energy meter 9 Plafond verwarming,Slaapkamer R/R,device,config,"IKEA, Repeater, Sensor, Switch, Zigbee",5,False,,,
switch.ikea_energy_meter_12_voetverwarmer_child_lock,Child lock,switch,mqtt,ec43a84d21c945b9921a1ad1052bef90,IKEA energy meter 12 - Voetverwarmer,Zolder,device,config,"IKEA, Repeater, Sensor, Switch, Zigbee",5,False,,,
switch.ikea_energy_meter_12_voetverwarmer_led_enable,Led enable,switch,mqtt,ec43a84d21c945b9921a1ad1052bef90,IKEA energy meter 12 - Voetverwarmer,Zolder,device,config,"IKEA, Repeater, Sensor, Switch, Zigbee",5,False,,,
switch.ikea_energy_meter_13_waterleiding_child_lock,Child lock,switch,mqtt,320c49f1fe44436cf8a096362d867f56,IKEA energy meter 13 Waterleiding,Meterkast,device,config,"IKEA, Repeater, Sensor, Switch, Zigbee",5,False,,,
switch.ikea_energy_meter_13_waterleiding_led_enable,Led enable,switch,mqtt,320c49f1fe44436cf8a096362d867f56,IKEA energy meter 13 Waterleiding,Meterkast,device,config,"IKEA, Repeater, Sensor, Switch, Zigbee",5,False,,,
binary_sensor.achterdeur_magneetsensor_battery_low,Battery,binary_sensor,mqtt,1cb2017be7d8e8c898c756e4e6879cbf,Achterdeur magneetsensor,Woonkamer,device,diagnostic,Sensor,1,False,"missing category: brand, protocol",,
sensor.achterdeur_magneetsensor_battery,Battery,sensor,mqtt,1cb2017be7d8e8c898c756e4e6879cbf,Achterdeur magneetsensor,Woonkamer,device,diagnostic,Sensor,1,False,"missing category: brand, protocol",,
binary_sensor.achterdeur_magneetsensor_contact,Door,binary_sensor,mqtt,1cb2017be7d8e8c898c756e4e6879cbf,Achterdeur magneetsensor,Woonkamer,device,,Sensor,1,False,"missing category: brand, protocol",,
sensor.achterdeur_magneetsensor_linkquality_2,Linkquality,sensor,mqtt,1cb2017be7d8e8c898c756e4e6879cbf,Achterdeur magneetsensor,Woonkamer,device,diagnostic,,0,True,no labels at all,user,
binary_sensor.achterdeur_magneetsensor_tamper,Tamper,binary_sensor,mqtt,1cb2017be7d8e8c898c756e4e6879cbf,Achterdeur magneetsensor,Woonkamer,device,,Sensor,1,False,"missing category: brand, protocol",,
binary_sensor.tumble_dryer_door,Door,binary_sensor,miele,7f8b309e1e9d9f73e7030311d3d0c5a2,Tumble dryer,Zolder,device,,Sensor,1,False,"missing category: brand, protocol",,
binary_sensor.tumble_dryer_notification_active,Notification active,binary_sensor,miele,7f8b309e1e9d9f73e7030311d3d0c5a2,Tumble dryer,Zolder,device,diagnostic,Sensor,1,False,"missing category: brand, protocol",,
binary_sensor.tumble_dryer_problem,Problem,binary_sensor,miele,7f8b309e1e9d9f73e7030311d3d0c5a2,Tumble dryer,Zolder,device,diagnostic,Sensor,1,False,"missing category: brand, protocol",,
binary_sensor.tumble_dryer_remote_control,Remote control,binary_sensor,miele,7f8b309e1e9d9f73e7030311d3d0c5a2,Tumble dryer,Zolder,device,diagnostic,Sensor,1,False,"missing category: brand, protocol",,
binary_sensor.tumble_dryer_smart_grid,Smart grid,binary_sensor,miele,7f8b309e1e9d9f73e7030311d3d0c5a2,Tumble dryer,Zolder,device,diagnostic,Sensor,1,False,"missing category: brand, protocol",,
binary_sensor.tumble_dryer_mobile_start,Mobile start,binary_sensor,miele,7f8b309e1e9d9f73e7030311d3d0c5a2,Tumble dryer,Zolder,device,diagnostic,Sensor,1,False,"missing category: brand, protocol",,
button.tumble_dryer_start,Start,button,miele,7f8b309e1e9d9f73e7030311d3d0c5a2,Tumble dryer,Zolder,device,,,0,True,no labels at all,integration,
button.tumble_dryer_stop,Stop,button,miele,7f8b309e1e9d9f73e7030311d3d0c5a2,Tumble dryer,Zolder,device,,,0,True,no labels at all,integration,
button.tumble_dryer_pause,Pause,button,miele,7f8b309e1e9d9f73e7030311d3d0c5a2,Tumble dryer,Zolder,device,,,0,True,no labels at all,integration,
sensor.tumble_dryer,,sensor,miele,7f8b309e1e9d9f73e7030311d3d0c5a2,Tumble dryer,Zolder,device,,Sensor,1,False,"missing category: brand, protocol",,
sensor.tumble_dryer_program,Program,sensor,miele,7f8b309e1e9d9f73e7030311d3d0c5a2,Tumble dryer,Zolder,device,,Sensor,1,False,"missing category: brand, protocol",,
sensor.tumble_dryer_program_phase,Program phase,sensor,miele,7f8b309e1e9d9f73e7030311d3d0c5a2,Tumble dryer,Zolder,device,,Sensor,1,False,"missing category: brand, protocol",,
sensor.tumble_dryer_program_type,Program type,sensor,miele,7f8b309e1e9d9f73e7030311d3d0c5a2,Tumble dryer,Zolder,device,diagnostic,Sensor,1,False,"missing category: brand, protocol",,
sensor.tumble_dryer_energy_consumption,Energy consumption,sensor,miele,7f8b309e1e9d9f73e7030311d3d0c5a2,Tumble dryer,Zolder,device,diagnostic,Sensor,1,False,"missing category: brand, protocol",,
sensor.tumble_dryer_energy_forecast,Energy forecast,sensor,miele,7f8b309e1e9d9f73e7030311d3d0c5a2,Tumble dryer,Zolder,device,diagnostic,Sensor,1,False,"missing category: brand, protocol",,
sensor.tumble_dryer_remaining_time,Remaining time,sensor,miele,7f8b309e1e9d9f73e7030311d3d0c5a2,Tumble dryer,Zolder,device,diagnostic,Sensor,1,False,"missing category: brand, protocol",,
sensor.tumble_dryer_elapsed_time,Elapsed time,sensor,miele,7f8b309e1e9d9f73e7030311d3d0c5a2,Tumble dryer,Zolder,device,diagnostic,Sensor,1,False,"missing category: brand, protocol",,
sensor.tumble_dryer_start_in,Start in,sensor,miele,7f8b309e1e9d9f73e7030311d3d0c5a2,Tumble dryer,Zolder,device,diagnostic,Sensor,1,False,"missing category: brand, protocol",,
sensor.tumble_dryer_drying_step,Drying step,sensor,miele,7f8b309e1e9d9f73e7030311d3d0c5a2,Tumble dryer,Zolder,device,diagnostic,Sensor,1,False,"missing category: brand, protocol",,
switch.tumble_dryer_power,Power,switch,miele,7f8b309e1e9d9f73e7030311d3d0c5a2,Tumble dryer,Zolder,device,,,0,True,no labels at all,,
binary_sensor.omv_backup_connected,Connected,binary_sensor,hassio,10b88464310a7fd866fec01fe99d7626,OMV_backup,Digital only,device,,,0,True,no labels at all,integration,
binary_sensor.system_monitor_charging,Charging,binary_sensor,systemmonitor,d6007fdcd8736cf4b645d8d4d99ee1b8,System Monitor,Digital only,device,diagnostic,,0,True,no labels at all,integration,
sensor.system_monitor_battery,Battery,sensor,systemmonitor,d6007fdcd8736cf4b645d8d4d99ee1b8,System Monitor,Digital only,device,diagnostic,,0,True,no labels at all,integration,
sensor.system_monitor_battery_empty,Battery empty,sensor,systemmonitor,d6007fdcd8736cf4b645d8d4d99ee1b8,System Monitor,Digital only,device,diagnostic,,0,True,no labels at all,integration,
sensor.tumble_dryer_finish,Finish,sensor,miele,7f8b309e1e9d9f73e7030311d3d0c5a2,Tumble dryer,Zolder,device,diagnostic,Sensor,1,False,"missing category: brand, protocol",,
sensor.tumble_dryer_start,Start,sensor,miele,7f8b309e1e9d9f73e7030311d3d0c5a2,Tumble dryer,Zolder,device,diagnostic,Sensor,1,False,"missing category: brand, protocol",,
binary_sensor.ikea_raamsensor_j_d_contact,Door,binary_sensor,mqtt,24cc02811e651aa5dbaf06e13b6f376e,Ikea raamsensor J/D,Slaapkamer D/J,device,,,0,True,no labels at all,,
button.ikea_raamsensor_j_d_identify,Identify,button,mqtt,24cc02811e651aa5dbaf06e13b6f376e,Ikea raamsensor J/D,Slaapkamer D/J,device,config,,0,True,no labels at all,,
sensor.ikea_raamsensor_j_d_battery,Battery,sensor,mqtt,24cc02811e651aa5dbaf06e13b6f376e,Ikea raamsensor J/D,Slaapkamer D/J,device,diagnostic,Sensor,1,False,"missing category: brand, protocol",,
sensor.ikea_raamsensor_j_d_voltage,Voltage,sensor,mqtt,24cc02811e651aa5dbaf06e13b6f376e,Ikea raamsensor J/D,Slaapkamer D/J,device,diagnostic,Sensor,1,False,"missing category: brand, protocol",,
sensor.ikea_parasol_1_linkquality_2,Linkquality,sensor,mqtt,24cc02811e651aa5dbaf06e13b6f376e,Ikea raamsensor J/D,Slaapkamer D/J,device,diagnostic,,0,True,no labels at all,integration,
update.ikea_raamsensor_j_d,,update,mqtt,24cc02811e651aa5dbaf06e13b6f376e,Ikea raamsensor J/D,Slaapkamer D/J,device,config,Sensor,1,False,"missing category: brand, protocol",,
sensor.zolder_climatecontrol_heating_monthly_electrical_consumption,Heating monthly electrical consumption,sensor,daikin_onecta,4371a95c3dcc610faf921359a576e33a,Zolder ClimateControl,Digital only,device,,Sensor,1,False,"missing category: brand, protocol",,
sensor.zolder_climatecontrol_cooling_monthly_electrical_consumption,Cooling monthly electrical consumption,sensor,daikin_onecta,4371a95c3dcc610faf921359a576e33a,Zolder ClimateControl,Digital only,device,,Sensor,1,False,"missing category: brand, protocol",,
sensor.huiskamer_climatecontrol_heating_monthly_electrical_consumption,Heating monthly electrical consumption,sensor,daikin_onecta,c6e7ff05d603c4f6b5910ba34a27d47f,Huiskamer ClimateControl,Digital only,device,,Sensor,1,False,"missing category: brand, protocol",,
sensor.huiskamer_climatecontrol_cooling_monthly_electrical_consumption,Cooling monthly electrical consumption,sensor,daikin_onecta,c6e7ff05d603c4f6b5910ba34a27d47f,Huiskamer ClimateControl,Digital only,device,,Sensor,1,False,"missing category: brand, protocol",,
update.button_card_update,Update,update,hacs,6c8bf0e34296a2caa85784baaa4a2955,button-card,Digital only,device,config,,0,True,no labels at all,,
switch.button_card_pre_release,Pre-release,switch,hacs,6c8bf0e34296a2caa85784baaa4a2955,button-card,Digital only,device,diagnostic,,0,True,no labels at all,integration,
binary_sensor.ev3_locked,Locked,binary_sensor,kia_uvo,a6208ccc2c783ccb8c28649eb60df6b6,EV3,Digital only,device,diagnostic,"Sensor, WiFi, haghs_ignore",3,False,missing category: brand,,
number.sonoff_zbdongle_p_router_transmit_power,Transmit power,number,mqtt,60a0d48de159372bcdd2728bb8f3cf3b,Sonoff ZBdongle-P router,Slaapkamer R/R,device,,,0,True,no labels at all,,
sensor.0x00124b0024c9aef3_linkquality,Linkquality,sensor,mqtt,60a0d48de159372bcdd2728bb8f3cf3b,Sonoff ZBdongle-P router,Slaapkamer R/R,device,diagnostic,,0,True,no labels at all,integration,
update.auto_entities_update,Update,update,hacs,6990f92febdc46c1cc07c95d6f492a5e,auto-entities,Digital only,device,config,,0,True,no labels at all,,
switch.auto_entities_pre_release,Pre-release,switch,hacs,6990f92febdc46c1cc07c95d6f492a5e,auto-entities,Digital only,device,diagnostic,,0,True,no labels at all,integration,
script.wol_julius,WOL Julius,script,script,,,Digital only,entity,,"Digital only, Script",2,False,"missing category: brand, protocol; uncategorized label(s): Script",,
sensor.uptime,,sensor,uptime,0ccc1bb75942979c3d66eb28db23b8cc,Uptime,Digital only,device,,,0,True,no labels at all,,
sensor.energy_socket_julius_production_power,Production power,sensor,homewizard,8bce628eaed27821580afa641892415f,Energy Socket Julius,Zolder,device,,,0,True,no labels at all,integration,
sensor.energy_socket_vaatwasser_production_power,Production power,sensor,homewizard,08eb885d40265dd7d7a5e520b75ccac9,Energy Socket Vaatwasser,Keuken,device,,,0,True,no labels at all,integration,
sensor.energy_socket_rudi_production_power,Production power,sensor,homewizard,54c64bbf242e59e680b1c9f24fc91790,Energy Socket Rudi,Woonkamer,device,,,0,True,no labels at all,integration,
select.energy_kwh_meter_kleinfloor_battery_group_mode,Battery group charging strategy,select,homewizard,055b4361a9023ba300937a988769e38f,Energy kWh meter KleinFloor,Meterkast,device,config,,0,True,no labels at all,integration,
sensor.energy_kwh_meter_kleinfloor_production_power,Production power,sensor,homewizard,055b4361a9023ba300937a988769e38f,Energy kWh meter KleinFloor,Meterkast,device,,,0,True,no labels at all,,
select.energy_kwh_meter_fornuis_battery_group_mode,Battery group charging strategy,select,homewizard,b385870eef61913686305f8ddc730ab9,Energy kWh meter Fornuis,Meterkast,device,config,,0,True,no labels at all,integration,
sensor.energy_kwh_meter_fornuis_production_power,Production power,sensor,homewizard,b385870eef61913686305f8ddc730ab9,Energy kWh meter Fornuis,Meterkast,device,,,0,True,no labels at all,integration,
select.energy_kwh_meter_charger_battery_group_mode,Battery group charging strategy,select,homewizard,20a3156486ce43614bec5f83d06a87f7,Energy kWh Meter Charger,Meterkast,device,config,,0,True,no labels at all,integration,
sensor.energy_kwh_meter_charger_production_power,Production power,sensor,homewizard,20a3156486ce43614bec5f83d06a87f7,Energy kWh Meter Charger,Meterkast,device,,,0,True,no labels at all,integration,
select.energy_kwh_meter_kleinshed_battery_group_mode,Battery group charging strategy,select,homewizard,d659183a0ba205bcf7534bcbbffc4d4f,Energy kWh meter KleinShed,Meterkast,device,config,,0,True,no labels at all,integration,
sensor.energy_kwh_meter_kleinshed_production_power,Production power,sensor,homewizard,d659183a0ba205bcf7534bcbbffc4d4f,Energy kWh meter KleinShed,Meterkast,device,,,0,True,no labels at all,,
select.energy_kwh_meter_airco_battery_group_mode,Battery group charging strategy,select,homewizard,9d1c1a41336a2c11b4fbc6fcb70d9dc8,Energy kWh meter Airco,Meterkast,device,config,,0,True,no labels at all,integration,
sensor.energy_kwh_meter_airco_production_power,Production power,sensor,homewizard,9d1c1a41336a2c11b4fbc6fcb70d9dc8,Energy kWh meter Airco,Meterkast,device,,,0,True,no labels at all,integration,
select.energy_kwh_meter_kleinboil_battery_group_mode,Battery group charging strategy,select,homewizard,df50cbd084fb122fd8ff1ef0439bbaf1,Energy kWh meter KleinBoil,Zolder,device,config,,0,True,no labels at all,integration,
sensor.energy_kwh_meter_kleinboil_production_power,Production power,sensor,homewizard,df50cbd084fb122fd8ff1ef0439bbaf1,Energy kWh meter KleinBoil,Zolder,device,,,0,True,no labels at all,integration,
select.p1_meter_battery_group_mode,Battery group charging strategy,select,homewizard,3388eb1f4a3c311e039a5cf21b2acb84,P1 meter,Meterkast,device,config,,0,True,no labels at all,integration,
number.everything_presence_lite_20b1c8_installation_angle,Installation Angle,number,esphome,4c6b08aaed0263fc350ca82c71c0dc61,EPL Living room,Woonkamer,device,config,,0,True,no labels at all,,
number.everything_presence_lite_20b1c8_exit_threshold_pct,Exit Threshold Pct,number,esphome,4c6b08aaed0263fc350ca82c71c0dc61,EPL Living room,Woonkamer,device,config,,0,True,no labels at all,,
number.everything_presence_lite_20b1c8_assume_present_timeout,Assume Present Timeout,number,esphome,4c6b08aaed0263fc350ca82c71c0dc61,EPL Living room,Woonkamer,device,config,,0,True,no labels at all,,
number.everything_presence_lite_20b1c8_entry_zone_1_begin_x,Entry Zone 1 Begin X,number,esphome,4c6b08aaed0263fc350ca82c71c0dc61,EPL Living room,Woonkamer,device,config,,0,True,no labels at all,,
number.everything_presence_lite_20b1c8_entry_zone_1_end_x,Entry Zone 1 End X,number,esphome,4c6b08aaed0263fc350ca82c71c0dc61,EPL Living room,Woonkamer,device,config,,0,True,no labels at all,,
number.everything_presence_lite_20b1c8_entry_zone_1_begin_y,Entry Zone 1 Begin Y,number,esphome,4c6b08aaed0263fc350ca82c71c0dc61,EPL Living room,Woonkamer,device,config,,0,True,no labels at all,,
number.everything_presence_lite_20b1c8_entry_zone_1_end_y,Entry Zone 1 End Y,number,esphome,4c6b08aaed0263fc350ca82c71c0dc61,EPL Living room,Woonkamer,device,config,,0,True,no labels at all,,
number.everything_presence_lite_20b1c8_entry_zone_2_begin_x,Entry Zone 2 Begin X,number,esphome,4c6b08aaed0263fc350ca82c71c0dc61,EPL Living room,Woonkamer,device,config,,0,True,no labels at all,integration,
number.everything_presence_lite_20b1c8_entry_zone_2_end_x,Entry Zone 2 End X,number,esphome,4c6b08aaed0263fc350ca82c71c0dc61,EPL Living room,Woonkamer,device,config,,0,True,no labels at all,integration,
number.everything_presence_lite_20b1c8_entry_zone_2_begin_y,Entry Zone 2 Begin Y,number,esphome,4c6b08aaed0263fc350ca82c71c0dc61,EPL Living room,Woonkamer,device,config,,0,True,no labels at all,integration,
number.everything_presence_lite_20b1c8_entry_zone_2_end_y,Entry Zone 2 End Y,number,esphome,4c6b08aaed0263fc350ca82c71c0dc61,EPL Living room,Woonkamer,device,config,,0,True,no labels at all,integration,
number.everything_presence_lite_20b1c8_occupancy_mask_1_begin_x,Occupancy Mask 1 Begin X,number,esphome,4c6b08aaed0263fc350ca82c71c0dc61,EPL Living room,Woonkamer,device,config,,0,True,no labels at all,,
number.everything_presence_lite_20b1c8_occupancy_mask_1_end_x,Occupancy Mask 1 End X,number,esphome,4c6b08aaed0263fc350ca82c71c0dc61,EPL Living room,Woonkamer,device,config,,0,True,no labels at all,,
number.everything_presence_lite_20b1c8_occupancy_mask_1_begin_y,Occupancy Mask 1 Begin Y,number,esphome,4c6b08aaed0263fc350ca82c71c0dc61,EPL Living room,Woonkamer,device,config,,0,True,no labels at all,,
number.everything_presence_lite_20b1c8_occupancy_mask_1_end_y,Occupancy Mask 1 End Y,number,esphome,4c6b08aaed0263fc350ca82c71c0dc61,EPL Living room,Woonkamer,device,config,,0,True,no labels at all,,
number.everything_presence_lite_20b1c8_occupancy_mask_2_begin_x,Occupancy Mask 2 Begin X,number,esphome,4c6b08aaed0263fc350ca82c71c0dc61,EPL Living room,Woonkamer,device,config,,0,True,no labels at all,integration,
number.everything_presence_lite_20b1c8_occupancy_mask_2_end_x,Occupancy Mask 2 End X,number,esphome,4c6b08aaed0263fc350ca82c71c0dc61,EPL Living room,Woonkamer,device,config,,0,True,no labels at all,integration,
number.everything_presence_lite_20b1c8_occupancy_mask_2_begin_y,Occupancy Mask 2 Begin Y,number,esphome,4c6b08aaed0263fc350ca82c71c0dc61,EPL Living room,Woonkamer,device,config,,0,True,no labels at all,integration,
number.everything_presence_lite_20b1c8_occupancy_mask_2_end_y,Occupancy Mask 2 End Y,number,esphome,4c6b08aaed0263fc350ca82c71c0dc61,EPL Living room,Woonkamer,device,config,,0,True,no labels at all,integration,
number.everything_presence_lite_20b1c8_stale_target_reset_timeout,Stale Target Reset Timeout,number,esphome,4c6b08aaed0263fc350ca82c71c0dc61,EPL Living room,Woonkamer,device,config,,0,True,no labels at all,,
update.everything_presence_lite_20b1c8_everything_presence_lite_firmware,Everything Presence Lite Firmware,update,esphome,4c6b08aaed0263fc350ca82c71c0dc61,EPL Living room,Woonkamer,device,config,,0,True,no labels at all,integration,
binary_sensor.everything_presence_lite_20b1c8_assumed_present,Assumed Present,binary_sensor,esphome,4c6b08aaed0263fc350ca82c71c0dc61,EPL Living room,Woonkamer,device,diagnostic,,0,True,no labels at all,,
button.everything_presence_lite_20b1c8_reboot_mmwave_sensor,Reboot mmWave Sensor,button,esphome,4c6b08aaed0263fc350ca82c71c0dc61,EPL Living room,Woonkamer,device,config,,0,True,no labels at all,integration,
button.everything_presence_lite_20b1c8_factory_reset_mmwave_sensor,Factory Reset mmWave Sensor,button,esphome,4c6b08aaed0263fc350ca82c71c0dc61,EPL Living room,Woonkamer,device,config,,0,True,no labels at all,integration,
sensor.everything_presence_lite_20b1c8_assumed_present_remaining,Assumed Present Remaining,sensor,esphome,4c6b08aaed0263fc350ca82c71c0dc61,EPL Living room,Woonkamer,device,diagnostic,,0,True,no labels at all,,
sensor.everything_presence_lite_20b1c8_occupancy_mask_1_target_count,Occupancy Mask 1 Target Count,sensor,esphome,4c6b08aaed0263fc350ca82c71c0dc61,EPL Living room,Woonkamer,device,diagnostic,,0,True,no labels at all,integration,
sensor.everything_presence_lite_20b1c8_occupancy_mask_2_target_count,Occupancy Mask 2 Target Count,sensor,esphome,4c6b08aaed0263fc350ca82c71c0dc61,EPL Living room,Woonkamer,device,diagnostic,,0,True,no labels at all,integration,
sensor.everything_presence_lite_20b1c8_mmwave_firmware,mmWave Firmware,sensor,esphome,4c6b08aaed0263fc350ca82c71c0dc61,EPL Living room,Woonkamer,device,diagnostic,,0,True,no labels at all,integration,
select.everything_presence_lite_20b1c8_update_speed,Update speed,select,esphome,4c6b08aaed0263fc350ca82c71c0dc61,EPL Living room,Woonkamer,device,config,,0,True,no labels at all,,
select.everything_presence_lite_20b1c8_extra_entities_update,Extra entities update,select,esphome,4c6b08aaed0263fc350ca82c71c0dc61,EPL Living room,Woonkamer,device,config,,0,True,no labels at all,,
select.everything_presence_lite_20b1c8_tracking_behaviour,Tracking Behaviour,select,esphome,4c6b08aaed0263fc350ca82c71c0dc61,EPL Living room,Woonkamer,device,config,,0,True,no labels at all,,
text.everything_presence_lite_20b1c8_polygon_zone_1,Polygon Zone 1,text,esphome,4c6b08aaed0263fc350ca82c71c0dc61,EPL Living room,Woonkamer,device,config,,0,True,no labels at all,,
text.everything_presence_lite_20b1c8_polygon_zone_2,Polygon Zone 2,text,esphome,4c6b08aaed0263fc350ca82c71c0dc61,EPL Living room,Woonkamer,device,config,,0,True,no labels at all,,
text.everything_presence_lite_20b1c8_polygon_zone_3,Polygon Zone 3,text,esphome,4c6b08aaed0263fc350ca82c71c0dc61,EPL Living room,Woonkamer,device,config,,0,True,no labels at all,,
text.everything_presence_lite_20b1c8_polygon_zone_4,Polygon Zone 4,text,esphome,4c6b08aaed0263fc350ca82c71c0dc61,EPL Living room,Woonkamer,device,config,,0,True,no labels at all,,
text.everything_presence_lite_20b1c8_polygon_exclusion_1,Polygon Exclusion 1,text,esphome,4c6b08aaed0263fc350ca82c71c0dc61,EPL Living room,Woonkamer,device,config,,0,True,no labels at all,,
text.everything_presence_lite_20b1c8_polygon_exclusion_2,Polygon Exclusion 2,text,esphome,4c6b08aaed0263fc350ca82c71c0dc61,EPL Living room,Woonkamer,device,config,,0,True,no labels at all,,
text.everything_presence_lite_20b1c8_polygon_entry_1,Polygon Entry 1,text,esphome,4c6b08aaed0263fc350ca82c71c0dc61,EPL Living room,Woonkamer,device,config,,0,True,no labels at all,,
text.everything_presence_lite_20b1c8_polygon_entry_2,Polygon Entry 2,text,esphome,4c6b08aaed0263fc350ca82c71c0dc61,EPL Living room,Woonkamer,device,config,,0,True,no labels at all,,
switch.everything_presence_lite_20b1c8_mmwave_bluetooth,mmWave Bluetooth,switch,esphome,4c6b08aaed0263fc350ca82c71c0dc61,EPL Living room,Woonkamer,device,config,,0,True,no labels at all,integration,
switch.everything_presence_lite_20b1c8_stale_target_reset,Stale Target Reset,switch,esphome,4c6b08aaed0263fc350ca82c71c0dc61,EPL Living room,Woonkamer,device,config,,0,True,no labels at all,,
switch.everything_presence_lite_20b1c8_upside_down_mounting,Upside Down Mounting,switch,esphome,4c6b08aaed0263fc350ca82c71c0dc61,EPL Living room,Woonkamer,device,config,,0,True,no labels at all,,
switch.everything_presence_lite_20b1c8_entry_exit_enabled,Entry Exit Enabled,switch,esphome,4c6b08aaed0263fc350ca82c71c0dc61,EPL Living room,Woonkamer,device,config,,0,True,no labels at all,,
switch.everything_presence_lite_20b1c8_polygon_zones,Polygon Zones,switch,esphome,4c6b08aaed0263fc350ca82c71c0dc61,EPL Living room,Woonkamer,device,config,,0,True,no labels at all,,
update.c_a_f_e_update,Update,update,hacs,1e7bb59f20100efcc63d8194ede54072,C.A.F.E.,Digital only,device,config,,0,True,no labels at all,,
update.enphase_ev_chager_2_cloud_update,Update,update,hacs,1bbfbeba8a3ebb048db6e09b27ca711f,Enphase Energy,Digital only,device,config,,0,True,no labels at all,,
switch.c_a_f_e_pre_release,Pre-release,switch,hacs,1e7bb59f20100efcc63d8194ede54072,C.A.F.E.,Digital only,device,diagnostic,,0,True,no labels at all,integration,
switch.enphase_ev_chager_2_cloud_pre_release,Pre-release,switch,hacs,1bbfbeba8a3ebb048db6e09b27ca711f,Enphase Energy,Digital only,device,diagnostic,,0,True,no labels at all,integration,
update.enphase_envoy_installer_update,Update,update,hacs,c83e372daa11096665ce3839a420b4f8,Enphase Envoy (Installer),Digital only,device,config,,0,True,no labels at all,,
switch.enphase_envoy_installer_pre_release,Pre-release,switch,hacs,c83e372daa11096665ce3839a420b4f8,Enphase Envoy (Installer),Digital only,device,diagnostic,,0,True,no labels at all,integration,
sensor.envoy_113228000926_current_power_production,Power Production,sensor,enphase_envoy,a6733811333c68ac35074e70c86098dd,Envoy 113228000926,Meterkast,device,,Sensor,1,False,"missing category: brand, protocol",,
sensor.envoy_113228000926_energy_production_today,Today's Energy Production,sensor,enphase_envoy,a6733811333c68ac35074e70c86098dd,Envoy 113228000926,Meterkast,device,,Sensor,1,False,"missing category: brand, protocol",,
sensor.envoy_113228000926_lifetime_energy_production,Lifetime Energy Production,sensor,enphase_envoy,a6733811333c68ac35074e70c86098dd,Envoy 113228000926,Meterkast,device,,Sensor,1,False,"missing category: brand, protocol",,
sensor.envoy_113228000926_current_power_consumption,Power Consumption,sensor,enphase_envoy,a6733811333c68ac35074e70c86098dd,Envoy 113228000926,Meterkast,device,,Sensor,1,False,"missing category: brand, protocol",,
sensor.envoy_113228000926_energy_consumption_today,Today's Energy Consumption,sensor,enphase_envoy,a6733811333c68ac35074e70c86098dd,Envoy 113228000926,Meterkast,device,,Sensor,1,False,"missing category: brand, protocol",,
sensor.envoy_113228000926_lifetime_energy_consumption,Lifetime Energy Consumption,sensor,enphase_envoy,a6733811333c68ac35074e70c86098dd,Envoy 113228000926,Meterkast,device,,Sensor,1,False,"missing category: brand, protocol",,
sensor.envoy_113228000926_current_net_power_consumption,Net Power Consumption,sensor,enphase_envoy,a6733811333c68ac35074e70c86098dd,Envoy 113228000926,Meterkast,device,,Sensor,1,False,"missing category: brand, protocol",,
sensor.envoy_113228000926_today_s_net_energy_consumption,Today's Net Energy Consumption,sensor,enphase_envoy,a6733811333c68ac35074e70c86098dd,Envoy 113228000926,Meterkast,device,,,0,True,no labels at all,,
sensor.envoy_113228000926_lifetime_net_energy_consumption,Lifetime Net Energy Consumption,sensor,enphase_envoy,a6733811333c68ac35074e70c86098dd,Envoy 113228000926,Meterkast,device,,Sensor,1,False,"missing category: brand, protocol",,
sensor.inverter_113203000786_dc_current,DC Current,sensor,enphase_envoy,6237a06b90d0a1fb71463f90592c2526,Inverter 113203000786,Dak,device,,,0,True,no labels at all,,
sensor.inverter_113203011963_dc_current,DC Current,sensor,enphase_envoy,30008ab987eeb5f3476bec81d9544e69,Inverter 113203011963,Dak,device,,,0,True,no labels at all,,
sensor.inverter_113203013390_dc_current,DC Current,sensor,enphase_envoy,d92b4a6e828a2d584cfee5381ba96a28,Inverter 113203013390,Dak,device,,,0,True,no labels at all,,
sensor.inverter_113203013624_dc_current,DC Current,sensor,enphase_envoy,52b3d87307cd8c9624c1c60e6fa7a67a,Inverter 113203013624,Dak,device,,,0,True,no labels at all,,
sensor.inverter_113203017296_dc_current,DC Current,sensor,enphase_envoy,202fd8a8d9a2824227b6dd037a3179a6,Inverter 113203017296,Dak,device,,,0,True,no labels at all,,
sensor.inverter_113203017303_dc_current,DC Current,sensor,enphase_envoy,2437ba09120f0e91a1b9399f639182a1,Inverter 113203017303,Dak,device,,,0,True,no labels at all,,
sensor.inverter_113203017394_dc_current,DC Current,sensor,enphase_envoy,2d192c1d2ea26b12af046be9b8752972,Inverter 113203017394,Dak,device,,,0,True,no labels at all,,
sensor.inverter_113203017400_dc_current,DC Current,sensor,enphase_envoy,9591384282d7dc4187c73745a09b8168,Inverter 113203017400,Dak,device,,,0,True,no labels at all,,
sensor.inverter_113203017402_dc_current,DC Current,sensor,enphase_envoy,48dc820750e3048f52bccd8e78160268,Inverter 113203017402,Dak,device,,,0,True,no labels at all,,
sensor.inverter_113203017544_dc_current,DC Current,sensor,enphase_envoy,b88cc0820509cf9bf848fce8f3a4958f,Inverter 113203017544,Dak,device,,,0,True,no labels at all,,
sensor.inverter_113203017575_dc_current,DC Current,sensor,enphase_envoy,acf62dd6b1840699333a4a5650c05464,Inverter 113203017575,Dak,device,,,0,True,no labels at all,,
sensor.inverter_113203017626_dc_current,DC Current,sensor,enphase_envoy,aeca64bff9ab1ca51e5eff3e4c7cfbd3,Inverter 113203017626,Dak,device,,,0,True,no labels at all,,
sensor.inverter_113203017701_dc_current,DC Current,sensor,enphase_envoy,b820f81feaaf20eadb9f16b15fa1a43c,Inverter 113203017701,Dak,device,,,0,True,no labels at all,,
sensor.inverter_113203000786_ac_frequency,AC Frequency,sensor,enphase_envoy,6237a06b90d0a1fb71463f90592c2526,Inverter 113203000786,Dak,device,,,0,True,no labels at all,,
sensor.inverter_113203011963_ac_frequency,AC Frequency,sensor,enphase_envoy,30008ab987eeb5f3476bec81d9544e69,Inverter 113203011963,Dak,device,,,0,True,no labels at all,,
sensor.inverter_113203013390_ac_frequency,AC Frequency,sensor,enphase_envoy,d92b4a6e828a2d584cfee5381ba96a28,Inverter 113203013390,Dak,device,,,0,True,no labels at all,,
sensor.inverter_113203013624_ac_frequency,AC Frequency,sensor,enphase_envoy,52b3d87307cd8c9624c1c60e6fa7a67a,Inverter 113203013624,Dak,device,,,0,True,no labels at all,,
sensor.inverter_113203017296_ac_frequency,AC Frequency,sensor,enphase_envoy,202fd8a8d9a2824227b6dd037a3179a6,Inverter 113203017296,Dak,device,,,0,True,no labels at all,,
sensor.inverter_113203017303_ac_frequency,AC Frequency,sensor,enphase_envoy,2437ba09120f0e91a1b9399f639182a1,Inverter 113203017303,Dak,device,,,0,True,no labels at all,,
sensor.inverter_113203017394_ac_frequency,AC Frequency,sensor,enphase_envoy,2d192c1d2ea26b12af046be9b8752972,Inverter 113203017394,Dak,device,,,0,True,no labels at all,,
sensor.inverter_113203017400_ac_frequency,AC Frequency,sensor,enphase_envoy,9591384282d7dc4187c73745a09b8168,Inverter 113203017400,Dak,device,,,0,True,no labels at all,,
sensor.inverter_113203017402_ac_frequency,AC Frequency,sensor,enphase_envoy,48dc820750e3048f52bccd8e78160268,Inverter 113203017402,Dak,device,,,0,True,no labels at all,,
sensor.inverter_113203017544_ac_frequency,AC Frequency,sensor,enphase_envoy,b88cc0820509cf9bf848fce8f3a4958f,Inverter 113203017544,Dak,device,,,0,True,no labels at all,,
sensor.inverter_113203017575_ac_frequency,AC Frequency,sensor,enphase_envoy,acf62dd6b1840699333a4a5650c05464,Inverter 113203017575,Dak,device,,,0,True,no labels at all,,
sensor.inverter_113203017626_ac_frequency,AC Frequency,sensor,enphase_envoy,aeca64bff9ab1ca51e5eff3e4c7cfbd3,Inverter 113203017626,Dak,device,,,0,True,no labels at all,,
sensor.inverter_113203017701_ac_frequency,AC Frequency,sensor,enphase_envoy,b820f81feaaf20eadb9f16b15fa1a43c,Inverter 113203017701,Dak,device,,,0,True,no labels at all,,
sensor.inverter_113203000786_production,Production,sensor,enphase_envoy,6237a06b90d0a1fb71463f90592c2526,Inverter 113203000786,Dak,device,,,0,True,no labels at all,,
sensor.inverter_113203011963_production,Production,sensor,enphase_envoy,30008ab987eeb5f3476bec81d9544e69,Inverter 113203011963,Dak,device,,,0,True,no labels at all,,
sensor.inverter_113203013390_production,Production,sensor,enphase_envoy,d92b4a6e828a2d584cfee5381ba96a28,Inverter 113203013390,Dak,device,,,0,True,no labels at all,,
sensor.inverter_113203013624_production,Production,sensor,enphase_envoy,52b3d87307cd8c9624c1c60e6fa7a67a,Inverter 113203013624,Dak,device,,,0,True,no labels at all,,
sensor.inverter_113203017296_production,Production,sensor,enphase_envoy,202fd8a8d9a2824227b6dd037a3179a6,Inverter 113203017296,Dak,device,,,0,True,no labels at all,,
sensor.inverter_113203017303_production,Production,sensor,enphase_envoy,2437ba09120f0e91a1b9399f639182a1,Inverter 113203017303,Dak,device,,,0,True,no labels at all,,
sensor.inverter_113203017394_production,Production,sensor,enphase_envoy,2d192c1d2ea26b12af046be9b8752972,Inverter 113203017394,Dak,device,,,0,True,no labels at all,,
sensor.inverter_113203017400_production,Production,sensor,enphase_envoy,9591384282d7dc4187c73745a09b8168,Inverter 113203017400,Dak,device,,,0,True,no labels at all,,
sensor.inverter_113203017402_production,Production,sensor,enphase_envoy,48dc820750e3048f52bccd8e78160268,Inverter 113203017402,Dak,device,,,0,True,no labels at all,,
sensor.inverter_113203017544_production,Production,sensor,enphase_envoy,b88cc0820509cf9bf848fce8f3a4958f,Inverter 113203017544,Dak,device,,,0,True,no labels at all,,
sensor.inverter_113203017575_production,Production,sensor,enphase_envoy,acf62dd6b1840699333a4a5650c05464,Inverter 113203017575,Dak,device,,,0,True,no labels at all,,
sensor.inverter_113203017626_production,Production,sensor,enphase_envoy,aeca64bff9ab1ca51e5eff3e4c7cfbd3,Inverter 113203017626,Dak,device,,,0,True,no labels at all,,
sensor.inverter_113203017701_production,Production,sensor,enphase_envoy,b820f81feaaf20eadb9f16b15fa1a43c,Inverter 113203017701,Dak,device,,,0,True,no labels at all,,
sensor.inverter_113203000786_max_reported_production,Max Reported Production,sensor,enphase_envoy,6237a06b90d0a1fb71463f90592c2526,Inverter 113203000786,Dak,device,diagnostic,,0,True,no labels at all,,
sensor.inverter_113203011963_max_reported_production,Max Reported Production,sensor,enphase_envoy,30008ab987eeb5f3476bec81d9544e69,Inverter 113203011963,Dak,device,diagnostic,,0,True,no labels at all,,
sensor.inverter_113203013390_max_reported_production,Max Reported Production,sensor,enphase_envoy,d92b4a6e828a2d584cfee5381ba96a28,Inverter 113203013390,Dak,device,diagnostic,,0,True,no labels at all,,
sensor.inverter_113203013624_max_reported_production,Max Reported Production,sensor,enphase_envoy,52b3d87307cd8c9624c1c60e6fa7a67a,Inverter 113203013624,Dak,device,diagnostic,,0,True,no labels at all,,
sensor.inverter_113203017296_max_reported_production,Max Reported Production,sensor,enphase_envoy,202fd8a8d9a2824227b6dd037a3179a6,Inverter 113203017296,Dak,device,diagnostic,,0,True,no labels at all,,
sensor.inverter_113203017303_max_reported_production,Max Reported Production,sensor,enphase_envoy,2437ba09120f0e91a1b9399f639182a1,Inverter 113203017303,Dak,device,diagnostic,,0,True,no labels at all,,
sensor.inverter_113203017394_max_reported_production,Max Reported Production,sensor,enphase_envoy,2d192c1d2ea26b12af046be9b8752972,Inverter 113203017394,Dak,device,diagnostic,,0,True,no labels at all,,
sensor.inverter_113203017400_max_reported_production,Max Reported Production,sensor,enphase_envoy,9591384282d7dc4187c73745a09b8168,Inverter 113203017400,Dak,device,diagnostic,,0,True,no labels at all,,
sensor.inverter_113203017402_max_reported_production,Max Reported Production,sensor,enphase_envoy,48dc820750e3048f52bccd8e78160268,Inverter 113203017402,Dak,device,diagnostic,,0,True,no labels at all,,
sensor.inverter_113203017544_max_reported_production,Max Reported Production,sensor,enphase_envoy,b88cc0820509cf9bf848fce8f3a4958f,Inverter 113203017544,Dak,device,diagnostic,,0,True,no labels at all,,
sensor.inverter_113203017575_max_reported_production,Max Reported Production,sensor,enphase_envoy,acf62dd6b1840699333a4a5650c05464,Inverter 113203017575,Dak,device,diagnostic,,0,True,no labels at all,,
sensor.inverter_113203017626_max_reported_production,Max Reported Production,sensor,enphase_envoy,aeca64bff9ab1ca51e5eff3e4c7cfbd3,Inverter 113203017626,Dak,device,diagnostic,,0,True,no labels at all,,
sensor.inverter_113203017701_max_reported_production,Max Reported Production,sensor,enphase_envoy,b820f81feaaf20eadb9f16b15fa1a43c,Inverter 113203017701,Dak,device,diagnostic,,0,True,no labels at all,,
sensor.inverter_113203000786_ac_voltage,AC Voltage,sensor,enphase_envoy,6237a06b90d0a1fb71463f90592c2526,Inverter 113203000786,Dak,device,,,0,True,no labels at all,,
sensor.inverter_113203011963_ac_voltage,AC Voltage,sensor,enphase_envoy,30008ab987eeb5f3476bec81d9544e69,Inverter 113203011963,Dak,device,,,0,True,no labels at all,,
sensor.inverter_113203013390_ac_voltage,AC Voltage,sensor,enphase_envoy,d92b4a6e828a2d584cfee5381ba96a28,Inverter 113203013390,Dak,device,,,0,True,no labels at all,,
sensor.inverter_113203013624_ac_voltage,AC Voltage,sensor,enphase_envoy,52b3d87307cd8c9624c1c60e6fa7a67a,Inverter 113203013624,Dak,device,,,0,True,no labels at all,,
sensor.inverter_113203017296_ac_voltage,AC Voltage,sensor,enphase_envoy,202fd8a8d9a2824227b6dd037a3179a6,Inverter 113203017296,Dak,device,,,0,True,no labels at all,,
sensor.inverter_113203017303_ac_voltage,AC Voltage,sensor,enphase_envoy,2437ba09120f0e91a1b9399f639182a1,Inverter 113203017303,Dak,device,,,0,True,no labels at all,,
sensor.inverter_113203017394_ac_voltage,AC Voltage,sensor,enphase_envoy,2d192c1d2ea26b12af046be9b8752972,Inverter 113203017394,Dak,device,,,0,True,no labels at all,,
sensor.inverter_113203017400_ac_voltage,AC Voltage,sensor,enphase_envoy,9591384282d7dc4187c73745a09b8168,Inverter 113203017400,Dak,device,,,0,True,no labels at all,,
sensor.inverter_113203017402_ac_voltage,AC Voltage,sensor,enphase_envoy,48dc820750e3048f52bccd8e78160268,Inverter 113203017402,Dak,device,,,0,True,no labels at all,,
sensor.inverter_113203017544_ac_voltage,AC Voltage,sensor,enphase_envoy,b88cc0820509cf9bf848fce8f3a4958f,Inverter 113203017544,Dak,device,,,0,True,no labels at all,,
sensor.inverter_113203017575_ac_voltage,AC Voltage,sensor,enphase_envoy,acf62dd6b1840699333a4a5650c05464,Inverter 113203017575,Dak,device,,,0,True,no labels at all,,
sensor.inverter_113203017626_ac_voltage,AC Voltage,sensor,enphase_envoy,aeca64bff9ab1ca51e5eff3e4c7cfbd3,Inverter 113203017626,Dak,device,,,0,True,no labels at all,,
sensor.inverter_113203017701_ac_voltage,AC Voltage,sensor,enphase_envoy,b820f81feaaf20eadb9f16b15fa1a43c,Inverter 113203017701,Dak,device,,,0,True,no labels at all,,
sensor.inverter_113203000786_ac_current,AC Current,sensor,enphase_envoy,6237a06b90d0a1fb71463f90592c2526,Inverter 113203000786,Dak,device,,,0,True,no labels at all,,
sensor.inverter_113203011963_ac_current,AC Current,sensor,enphase_envoy,30008ab987eeb5f3476bec81d9544e69,Inverter 113203011963,Dak,device,,,0,True,no labels at all,,
sensor.inverter_113203013390_ac_current,AC Current,sensor,enphase_envoy,d92b4a6e828a2d584cfee5381ba96a28,Inverter 113203013390,Dak,device,,,0,True,no labels at all,,
sensor.inverter_113203013624_ac_current,AC Current,sensor,enphase_envoy,52b3d87307cd8c9624c1c60e6fa7a67a,Inverter 113203013624,Dak,device,,,0,True,no labels at all,,
sensor.inverter_113203017296_ac_current,AC Current,sensor,enphase_envoy,202fd8a8d9a2824227b6dd037a3179a6,Inverter 113203017296,Dak,device,,,0,True,no labels at all,,
sensor.inverter_113203017303_ac_current,AC Current,sensor,enphase_envoy,2437ba09120f0e91a1b9399f639182a1,Inverter 113203017303,Dak,device,,,0,True,no labels at all,,
sensor.inverter_113203017394_ac_current,AC Current,sensor,enphase_envoy,2d192c1d2ea26b12af046be9b8752972,Inverter 113203017394,Dak,device,,,0,True,no labels at all,,
sensor.inverter_113203017400_ac_current,AC Current,sensor,enphase_envoy,9591384282d7dc4187c73745a09b8168,Inverter 113203017400,Dak,device,,,0,True,no labels at all,,
sensor.inverter_113203017402_ac_current,AC Current,sensor,enphase_envoy,48dc820750e3048f52bccd8e78160268,Inverter 113203017402,Dak,device,,,0,True,no labels at all,,
sensor.inverter_113203017544_ac_current,AC Current,sensor,enphase_envoy,b88cc0820509cf9bf848fce8f3a4958f,Inverter 113203017544,Dak,device,,,0,True,no labels at all,,
sensor.inverter_113203017575_ac_current,AC Current,sensor,enphase_envoy,acf62dd6b1840699333a4a5650c05464,Inverter 113203017575,Dak,device,,,0,True,no labels at all,,
sensor.inverter_113203017626_ac_current,AC Current,sensor,enphase_envoy,aeca64bff9ab1ca51e5eff3e4c7cfbd3,Inverter 113203017626,Dak,device,,,0,True,no labels at all,,
sensor.inverter_113203017701_ac_current,AC Current,sensor,enphase_envoy,b820f81feaaf20eadb9f16b15fa1a43c,Inverter 113203017701,Dak,device,,,0,True,no labels at all,,
sensor.inverter_113203000786_dc_voltage,DC Voltage,sensor,enphase_envoy,6237a06b90d0a1fb71463f90592c2526,Inverter 113203000786,Dak,device,,,0,True,no labels at all,,
sensor.inverter_113203011963_dc_voltage,DC Voltage,sensor,enphase_envoy,30008ab987eeb5f3476bec81d9544e69,Inverter 113203011963,Dak,device,,,0,True,no labels at all,,
sensor.inverter_113203013390_dc_voltage,DC Voltage,sensor,enphase_envoy,d92b4a6e828a2d584cfee5381ba96a28,Inverter 113203013390,Dak,device,,,0,True,no labels at all,,
sensor.inverter_113203013624_dc_voltage,DC Voltage,sensor,enphase_envoy,52b3d87307cd8c9624c1c60e6fa7a67a,Inverter 113203013624,Dak,device,,,0,True,no labels at all,,
sensor.inverter_113203017296_dc_voltage,DC Voltage,sensor,enphase_envoy,202fd8a8d9a2824227b6dd037a3179a6,Inverter 113203017296,Dak,device,,,0,True,no labels at all,,
sensor.inverter_113203017303_dc_voltage,DC Voltage,sensor,enphase_envoy,2437ba09120f0e91a1b9399f639182a1,Inverter 113203017303,Dak,device,,,0,True,no labels at all,,
sensor.inverter_113203017394_dc_voltage,DC Voltage,sensor,enphase_envoy,2d192c1d2ea26b12af046be9b8752972,Inverter 113203017394,Dak,device,,,0,True,no labels at all,,
sensor.inverter_113203017400_dc_voltage,DC Voltage,sensor,enphase_envoy,9591384282d7dc4187c73745a09b8168,Inverter 113203017400,Dak,device,,,0,True,no labels at all,,
sensor.inverter_113203017402_dc_voltage,DC Voltage,sensor,enphase_envoy,48dc820750e3048f52bccd8e78160268,Inverter 113203017402,Dak,device,,,0,True,no labels at all,,
sensor.inverter_113203017544_dc_voltage,DC Voltage,sensor,enphase_envoy,b88cc0820509cf9bf848fce8f3a4958f,Inverter 113203017544,Dak,device,,,0,True,no labels at all,,
sensor.inverter_113203017575_dc_voltage,DC Voltage,sensor,enphase_envoy,acf62dd6b1840699333a4a5650c05464,Inverter 113203017575,Dak,device,,,0,True,no labels at all,,
sensor.inverter_113203017626_dc_voltage,DC Voltage,sensor,enphase_envoy,aeca64bff9ab1ca51e5eff3e4c7cfbd3,Inverter 113203017626,Dak,device,,,0,True,no labels at all,,
sensor.inverter_113203017701_dc_voltage,DC Voltage,sensor,enphase_envoy,b820f81feaaf20eadb9f16b15fa1a43c,Inverter 113203017701,Dak,device,,,0,True,no labels at all,,
sensor.inverter_113203000786_temperature,Temperature,sensor,enphase_envoy,6237a06b90d0a1fb71463f90592c2526,Inverter 113203000786,Dak,device,,,0,True,no labels at all,,
sensor.inverter_113203011963_temperature,Temperature,sensor,enphase_envoy,30008ab987eeb5f3476bec81d9544e69,Inverter 113203011963,Dak,device,,,0,True,no labels at all,,
sensor.inverter_113203013390_temperature,Temperature,sensor,enphase_envoy,d92b4a6e828a2d584cfee5381ba96a28,Inverter 113203013390,Dak,device,,,0,True,no labels at all,,
sensor.inverter_113203013624_temperature,Temperature,sensor,enphase_envoy,52b3d87307cd8c9624c1c60e6fa7a67a,Inverter 113203013624,Dak,device,,,0,True,no labels at all,,
sensor.inverter_113203017296_temperature,Temperature,sensor,enphase_envoy,202fd8a8d9a2824227b6dd037a3179a6,Inverter 113203017296,Dak,device,,,0,True,no labels at all,,
sensor.inverter_113203017303_temperature,Temperature,sensor,enphase_envoy,2437ba09120f0e91a1b9399f639182a1,Inverter 113203017303,Dak,device,,,0,True,no labels at all,,
sensor.inverter_113203017394_temperature,Temperature,sensor,enphase_envoy,2d192c1d2ea26b12af046be9b8752972,Inverter 113203017394,Dak,device,,,0,True,no labels at all,,
sensor.inverter_113203017400_temperature,Temperature,sensor,enphase_envoy,9591384282d7dc4187c73745a09b8168,Inverter 113203017400,Dak,device,,,0,True,no labels at all,,
sensor.inverter_113203017402_temperature,Temperature,sensor,enphase_envoy,48dc820750e3048f52bccd8e78160268,Inverter 113203017402,Dak,device,,,0,True,no labels at all,,
sensor.inverter_113203017544_temperature,Temperature,sensor,enphase_envoy,b88cc0820509cf9bf848fce8f3a4958f,Inverter 113203017544,Dak,device,,,0,True,no labels at all,,
sensor.inverter_113203017575_temperature,Temperature,sensor,enphase_envoy,acf62dd6b1840699333a4a5650c05464,Inverter 113203017575,Dak,device,,,0,True,no labels at all,,
sensor.inverter_113203017626_temperature,Temperature,sensor,enphase_envoy,aeca64bff9ab1ca51e5eff3e4c7cfbd3,Inverter 113203017626,Dak,device,,,0,True,no labels at all,,
sensor.inverter_113203017701_temperature,Temperature,sensor,enphase_envoy,b820f81feaaf20eadb9f16b15fa1a43c,Inverter 113203017701,Dak,device,,,0,True,no labels at all,,
sensor.inverter_113203000786_lifetime_energy_production,Lifetime Energy Production,sensor,enphase_envoy,6237a06b90d0a1fb71463f90592c2526,Inverter 113203000786,Dak,device,,,0,True,no labels at all,,
sensor.inverter_113203011963_lifetime_energy_production,Lifetime Energy Production,sensor,enphase_envoy,30008ab987eeb5f3476bec81d9544e69,Inverter 113203011963,Dak,device,,,0,True,no labels at all,,
sensor.inverter_113203013390_lifetime_energy_production,Lifetime Energy Production,sensor,enphase_envoy,d92b4a6e828a2d584cfee5381ba96a28,Inverter 113203013390,Dak,device,,,0,True,no labels at all,,
sensor.inverter_113203013624_lifetime_energy_production,Lifetime Energy Production,sensor,enphase_envoy,52b3d87307cd8c9624c1c60e6fa7a67a,Inverter 113203013624,Dak,device,,,0,True,no labels at all,,
sensor.inverter_113203017296_lifetime_energy_production,Lifetime Energy Production,sensor,enphase_envoy,202fd8a8d9a2824227b6dd037a3179a6,Inverter 113203017296,Dak,device,,,0,True,no labels at all,,
sensor.inverter_113203017303_lifetime_energy_production,Lifetime Energy Production,sensor,enphase_envoy,2437ba09120f0e91a1b9399f639182a1,Inverter 113203017303,Dak,device,,,0,True,no labels at all,,
sensor.inverter_113203017394_lifetime_energy_production,Lifetime Energy Production,sensor,enphase_envoy,2d192c1d2ea26b12af046be9b8752972,Inverter 113203017394,Dak,device,,,0,True,no labels at all,,
sensor.inverter_113203017400_lifetime_energy_production,Lifetime Energy Production,sensor,enphase_envoy,9591384282d7dc4187c73745a09b8168,Inverter 113203017400,Dak,device,,,0,True,no labels at all,,
sensor.inverter_113203017402_lifetime_energy_production,Lifetime Energy Production,sensor,enphase_envoy,48dc820750e3048f52bccd8e78160268,Inverter 113203017402,Dak,device,,,0,True,no labels at all,,
sensor.inverter_113203017544_lifetime_energy_production,Lifetime Energy Production,sensor,enphase_envoy,b88cc0820509cf9bf848fce8f3a4958f,Inverter 113203017544,Dak,device,,,0,True,no labels at all,,
sensor.inverter_113203017575_lifetime_energy_production,Lifetime Energy Production,sensor,enphase_envoy,acf62dd6b1840699333a4a5650c05464,Inverter 113203017575,Dak,device,,,0,True,no labels at all,,
sensor.inverter_113203017626_lifetime_energy_production,Lifetime Energy Production,sensor,enphase_envoy,aeca64bff9ab1ca51e5eff3e4c7cfbd3,Inverter 113203017626,Dak,device,,,0,True,no labels at all,,
sensor.inverter_113203017701_lifetime_energy_production,Lifetime Energy Production,sensor,enphase_envoy,b820f81feaaf20eadb9f16b15fa1a43c,Inverter 113203017701,Dak,device,,,0,True,no labels at all,,
sensor.inverter_113203000786_today_s_energy_production,Today's Energy Production,sensor,enphase_envoy,6237a06b90d0a1fb71463f90592c2526,Inverter 113203000786,Dak,device,,,0,True,no labels at all,,
sensor.inverter_113203011963_today_s_energy_production,Today's Energy Production,sensor,enphase_envoy,30008ab987eeb5f3476bec81d9544e69,Inverter 113203011963,Dak,device,,,0,True,no labels at all,,
sensor.inverter_113203013390_today_s_energy_production,Today's Energy Production,sensor,enphase_envoy,d92b4a6e828a2d584cfee5381ba96a28,Inverter 113203013390,Dak,device,,,0,True,no labels at all,,
sensor.inverter_113203013624_today_s_energy_production,Today's Energy Production,sensor,enphase_envoy,52b3d87307cd8c9624c1c60e6fa7a67a,Inverter 113203013624,Dak,device,,,0,True,no labels at all,,
sensor.inverter_113203017296_today_s_energy_production,Today's Energy Production,sensor,enphase_envoy,202fd8a8d9a2824227b6dd037a3179a6,Inverter 113203017296,Dak,device,,,0,True,no labels at all,,
sensor.inverter_113203017303_today_s_energy_production,Today's Energy Production,sensor,enphase_envoy,2437ba09120f0e91a1b9399f639182a1,Inverter 113203017303,Dak,device,,,0,True,no labels at all,,
sensor.inverter_113203017394_today_s_energy_production,Today's Energy Production,sensor,enphase_envoy,2d192c1d2ea26b12af046be9b8752972,Inverter 113203017394,Dak,device,,,0,True,no labels at all,,
sensor.inverter_113203017400_today_s_energy_production,Today's Energy Production,sensor,enphase_envoy,9591384282d7dc4187c73745a09b8168,Inverter 113203017400,Dak,device,,,0,True,no labels at all,,
sensor.inverter_113203017402_today_s_energy_production,Today's Energy Production,sensor,enphase_envoy,48dc820750e3048f52bccd8e78160268,Inverter 113203017402,Dak,device,,,0,True,no labels at all,,
sensor.inverter_113203017544_today_s_energy_production,Today's Energy Production,sensor,enphase_envoy,b88cc0820509cf9bf848fce8f3a4958f,Inverter 113203017544,Dak,device,,,0,True,no labels at all,,
sensor.inverter_113203017575_today_s_energy_production,Today's Energy Production,sensor,enphase_envoy,acf62dd6b1840699333a4a5650c05464,Inverter 113203017575,Dak,device,,,0,True,no labels at all,,
sensor.inverter_113203017626_today_s_energy_production,Today's Energy Production,sensor,enphase_envoy,aeca64bff9ab1ca51e5eff3e4c7cfbd3,Inverter 113203017626,Dak,device,,,0,True,no labels at all,,
sensor.inverter_113203017701_today_s_energy_production,Today's Energy Production,sensor,enphase_envoy,b820f81feaaf20eadb9f16b15fa1a43c,Inverter 113203017701,Dak,device,,,0,True,no labels at all,,
sensor.inverter_113203000786_yesterday_s_energy_production,Yesterday's Energy Production,sensor,enphase_envoy,6237a06b90d0a1fb71463f90592c2526,Inverter 113203000786,Dak,device,,,0,True,no labels at all,,
sensor.inverter_113203011963_yesterday_s_energy_production,Yesterday's Energy Production,sensor,enphase_envoy,30008ab987eeb5f3476bec81d9544e69,Inverter 113203011963,Dak,device,,,0,True,no labels at all,,
sensor.inverter_113203013390_yesterday_s_energy_production,Yesterday's Energy Production,sensor,enphase_envoy,d92b4a6e828a2d584cfee5381ba96a28,Inverter 113203013390,Dak,device,,,0,True,no labels at all,,
sensor.inverter_113203013624_yesterday_s_energy_production,Yesterday's Energy Production,sensor,enphase_envoy,52b3d87307cd8c9624c1c60e6fa7a67a,Inverter 113203013624,Dak,device,,,0,True,no labels at all,,
sensor.inverter_113203017296_yesterday_s_energy_production,Yesterday's Energy Production,sensor,enphase_envoy,202fd8a8d9a2824227b6dd037a3179a6,Inverter 113203017296,Dak,device,,,0,True,no labels at all,,
sensor.inverter_113203017303_yesterday_s_energy_production,Yesterday's Energy Production,sensor,enphase_envoy,2437ba09120f0e91a1b9399f639182a1,Inverter 113203017303,Dak,device,,,0,True,no labels at all,,
sensor.inverter_113203017394_yesterday_s_energy_production,Yesterday's Energy Production,sensor,enphase_envoy,2d192c1d2ea26b12af046be9b8752972,Inverter 113203017394,Dak,device,,,0,True,no labels at all,,
sensor.inverter_113203017400_yesterday_s_energy_production,Yesterday's Energy Production,sensor,enphase_envoy,9591384282d7dc4187c73745a09b8168,Inverter 113203017400,Dak,device,,,0,True,no labels at all,,
sensor.inverter_113203017402_yesterday_s_energy_production,Yesterday's Energy Production,sensor,enphase_envoy,48dc820750e3048f52bccd8e78160268,Inverter 113203017402,Dak,device,,,0,True,no labels at all,,
sensor.inverter_113203017544_yesterday_s_energy_production,Yesterday's Energy Production,sensor,enphase_envoy,b88cc0820509cf9bf848fce8f3a4958f,Inverter 113203017544,Dak,device,,,0,True,no labels at all,,
sensor.inverter_113203017575_yesterday_s_energy_production,Yesterday's Energy Production,sensor,enphase_envoy,acf62dd6b1840699333a4a5650c05464,Inverter 113203017575,Dak,device,,,0,True,no labels at all,,
sensor.inverter_113203017626_yesterday_s_energy_production,Yesterday's Energy Production,sensor,enphase_envoy,aeca64bff9ab1ca51e5eff3e4c7cfbd3,Inverter 113203017626,Dak,device,,,0,True,no labels at all,,
sensor.inverter_113203017701_yesterday_s_energy_production,Yesterday's Energy Production,sensor,enphase_envoy,b820f81feaaf20eadb9f16b15fa1a43c,Inverter 113203017701,Dak,device,,,0,True,no labels at all,,
sensor.inverter_113203000786_this_week_s_energy_production,This Week's Energy Production,sensor,enphase_envoy,6237a06b90d0a1fb71463f90592c2526,Inverter 113203000786,Dak,device,,,0,True,no labels at all,,
sensor.inverter_113203011963_this_week_s_energy_production,This Week's Energy Production,sensor,enphase_envoy,30008ab987eeb5f3476bec81d9544e69,Inverter 113203011963,Dak,device,,,0,True,no labels at all,,
sensor.inverter_113203013390_this_week_s_energy_production,This Week's Energy Production,sensor,enphase_envoy,d92b4a6e828a2d584cfee5381ba96a28,Inverter 113203013390,Dak,device,,,0,True,no labels at all,,
sensor.inverter_113203013624_this_week_s_energy_production,This Week's Energy Production,sensor,enphase_envoy,52b3d87307cd8c9624c1c60e6fa7a67a,Inverter 113203013624,Dak,device,,,0,True,no labels at all,,
sensor.inverter_113203017296_this_week_s_energy_production,This Week's Energy Production,sensor,enphase_envoy,202fd8a8d9a2824227b6dd037a3179a6,Inverter 113203017296,Dak,device,,,0,True,no labels at all,,
sensor.inverter_113203017303_this_week_s_energy_production,This Week's Energy Production,sensor,enphase_envoy,2437ba09120f0e91a1b9399f639182a1,Inverter 113203017303,Dak,device,,,0,True,no labels at all,,
sensor.inverter_113203017394_this_week_s_energy_production,This Week's Energy Production,sensor,enphase_envoy,2d192c1d2ea26b12af046be9b8752972,Inverter 113203017394,Dak,device,,,0,True,no labels at all,,
sensor.inverter_113203017400_this_week_s_energy_production,This Week's Energy Production,sensor,enphase_envoy,9591384282d7dc4187c73745a09b8168,Inverter 113203017400,Dak,device,,,0,True,no labels at all,,
sensor.inverter_113203017402_this_week_s_energy_production,This Week's Energy Production,sensor,enphase_envoy,48dc820750e3048f52bccd8e78160268,Inverter 113203017402,Dak,device,,,0,True,no labels at all,,
sensor.inverter_113203017544_this_week_s_energy_production,This Week's Energy Production,sensor,enphase_envoy,b88cc0820509cf9bf848fce8f3a4958f,Inverter 113203017544,Dak,device,,,0,True,no labels at all,,
sensor.inverter_113203017575_this_week_s_energy_production,This Week's Energy Production,sensor,enphase_envoy,acf62dd6b1840699333a4a5650c05464,Inverter 113203017575,Dak,device,,,0,True,no labels at all,,
sensor.inverter_113203017626_this_week_s_energy_production,This Week's Energy Production,sensor,enphase_envoy,aeca64bff9ab1ca51e5eff3e4c7cfbd3,Inverter 113203017626,Dak,device,,,0,True,no labels at all,,
sensor.inverter_113203017701_this_week_s_energy_production,This Week's Energy Production,sensor,enphase_envoy,b820f81feaaf20eadb9f16b15fa1a43c,Inverter 113203017701,Dak,device,,,0,True,no labels at all,,
sensor.inverter_113203000786_last_reading,Last Reading,sensor,enphase_envoy,6237a06b90d0a1fb71463f90592c2526,Inverter 113203000786,Dak,device,diagnostic,,0,True,no labels at all,,
sensor.inverter_113203011963_last_reading,Last Reading,sensor,enphase_envoy,30008ab987eeb5f3476bec81d9544e69,Inverter 113203011963,Dak,device,diagnostic,,0,True,no labels at all,,
sensor.inverter_113203013390_last_reading,Last Reading,sensor,enphase_envoy,d92b4a6e828a2d584cfee5381ba96a28,Inverter 113203013390,Dak,device,diagnostic,,0,True,no labels at all,,
sensor.inverter_113203013624_last_reading,Last Reading,sensor,enphase_envoy,52b3d87307cd8c9624c1c60e6fa7a67a,Inverter 113203013624,Dak,device,diagnostic,,0,True,no labels at all,,
sensor.inverter_113203017296_last_reading,Last Reading,sensor,enphase_envoy,202fd8a8d9a2824227b6dd037a3179a6,Inverter 113203017296,Dak,device,diagnostic,,0,True,no labels at all,,
sensor.inverter_113203017303_last_reading,Last Reading,sensor,enphase_envoy,2437ba09120f0e91a1b9399f639182a1,Inverter 113203017303,Dak,device,diagnostic,,0,True,no labels at all,,
sensor.inverter_113203017394_last_reading,Last Reading,sensor,enphase_envoy,2d192c1d2ea26b12af046be9b8752972,Inverter 113203017394,Dak,device,diagnostic,,0,True,no labels at all,,
sensor.inverter_113203017400_last_reading,Last Reading,sensor,enphase_envoy,9591384282d7dc4187c73745a09b8168,Inverter 113203017400,Dak,device,diagnostic,,0,True,no labels at all,,
sensor.inverter_113203017402_last_reading,Last Reading,sensor,enphase_envoy,48dc820750e3048f52bccd8e78160268,Inverter 113203017402,Dak,device,diagnostic,,0,True,no labels at all,,
sensor.inverter_113203017544_last_reading,Last Reading,sensor,enphase_envoy,b88cc0820509cf9bf848fce8f3a4958f,Inverter 113203017544,Dak,device,diagnostic,,0,True,no labels at all,,
sensor.inverter_113203017575_last_reading,Last Reading,sensor,enphase_envoy,acf62dd6b1840699333a4a5650c05464,Inverter 113203017575,Dak,device,diagnostic,,0,True,no labels at all,,
sensor.inverter_113203017626_last_reading,Last Reading,sensor,enphase_envoy,aeca64bff9ab1ca51e5eff3e4c7cfbd3,Inverter 113203017626,Dak,device,diagnostic,,0,True,no labels at all,,
sensor.inverter_113203017701_last_reading,Last Reading,sensor,enphase_envoy,b820f81feaaf20eadb9f16b15fa1a43c,Inverter 113203017701,Dak,device,diagnostic,,0,True,no labels at all,,
sensor.inverter_113203000786_last_reading_interval,Last Reading Interval,sensor,enphase_envoy,6237a06b90d0a1fb71463f90592c2526,Inverter 113203000786,Dak,device,diagnostic,,0,True,no labels at all,,
sensor.inverter_113203011963_last_reading_interval,Last Reading Interval,sensor,enphase_envoy,30008ab987eeb5f3476bec81d9544e69,Inverter 113203011963,Dak,device,diagnostic,,0,True,no labels at all,,
sensor.inverter_113203013390_last_reading_interval,Last Reading Interval,sensor,enphase_envoy,d92b4a6e828a2d584cfee5381ba96a28,Inverter 113203013390,Dak,device,diagnostic,,0,True,no labels at all,,
sensor.inverter_113203013624_last_reading_interval,Last Reading Interval,sensor,enphase_envoy,52b3d87307cd8c9624c1c60e6fa7a67a,Inverter 113203013624,Dak,device,diagnostic,,0,True,no labels at all,,
sensor.inverter_113203017296_last_reading_interval,Last Reading Interval,sensor,enphase_envoy,202fd8a8d9a2824227b6dd037a3179a6,Inverter 113203017296,Dak,device,diagnostic,,0,True,no labels at all,,
sensor.inverter_113203017303_last_reading_interval,Last Reading Interval,sensor,enphase_envoy,2437ba09120f0e91a1b9399f639182a1,Inverter 113203017303,Dak,device,diagnostic,,0,True,no labels at all,,
sensor.inverter_113203017394_last_reading_interval,Last Reading Interval,sensor,enphase_envoy,2d192c1d2ea26b12af046be9b8752972,Inverter 113203017394,Dak,device,diagnostic,,0,True,no labels at all,,
sensor.inverter_113203017400_last_reading_interval,Last Reading Interval,sensor,enphase_envoy,9591384282d7dc4187c73745a09b8168,Inverter 113203017400,Dak,device,diagnostic,,0,True,no labels at all,,
sensor.inverter_113203017402_last_reading_interval,Last Reading Interval,sensor,enphase_envoy,48dc820750e3048f52bccd8e78160268,Inverter 113203017402,Dak,device,diagnostic,,0,True,no labels at all,,
sensor.inverter_113203017544_last_reading_interval,Last Reading Interval,sensor,enphase_envoy,b88cc0820509cf9bf848fce8f3a4958f,Inverter 113203017544,Dak,device,diagnostic,,0,True,no labels at all,,
sensor.inverter_113203017575_last_reading_interval,Last Reading Interval,sensor,enphase_envoy,acf62dd6b1840699333a4a5650c05464,Inverter 113203017575,Dak,device,diagnostic,,0,True,no labels at all,,
sensor.inverter_113203017626_last_reading_interval,Last Reading Interval,sensor,enphase_envoy,aeca64bff9ab1ca51e5eff3e4c7cfbd3,Inverter 113203017626,Dak,device,diagnostic,,0,True,no labels at all,,
sensor.inverter_113203017701_last_reading_interval,Last Reading Interval,sensor,enphase_envoy,b820f81feaaf20eadb9f16b15fa1a43c,Inverter 113203017701,Dak,device,diagnostic,,0,True,no labels at all,,
sensor.inverter_113203000786_power_conversion_error_cycles,Power Conversion Error Cycles,sensor,enphase_envoy,6237a06b90d0a1fb71463f90592c2526,Inverter 113203000786,Dak,device,diagnostic,,0,True,no labels at all,,
sensor.inverter_113203011963_power_conversion_error_cycles,Power Conversion Error Cycles,sensor,enphase_envoy,30008ab987eeb5f3476bec81d9544e69,Inverter 113203011963,Dak,device,diagnostic,,0,True,no labels at all,,
sensor.inverter_113203013390_power_conversion_error_cycles,Power Conversion Error Cycles,sensor,enphase_envoy,d92b4a6e828a2d584cfee5381ba96a28,Inverter 113203013390,Dak,device,diagnostic,,0,True,no labels at all,,
sensor.inverter_113203013624_power_conversion_error_cycles,Power Conversion Error Cycles,sensor,enphase_envoy,52b3d87307cd8c9624c1c60e6fa7a67a,Inverter 113203013624,Dak,device,diagnostic,,0,True,no labels at all,,
sensor.inverter_113203017296_power_conversion_error_cycles,Power Conversion Error Cycles,sensor,enphase_envoy,202fd8a8d9a2824227b6dd037a3179a6,Inverter 113203017296,Dak,device,diagnostic,,0,True,no labels at all,,
sensor.inverter_113203017303_power_conversion_error_cycles,Power Conversion Error Cycles,sensor,enphase_envoy,2437ba09120f0e91a1b9399f639182a1,Inverter 113203017303,Dak,device,diagnostic,,0,True,no labels at all,,
sensor.inverter_113203017394_power_conversion_error_cycles,Power Conversion Error Cycles,sensor,enphase_envoy,2d192c1d2ea26b12af046be9b8752972,Inverter 113203017394,Dak,device,diagnostic,,0,True,no labels at all,,
sensor.inverter_113203017400_power_conversion_error_cycles,Power Conversion Error Cycles,sensor,enphase_envoy,9591384282d7dc4187c73745a09b8168,Inverter 113203017400,Dak,device,diagnostic,,0,True,no labels at all,,
sensor.inverter_113203017402_power_conversion_error_cycles,Power Conversion Error Cycles,sensor,enphase_envoy,48dc820750e3048f52bccd8e78160268,Inverter 113203017402,Dak,device,diagnostic,,0,True,no labels at all,,
sensor.inverter_113203017544_power_conversion_error_cycles,Power Conversion Error Cycles,sensor,enphase_envoy,b88cc0820509cf9bf848fce8f3a4958f,Inverter 113203017544,Dak,device,diagnostic,,0,True,no labels at all,,
sensor.inverter_113203017575_power_conversion_error_cycles,Power Conversion Error Cycles,sensor,enphase_envoy,acf62dd6b1840699333a4a5650c05464,Inverter 113203017575,Dak,device,diagnostic,,0,True,no labels at all,,
sensor.inverter_113203017626_power_conversion_error_cycles,Power Conversion Error Cycles,sensor,enphase_envoy,aeca64bff9ab1ca51e5eff3e4c7cfbd3,Inverter 113203017626,Dak,device,diagnostic,,0,True,no labels at all,,
sensor.inverter_113203017701_power_conversion_error_cycles,Power Conversion Error Cycles,sensor,enphase_envoy,b820f81feaaf20eadb9f16b15fa1a43c,Inverter 113203017701,Dak,device,diagnostic,,0,True,no labels at all,,
sensor.inverter_113203000786_power_conversion_error_seconds,Power Conversion Error Seconds,sensor,enphase_envoy,6237a06b90d0a1fb71463f90592c2526,Inverter 113203000786,Dak,device,diagnostic,,0,True,no labels at all,,
sensor.inverter_113203011963_power_conversion_error_seconds,Power Conversion Error Seconds,sensor,enphase_envoy,30008ab987eeb5f3476bec81d9544e69,Inverter 113203011963,Dak,device,diagnostic,,0,True,no labels at all,,
sensor.inverter_113203013390_power_conversion_error_seconds,Power Conversion Error Seconds,sensor,enphase_envoy,d92b4a6e828a2d584cfee5381ba96a28,Inverter 113203013390,Dak,device,diagnostic,,0,True,no labels at all,,
sensor.inverter_113203013624_power_conversion_error_seconds,Power Conversion Error Seconds,sensor,enphase_envoy,52b3d87307cd8c9624c1c60e6fa7a67a,Inverter 113203013624,Dak,device,diagnostic,,0,True,no labels at all,,
sensor.inverter_113203017296_power_conversion_error_seconds,Power Conversion Error Seconds,sensor,enphase_envoy,202fd8a8d9a2824227b6dd037a3179a6,Inverter 113203017296,Dak,device,diagnostic,,0,True,no labels at all,,
sensor.inverter_113203017303_power_conversion_error_seconds,Power Conversion Error Seconds,sensor,enphase_envoy,2437ba09120f0e91a1b9399f639182a1,Inverter 113203017303,Dak,device,diagnostic,,0,True,no labels at all,,
sensor.inverter_113203017394_power_conversion_error_seconds,Power Conversion Error Seconds,sensor,enphase_envoy,2d192c1d2ea26b12af046be9b8752972,Inverter 113203017394,Dak,device,diagnostic,,0,True,no labels at all,,
sensor.inverter_113203017400_power_conversion_error_seconds,Power Conversion Error Seconds,sensor,enphase_envoy,9591384282d7dc4187c73745a09b8168,Inverter 113203017400,Dak,device,diagnostic,,0,True,no labels at all,,
sensor.inverter_113203017402_power_conversion_error_seconds,Power Conversion Error Seconds,sensor,enphase_envoy,48dc820750e3048f52bccd8e78160268,Inverter 113203017402,Dak,device,diagnostic,,0,True,no labels at all,,
sensor.inverter_113203017544_power_conversion_error_seconds,Power Conversion Error Seconds,sensor,enphase_envoy,b88cc0820509cf9bf848fce8f3a4958f,Inverter 113203017544,Dak,device,diagnostic,,0,True,no labels at all,,
sensor.inverter_113203017575_power_conversion_error_seconds,Power Conversion Error Seconds,sensor,enphase_envoy,acf62dd6b1840699333a4a5650c05464,Inverter 113203017575,Dak,device,diagnostic,,0,True,no labels at all,,
sensor.inverter_113203017626_power_conversion_error_seconds,Power Conversion Error Seconds,sensor,enphase_envoy,aeca64bff9ab1ca51e5eff3e4c7cfbd3,Inverter 113203017626,Dak,device,diagnostic,,0,True,no labels at all,,
sensor.inverter_113203017701_power_conversion_error_seconds,Power Conversion Error Seconds,sensor,enphase_envoy,b820f81feaaf20eadb9f16b15fa1a43c,Inverter 113203017701,Dak,device,diagnostic,,0,True,no labels at all,,
sensor.envoy_113228000926_voltage_net_consumption_ct,Voltage,sensor,enphase_envoy,a6733811333c68ac35074e70c86098dd,Envoy 113228000926,Meterkast,device,,Sensor,1,False,"missing category: brand, protocol",,
sensor.envoy_113228000926_firmware_version,Firmware Version,sensor,enphase_envoy,a6733811333c68ac35074e70c86098dd,Envoy 113228000926,Meterkast,device,diagnostic,,0,True,no labels at all,,
sensor.inverter_113203000786_firmware_version,Firmware Version,sensor,enphase_envoy,6237a06b90d0a1fb71463f90592c2526,Inverter 113203000786,Dak,device,diagnostic,,0,True,no labels at all,,
sensor.inverter_113203011963_firmware_version,Firmware Version,sensor,enphase_envoy,30008ab987eeb5f3476bec81d9544e69,Inverter 113203011963,Dak,device,diagnostic,,0,True,no labels at all,,
sensor.inverter_113203013390_firmware_version,Firmware Version,sensor,enphase_envoy,d92b4a6e828a2d584cfee5381ba96a28,Inverter 113203013390,Dak,device,diagnostic,,0,True,no labels at all,,
sensor.inverter_113203013624_firmware_version,Firmware Version,sensor,enphase_envoy,52b3d87307cd8c9624c1c60e6fa7a67a,Inverter 113203013624,Dak,device,diagnostic,,0,True,no labels at all,,
sensor.inverter_113203017296_firmware_version,Firmware Version,sensor,enphase_envoy,202fd8a8d9a2824227b6dd037a3179a6,Inverter 113203017296,Dak,device,diagnostic,,0,True,no labels at all,,
sensor.inverter_113203017303_firmware_version,Firmware Version,sensor,enphase_envoy,2437ba09120f0e91a1b9399f639182a1,Inverter 113203017303,Dak,device,diagnostic,,0,True,no labels at all,,
sensor.inverter_113203017394_firmware_version,Firmware Version,sensor,enphase_envoy,2d192c1d2ea26b12af046be9b8752972,Inverter 113203017394,Dak,device,diagnostic,,0,True,no labels at all,,
sensor.inverter_113203017400_firmware_version,Firmware Version,sensor,enphase_envoy,9591384282d7dc4187c73745a09b8168,Inverter 113203017400,Dak,device,diagnostic,,0,True,no labels at all,,
sensor.inverter_113203017402_firmware_version,Firmware Version,sensor,enphase_envoy,48dc820750e3048f52bccd8e78160268,Inverter 113203017402,Dak,device,diagnostic,,0,True,no labels at all,,
sensor.inverter_113203017544_firmware_version,Firmware Version,sensor,enphase_envoy,b88cc0820509cf9bf848fce8f3a4958f,Inverter 113203017544,Dak,device,diagnostic,,0,True,no labels at all,,
sensor.inverter_113203017575_firmware_version,Firmware Version,sensor,enphase_envoy,acf62dd6b1840699333a4a5650c05464,Inverter 113203017575,Dak,device,diagnostic,,0,True,no labels at all,,
sensor.inverter_113203017626_firmware_version,Firmware Version,sensor,enphase_envoy,aeca64bff9ab1ca51e5eff3e4c7cfbd3,Inverter 113203017626,Dak,device,diagnostic,,0,True,no labels at all,,
sensor.inverter_113203017701_firmware_version,Firmware Version,sensor,enphase_envoy,b820f81feaaf20eadb9f16b15fa1a43c,Inverter 113203017701,Dak,device,diagnostic,,0,True,no labels at all,,
sensor.relay_122315065630_firmware_version,Firmware Version,sensor,enphase_envoy,04bd84b50c405bc77ab9fd95ec18305b,Relay 122315065630,Meterkast,device,diagnostic,,0,True,no labels at all,,
sensor.relay_122315065630_state_change_count,State Change Count,sensor,enphase_envoy,04bd84b50c405bc77ab9fd95ec18305b,Relay 122315065630,Meterkast,device,diagnostic,,0,True,no labels at all,,
sensor.relay_122315065630_temperature,Temperature,sensor,enphase_envoy,04bd84b50c405bc77ab9fd95ec18305b,Relay 122315065630,Meterkast,device,,,0,True,no labels at all,,
sensor.relay_122315065630_voltage_l1,Voltage L1,sensor,enphase_envoy,04bd84b50c405bc77ab9fd95ec18305b,Relay 122315065630,Meterkast,device,,,0,True,no labels at all,,
sensor.relay_122315065630_voltage_l2,Voltage L2,sensor,enphase_envoy,04bd84b50c405bc77ab9fd95ec18305b,Relay 122315065630,Meterkast,device,,,0,True,no labels at all,,
sensor.relay_122315065630_voltage_l3,Voltage L3,sensor,enphase_envoy,04bd84b50c405bc77ab9fd95ec18305b,Relay 122315065630,Meterkast,device,,,0,True,no labels at all,,
sensor.relay_122315065630_frequency,Frequency,sensor,enphase_envoy,04bd84b50c405bc77ab9fd95ec18305b,Relay 122315065630,Meterkast,device,,,0,True,no labels at all,,
sensor.relay_122315065630_last_reading,Last Reading,sensor,enphase_envoy,04bd84b50c405bc77ab9fd95ec18305b,Relay 122315065630,Meterkast,device,diagnostic,,0,True,no labels at all,,
sensor.envoy_113228000926_current_power_production_l1,Power Production L1,sensor,enphase_envoy,a6733811333c68ac35074e70c86098dd,Envoy 113228000926,Meterkast,device,,Sensor,1,False,"missing category: brand, protocol",,
sensor.envoy_113228000926_energy_production_today_l1,Today's Energy Production L1,sensor,enphase_envoy,a6733811333c68ac35074e70c86098dd,Envoy 113228000926,Meterkast,device,,Sensor,1,False,"missing category: brand, protocol",,
sensor.envoy_113228000926_lifetime_energy_production_l1,Lifetime Energy Production L1,sensor,enphase_envoy,a6733811333c68ac35074e70c86098dd,Envoy 113228000926,Meterkast,device,,Sensor,1,False,"missing category: brand, protocol",,
sensor.envoy_113228000926_voltage_net_consumption_ct_l1,Voltage L1,sensor,enphase_envoy,a6733811333c68ac35074e70c86098dd,Envoy 113228000926,Meterkast,device,,Sensor,1,False,"missing category: brand, protocol",,
sensor.envoy_113228000926_current_power_consumption_l1,Power Consumption L1,sensor,enphase_envoy,a6733811333c68ac35074e70c86098dd,Envoy 113228000926,Meterkast,device,,Sensor,1,False,"missing category: brand, protocol",,
sensor.envoy_113228000926_energy_consumption_today_l1,Today's Energy Consumption L1,sensor,enphase_envoy,a6733811333c68ac35074e70c86098dd,Envoy 113228000926,Meterkast,device,,Sensor,1,False,"missing category: brand, protocol",,
sensor.envoy_113228000926_lifetime_energy_consumption_l1,Lifetime Energy Consumption L1,sensor,enphase_envoy,a6733811333c68ac35074e70c86098dd,Envoy 113228000926,Meterkast,device,,Sensor,1,False,"missing category: brand, protocol",,
sensor.envoy_113228000926_current_net_power_consumption_l1,Net Power Consumption L1,sensor,enphase_envoy,a6733811333c68ac35074e70c86098dd,Envoy 113228000926,Meterkast,device,,Sensor,1,False,"missing category: brand, protocol",,
sensor.envoy_113228000926_today_s_net_energy_consumption_l1,Today's Net Energy Consumption L1,sensor,enphase_envoy,a6733811333c68ac35074e70c86098dd,Envoy 113228000926,Meterkast,device,,,0,True,no labels at all,,
sensor.envoy_113228000926_lifetime_net_energy_consumption_l1,Lifetime Net Energy Consumption L1,sensor,enphase_envoy,a6733811333c68ac35074e70c86098dd,Envoy 113228000926,Meterkast,device,,Sensor,1,False,"missing category: brand, protocol",,
sensor.envoy_113228000926_current_power_production_l2,Power Production L2,sensor,enphase_envoy,a6733811333c68ac35074e70c86098dd,Envoy 113228000926,Meterkast,device,,Sensor,1,False,"missing category: brand, protocol",,
sensor.envoy_113228000926_energy_production_today_l2,Today's Energy Production L2,sensor,enphase_envoy,a6733811333c68ac35074e70c86098dd,Envoy 113228000926,Meterkast,device,,Sensor,1,False,"missing category: brand, protocol",,
sensor.envoy_113228000926_lifetime_energy_production_l2,Lifetime Energy Production L2,sensor,enphase_envoy,a6733811333c68ac35074e70c86098dd,Envoy 113228000926,Meterkast,device,,Sensor,1,False,"missing category: brand, protocol",,
sensor.envoy_113228000926_voltage_net_consumption_ct_l2,Voltage L2,sensor,enphase_envoy,a6733811333c68ac35074e70c86098dd,Envoy 113228000926,Meterkast,device,,Sensor,1,False,"missing category: brand, protocol",,
sensor.envoy_113228000926_current_power_consumption_l2,Power Consumption L2,sensor,enphase_envoy,a6733811333c68ac35074e70c86098dd,Envoy 113228000926,Meterkast,device,,Sensor,1,False,"missing category: brand, protocol",,
sensor.envoy_113228000926_energy_consumption_today_l2,Today's Energy Consumption L2,sensor,enphase_envoy,a6733811333c68ac35074e70c86098dd,Envoy 113228000926,Meterkast,device,,Sensor,1,False,"missing category: brand, protocol",,
sensor.envoy_113228000926_lifetime_energy_consumption_l2,Lifetime Energy Consumption L2,sensor,enphase_envoy,a6733811333c68ac35074e70c86098dd,Envoy 113228000926,Meterkast,device,,Sensor,1,False,"missing category: brand, protocol",,
sensor.envoy_113228000926_current_net_power_consumption_l2,Net Power Consumption L2,sensor,enphase_envoy,a6733811333c68ac35074e70c86098dd,Envoy 113228000926,Meterkast,device,,Sensor,1,False,"missing category: brand, protocol",,
sensor.envoy_113228000926_today_s_net_energy_consumption_l2,Today's Net Energy Consumption L2,sensor,enphase_envoy,a6733811333c68ac35074e70c86098dd,Envoy 113228000926,Meterkast,device,,,0,True,no labels at all,,
sensor.envoy_113228000926_lifetime_net_energy_consumption_l2,Lifetime Net Energy Consumption L2,sensor,enphase_envoy,a6733811333c68ac35074e70c86098dd,Envoy 113228000926,Meterkast,device,,Sensor,1,False,"missing category: brand, protocol",,
sensor.envoy_113228000926_current_power_production_l3,Power Production L3,sensor,enphase_envoy,a6733811333c68ac35074e70c86098dd,Envoy 113228000926,Meterkast,device,,Sensor,1,False,"missing category: brand, protocol",,
sensor.envoy_113228000926_energy_production_today_l3,Today's Energy Production L3,sensor,enphase_envoy,a6733811333c68ac35074e70c86098dd,Envoy 113228000926,Meterkast,device,,Sensor,1,False,"missing category: brand, protocol",,
sensor.envoy_113228000926_lifetime_energy_production_l3,Lifetime Energy Production L3,sensor,enphase_envoy,a6733811333c68ac35074e70c86098dd,Envoy 113228000926,Meterkast,device,,Sensor,1,False,"missing category: brand, protocol",,
sensor.envoy_113228000926_voltage_net_consumption_ct_l3,Voltage L3,sensor,enphase_envoy,a6733811333c68ac35074e70c86098dd,Envoy 113228000926,Meterkast,device,,Sensor,1,False,"missing category: brand, protocol",,
sensor.envoy_113228000926_current_power_consumption_l3,Power Consumption L3,sensor,enphase_envoy,a6733811333c68ac35074e70c86098dd,Envoy 113228000926,Meterkast,device,,Sensor,1,False,"missing category: brand, protocol",,
sensor.envoy_113228000926_energy_consumption_today_l3,Today's Energy Consumption L3,sensor,enphase_envoy,a6733811333c68ac35074e70c86098dd,Envoy 113228000926,Meterkast,device,,Sensor,1,False,"missing category: brand, protocol",,
sensor.envoy_113228000926_lifetime_energy_consumption_l3,Lifetime Energy Consumption L3,sensor,enphase_envoy,a6733811333c68ac35074e70c86098dd,Envoy 113228000926,Meterkast,device,,Sensor,1,False,"missing category: brand, protocol",,
sensor.envoy_113228000926_current_net_power_consumption_l3,Net Power Consumption L3,sensor,enphase_envoy,a6733811333c68ac35074e70c86098dd,Envoy 113228000926,Meterkast,device,,Sensor,1,False,"missing category: brand, protocol",,
sensor.envoy_113228000926_today_s_net_energy_consumption_l3,Today's Net Energy Consumption L3,sensor,enphase_envoy,a6733811333c68ac35074e70c86098dd,Envoy 113228000926,Meterkast,device,,,0,True,no labels at all,,
sensor.envoy_113228000926_lifetime_net_energy_consumption_l3,Lifetime Net Energy Consumption L3,sensor,enphase_envoy,a6733811333c68ac35074e70c86098dd,Envoy 113228000926,Meterkast,device,,Sensor,1,False,"missing category: brand, protocol",,
binary_sensor.inverter_113203000786_producing,Producing,binary_sensor,enphase_envoy,6237a06b90d0a1fb71463f90592c2526,Inverter 113203000786,Dak,device,diagnostic,,0,True,no labels at all,,
binary_sensor.inverter_113203011963_producing,Producing,binary_sensor,enphase_envoy,30008ab987eeb5f3476bec81d9544e69,Inverter 113203011963,Dak,device,diagnostic,,0,True,no labels at all,,
binary_sensor.inverter_113203013390_producing,Producing,binary_sensor,enphase_envoy,d92b4a6e828a2d584cfee5381ba96a28,Inverter 113203013390,Dak,device,diagnostic,,0,True,no labels at all,,
binary_sensor.inverter_113203013624_producing,Producing,binary_sensor,enphase_envoy,52b3d87307cd8c9624c1c60e6fa7a67a,Inverter 113203013624,Dak,device,diagnostic,,0,True,no labels at all,,
binary_sensor.inverter_113203017296_producing,Producing,binary_sensor,enphase_envoy,202fd8a8d9a2824227b6dd037a3179a6,Inverter 113203017296,Dak,device,diagnostic,,0,True,no labels at all,,
binary_sensor.inverter_113203017303_producing,Producing,binary_sensor,enphase_envoy,2437ba09120f0e91a1b9399f639182a1,Inverter 113203017303,Dak,device,diagnostic,,0,True,no labels at all,,
binary_sensor.inverter_113203017394_producing,Producing,binary_sensor,enphase_envoy,2d192c1d2ea26b12af046be9b8752972,Inverter 113203017394,Dak,device,diagnostic,,0,True,no labels at all,,
binary_sensor.inverter_113203017400_producing,Producing,binary_sensor,enphase_envoy,9591384282d7dc4187c73745a09b8168,Inverter 113203017400,Dak,device,diagnostic,,0,True,no labels at all,,
binary_sensor.inverter_113203017402_producing,Producing,binary_sensor,enphase_envoy,48dc820750e3048f52bccd8e78160268,Inverter 113203017402,Dak,device,diagnostic,,0,True,no labels at all,,
binary_sensor.inverter_113203017544_producing,Producing,binary_sensor,enphase_envoy,b88cc0820509cf9bf848fce8f3a4958f,Inverter 113203017544,Dak,device,diagnostic,,0,True,no labels at all,,
binary_sensor.inverter_113203017575_producing,Producing,binary_sensor,enphase_envoy,acf62dd6b1840699333a4a5650c05464,Inverter 113203017575,Dak,device,diagnostic,,0,True,no labels at all,,
binary_sensor.inverter_113203017626_producing,Producing,binary_sensor,enphase_envoy,aeca64bff9ab1ca51e5eff3e4c7cfbd3,Inverter 113203017626,Dak,device,diagnostic,,0,True,no labels at all,,
binary_sensor.inverter_113203017701_producing,Producing,binary_sensor,enphase_envoy,b820f81feaaf20eadb9f16b15fa1a43c,Inverter 113203017701,Dak,device,diagnostic,,0,True,no labels at all,,
binary_sensor.inverter_113203000786_communicating,Communicating,binary_sensor,enphase_envoy,6237a06b90d0a1fb71463f90592c2526,Inverter 113203000786,Dak,device,diagnostic,,0,True,no labels at all,,
binary_sensor.inverter_113203011963_communicating,Communicating,binary_sensor,enphase_envoy,30008ab987eeb5f3476bec81d9544e69,Inverter 113203011963,Dak,device,diagnostic,,0,True,no labels at all,,
binary_sensor.inverter_113203013390_communicating,Communicating,binary_sensor,enphase_envoy,d92b4a6e828a2d584cfee5381ba96a28,Inverter 113203013390,Dak,device,diagnostic,,0,True,no labels at all,,
binary_sensor.inverter_113203013624_communicating,Communicating,binary_sensor,enphase_envoy,52b3d87307cd8c9624c1c60e6fa7a67a,Inverter 113203013624,Dak,device,diagnostic,,0,True,no labels at all,,
binary_sensor.inverter_113203017296_communicating,Communicating,binary_sensor,enphase_envoy,202fd8a8d9a2824227b6dd037a3179a6,Inverter 113203017296,Dak,device,diagnostic,,0,True,no labels at all,,
binary_sensor.inverter_113203017303_communicating,Communicating,binary_sensor,enphase_envoy,2437ba09120f0e91a1b9399f639182a1,Inverter 113203017303,Dak,device,diagnostic,,0,True,no labels at all,,
binary_sensor.inverter_113203017394_communicating,Communicating,binary_sensor,enphase_envoy,2d192c1d2ea26b12af046be9b8752972,Inverter 113203017394,Dak,device,diagnostic,,0,True,no labels at all,,
binary_sensor.inverter_113203017400_communicating,Communicating,binary_sensor,enphase_envoy,9591384282d7dc4187c73745a09b8168,Inverter 113203017400,Dak,device,diagnostic,,0,True,no labels at all,,
binary_sensor.inverter_113203017402_communicating,Communicating,binary_sensor,enphase_envoy,48dc820750e3048f52bccd8e78160268,Inverter 113203017402,Dak,device,diagnostic,,0,True,no labels at all,,
binary_sensor.inverter_113203017544_communicating,Communicating,binary_sensor,enphase_envoy,b88cc0820509cf9bf848fce8f3a4958f,Inverter 113203017544,Dak,device,diagnostic,,0,True,no labels at all,,
binary_sensor.inverter_113203017575_communicating,Communicating,binary_sensor,enphase_envoy,acf62dd6b1840699333a4a5650c05464,Inverter 113203017575,Dak,device,diagnostic,,0,True,no labels at all,,
binary_sensor.inverter_113203017626_communicating,Communicating,binary_sensor,enphase_envoy,aeca64bff9ab1ca51e5eff3e4c7cfbd3,Inverter 113203017626,Dak,device,diagnostic,,0,True,no labels at all,,
binary_sensor.inverter_113203017701_communicating,Communicating,binary_sensor,enphase_envoy,b820f81feaaf20eadb9f16b15fa1a43c,Inverter 113203017701,Dak,device,diagnostic,,0,True,no labels at all,,
binary_sensor.relay_122315065630_contact,Contact,binary_sensor,enphase_envoy,04bd84b50c405bc77ab9fd95ec18305b,Relay 122315065630,Meterkast,device,,,0,True,no labels at all,,
binary_sensor.relay_122315065630_communicating,Communicating,binary_sensor,enphase_envoy,04bd84b50c405bc77ab9fd95ec18305b,Relay 122315065630,Meterkast,device,diagnostic,,0,True,no labels at all,,
sensor.enphase_site_5850163_last_successful_update,Last Successful Update,sensor,enphase_ev,0e6434e4a2f6fd184573d242d37e6f23,Enphase Cloud,Unknown,device,diagnostic,,0,True,no labels at all,,
sensor.enphase_site_5850163_cloud_latency,Cloud Latency,sensor,enphase_ev,0e6434e4a2f6fd184573d242d37e6f23,Enphase Cloud,Unknown,device,diagnostic,,0,True,no labels at all,,
sensor.enphase_site_5850163_cloud_error_code,Cloud Error Code,sensor,enphase_ev,0e6434e4a2f6fd184573d242d37e6f23,Enphase Cloud,Unknown,device,diagnostic,,0,True,no labels at all,,
sensor.enphase_site_5850163_cloud_backoff_ends,Cloud Backoff Ends,sensor,enphase_ev,0e6434e4a2f6fd184573d242d37e6f23,Enphase Cloud,Unknown,device,diagnostic,,0,True,no labels at all,,
sensor.kleinpaal_last_session,Last Session,sensor,enphase_ev,bcb097c35263d2a48844a2286b06586d,Kleinpaal,Voortuin,device,,,0,True,no labels at all,,
sensor.kleinpaal_connector_status,Connector Status,sensor,enphase_ev,bcb097c35263d2a48844a2286b06586d,Kleinpaal,Voortuin,device,,,0,True,no labels at all,,
sensor.kleinpaal_electrical_phase,Electrical Phase,sensor,enphase_ev,bcb097c35263d2a48844a2286b06586d,Kleinpaal,Voortuin,device,diagnostic,,0,True,no labels at all,,
sensor.kleinpaal_power,Power,sensor,enphase_ev,bcb097c35263d2a48844a2286b06586d,Kleinpaal,Voortuin,device,,,0,True,no labels at all,,
sensor.kleinpaal_set_amps,Set Amps,sensor,enphase_ev,bcb097c35263d2a48844a2286b06586d,Kleinpaal,Voortuin,device,,,0,True,no labels at all,,
sensor.kleinpaal_last_reported_at,Last Reported At,sensor,enphase_ev,bcb097c35263d2a48844a2286b06586d,Kleinpaal,Voortuin,device,diagnostic,,0,True,no labels at all,,
sensor.kleinpaal_charge_mode,Charge Mode,sensor,enphase_ev,bcb097c35263d2a48844a2286b06586d,Kleinpaal,Voortuin,device,,,0,True,no labels at all,,
sensor.kleinpaal_status,Charger Status,sensor,enphase_ev,bcb097c35263d2a48844a2286b06586d,Kleinpaal,Voortuin,device,diagnostic,,0,True,no labels at all,,
sensor.kleinpaal_lifetime_energy,Lifetime Energy,sensor,enphase_ev,bcb097c35263d2a48844a2286b06586d,Kleinpaal,Voortuin,device,,,0,True,no labels at all,,
binary_sensor.enphase_site_5850163_cloud_reachable,Cloud Reachable,binary_sensor,enphase_ev,0e6434e4a2f6fd184573d242d37e6f23,Enphase Cloud,Unknown,device,diagnostic,,0,True,no labels at all,,
binary_sensor.kleinpaal_plugged_in,Plugged In,binary_sensor,enphase_ev,bcb097c35263d2a48844a2286b06586d,Kleinpaal,Voortuin,device,,,0,True,no labels at all,,
binary_sensor.kleinpaal_charging,Charging,binary_sensor,enphase_ev,bcb097c35263d2a48844a2286b06586d,Kleinpaal,Voortuin,device,,,0,True,no labels at all,,
binary_sensor.kleinpaal_connectivity,Connectivity,binary_sensor,enphase_ev,bcb097c35263d2a48844a2286b06586d,Kleinpaal,Voortuin,device,diagnostic,,0,True,no labels at all,,
button.kleinpaal_start_charging,Start Charging,button,enphase_ev,bcb097c35263d2a48844a2286b06586d,Kleinpaal,Voortuin,device,,,0,True,no labels at all,,
button.kleinpaal_stop_charging,Stop Charging,button,enphase_ev,bcb097c35263d2a48844a2286b06586d,Kleinpaal,Voortuin,device,,,0,True,no labels at all,,
select.kleinpaal_charge_mode,Charge Mode,select,enphase_ev,bcb097c35263d2a48844a2286b06586d,Kleinpaal,Voortuin,device,,,0,True,no labels at all,,
number.kleinpaal_charging_amps,Charging Amps,number,enphase_ev,bcb097c35263d2a48844a2286b06586d,Kleinpaal,Voortuin,device,,,0,True,no labels at all,,
switch.kleinpaal,,switch,enphase_ev,bcb097c35263d2a48844a2286b06586d,Kleinpaal,Voortuin,device,,,0,True,no labels at all,,
update.custom_features_for_home_assistant_cards_update,Update,update,hacs,7e478599f031587fe9a2c24b7c260f90,Custom Features for Home Assistant Cards,Digital only,device,config,,0,True,no labels at all,,
zone.afs,AFS,zone,zone,,,Map,entity,,Zone,1,False,"missing category: brand, protocol, function; uncategorized label(s): Zone",,
switch.custom_features_for_home_assistant_cards_pre_release,Pre-release,switch,hacs,7e478599f031587fe9a2c24b7c260f90,Custom Features for Home Assistant Cards,Digital only,device,diagnostic,,0,True,no labels at all,integration,
zone.falco,Falco,zone,zone,,,,,,,0,True,no labels at all,,
select.epl_living_room_bluetooth_proxy,Bluetooth Proxy,select,esphome,4c6b08aaed0263fc350ca82c71c0dc61,EPL Living room,Woonkamer,device,diagnostic,,0,True,no labels at all,,
select.epl_living_room_co2_sensor,CO2 Sensor,select,esphome,4c6b08aaed0263fc350ca82c71c0dc61,EPL Living room,Woonkamer,device,diagnostic,,0,True,no labels at all,,
button.epl_living_room_apply_update,Apply Update,button,esphome,4c6b08aaed0263fc350ca82c71c0dc61,EPL Living room,Woonkamer,device,diagnostic,,0,True,no labels at all,,
zone.gulia,Gulia,zone,zone,,,,,,,0,True,no labels at all,,
sensor.kleinpaal_charger_authentication,Charger Authentication,sensor,enphase_ev,bcb097c35263d2a48844a2286b06586d,Kleinpaal,Voortuin,device,,,0,True,no labels at all,,
update.universal_notifier_update,Update,update,hacs,9ff98c8928f543abf15cfa6ed2d44d68,Universal Notifier,Digital only,device,config,,0,True,no labels at all,,
switch.universal_notifier_pre_release,Pre-release,switch,hacs,9ff98c8928f543abf15cfa6ed2d44d68,Universal Notifier,Digital only,device,diagnostic,,0,True,no labels at all,integration,
switch.home_assistant_connect_zbt_2_dcb4d914a57c_beta_firmware_updates,Beta firmware updates,switch,homeassistant_connect_zbt2,ce491f5154c37a823a5a838838444b2f,ZBT-2 - Thread Border Router,Woonkamer,device,config,,0,True,no labels at all,integration,
update.home_assistant_connect_zbt_2_dcb4d914a57c_firmware,Firmware,update,homeassistant_connect_zbt2,ce491f5154c37a823a5a838838444b2f,ZBT-2 - Thread Border Router,Woonkamer,device,config,,0,True,no labels at all,,
binary_sensor.openthread_border_router_running,Running,binary_sensor,hassio,76b52f3606b9e4a84ebfe6d54e76dc69,OpenThread Border Router,Digital only,device,,,0,True,no labels at all,integration,
sensor.openthread_border_router_version,Version,sensor,hassio,76b52f3606b9e4a84ebfe6d54e76dc69,OpenThread Border Router,Digital only,device,,,0,True,no labels at all,integration,
sensor.openthread_border_router_newest_version,Newest version,sensor,hassio,76b52f3606b9e4a84ebfe6d54e76dc69,OpenThread Border Router,Digital only,device,,,0,True,no labels at all,integration,
sensor.openthread_border_router_cpu_percent,CPU percent,sensor,hassio,76b52f3606b9e4a84ebfe6d54e76dc69,OpenThread Border Router,Digital only,device,,,0,True,no labels at all,integration,
sensor.openthread_border_router_memory_percent,Memory percent,sensor,hassio,76b52f3606b9e4a84ebfe6d54e76dc69,OpenThread Border Router,Digital only,device,,,0,True,no labels at all,integration,
switch.openthread_border_router,,switch,hassio,76b52f3606b9e4a84ebfe6d54e76dc69,OpenThread Border Router,Digital only,device,,,0,True,no labels at all,integration,
update.openthread_border_router_update,Update,update,hassio,76b52f3606b9e4a84ebfe6d54e76dc69,OpenThread Border Router,Digital only,device,config,,0,True,no labels at all,,
binary_sensor.matter_server_running,Running,binary_sensor,hassio,c8d1554c0b65bf5eae29bf3207b107a7,Matter Server,Digital only,device,,,0,True,no labels at all,,
sensor.matter_server_version,Version,sensor,hassio,c8d1554c0b65bf5eae29bf3207b107a7,Matter Server,Digital only,device,,,0,True,no labels at all,,
sensor.matter_server_newest_version,Newest version,sensor,hassio,c8d1554c0b65bf5eae29bf3207b107a7,Matter Server,Digital only,device,,,0,True,no labels at all,,
sensor.matter_server_cpu_percent,CPU percent,sensor,hassio,c8d1554c0b65bf5eae29bf3207b107a7,Matter Server,Digital only,device,,,0,True,no labels at all,,
sensor.matter_server_memory_percent,Memory percent,sensor,hassio,c8d1554c0b65bf5eae29bf3207b107a7,Matter Server,Digital only,device,,,0,True,no labels at all,,
switch.matter_server,,switch,hassio,c8d1554c0b65bf5eae29bf3207b107a7,Matter Server,Digital only,device,,,0,True,no labels at all,integration,
update.matter_server_update,Update,update,hassio,c8d1554c0b65bf5eae29bf3207b107a7,Matter Server,Digital only,device,config,,0,True,no labels at all,,
media_player.kleintv_2,,media_player,dlna_dmr,71d3be0dfe474c7187969b04eacc5b85,KleinTV,Woonkamer,device,,,0,True,no labels at all,,
zone.uwv_kantoor_almere_2,UWV kantoor Almere,zone,zone,,,,,,,0,True,no labels at all,,
button.0x04e3e5fffe09f5fd_identify,Identify,button,mqtt,43c258f66beb2c1ff8ca336fa3e9d7a4,Bedroom IR panel thermostat,Slaapkamer R/R,device,config,,0,True,no labels at all,,
sensor.0x04e3e5fffe09f5fd_battery,Battery,sensor,mqtt,43c258f66beb2c1ff8ca336fa3e9d7a4,Bedroom IR panel thermostat,Slaapkamer R/R,device,diagnostic,,0,True,no labels at all,,
sensor.0x04e3e5fffe09f5fd_voltage,Voltage,sensor,mqtt,43c258f66beb2c1ff8ca336fa3e9d7a4,Bedroom IR panel thermostat,Slaapkamer R/R,device,diagnostic,,0,True,no labels at all,,
sensor.0x04e3e5fffe09f5fd_linkquality,Linkquality,sensor,mqtt,43c258f66beb2c1ff8ca336fa3e9d7a4,Bedroom IR panel thermostat,Slaapkamer R/R,device,diagnostic,,0,True,no labels at all,integration,
update.0x04e3e5fffe09f5fd,,update,mqtt,43c258f66beb2c1ff8ca336fa3e9d7a4,Bedroom IR panel thermostat,Slaapkamer R/R,device,config,,0,True,no labels at all,,
sensor.0x84ba20fffe3217f5_linkquality,Linkquality,sensor,mqtt,286cce140df7ccfc57a7c5a54e0fc755,0x84ba20fffe3217f5,,,diagnostic,,0,True,no labels at all,integration,
button.0x84ba20fffe3217f5_identify,Identify,button,mqtt,286cce140df7ccfc57a7c5a54e0fc755,0x84ba20fffe3217f5,,,config,,0,True,no labels at all,,
sensor.0x84ba20fffe3217f5_battery,Battery,sensor,mqtt,286cce140df7ccfc57a7c5a54e0fc755,0x84ba20fffe3217f5,,,diagnostic,,0,True,no labels at all,,
update.0x84ba20fffe3217f5,,update,mqtt,286cce140df7ccfc57a7c5a54e0fc755,0x84ba20fffe3217f5,,,config,,0,True,no labels at all,,
sensor.rudi_klein_disk_size,Disk size,sensor,immich,5ed45db28ae98d9837ca3890135a9434,Rudi Klein,Digital only,device,diagnostic,Sensor,1,False,"missing category: brand, protocol",,
sensor.rudi_klein_disk_available,Disk available,sensor,immich,5ed45db28ae98d9837ca3890135a9434,Rudi Klein,Digital only,device,diagnostic,Sensor,1,False,"missing category: brand, protocol",,
sensor.rudi_klein_disk_used,Disk used,sensor,immich,5ed45db28ae98d9837ca3890135a9434,Rudi Klein,Digital only,device,diagnostic,,0,True,no labels at all,,
sensor.rudi_klein_disk_usage,Disk usage,sensor,immich,5ed45db28ae98d9837ca3890135a9434,Rudi Klein,Digital only,device,diagnostic,,0,True,no labels at all,,
sensor.rudi_klein_photos_count,Photos count,sensor,immich,5ed45db28ae98d9837ca3890135a9434,Rudi Klein,Digital only,device,diagnostic,Sensor,1,False,"missing category: brand, protocol",,
sensor.rudi_klein_videos_count,Videos count,sensor,immich,5ed45db28ae98d9837ca3890135a9434,Rudi Klein,Digital only,device,diagnostic,Sensor,1,False,"missing category: brand, protocol",,
sensor.rudi_klein_disk_used_by_photos,Disk used by photos,sensor,immich,5ed45db28ae98d9837ca3890135a9434,Rudi Klein,Digital only,device,diagnostic,,0,True,no labels at all,,
sensor.rudi_klein_disk_used_by_videos,Disk used by videos,sensor,immich,5ed45db28ae98d9837ca3890135a9434,Rudi Klein,Digital only,device,diagnostic,,0,True,no labels at all,,
update.rudi_klein_version,Version,update,immich,5ed45db28ae98d9837ca3890135a9434,Rudi Klein,Digital only,device,diagnostic,,0,True,no labels at all,,
sensor.myggbett_door_window_sensor_battery_2,Battery,sensor,matter,91cfaea656c580648ac873f9e91dabf6,Unassigned,Unknown,device,diagnostic,,0,True,no labels at all,,
sensor.myggbett_door_window_sensor_battery_voltage_2,Battery voltage,sensor,matter,91cfaea656c580648ac873f9e91dabf6,Unassigned,Unknown,device,diagnostic,,0,True,no labels at all,,
sensor.myggbett_door_window_sensor_battery_type_2,Battery type,sensor,matter,91cfaea656c580648ac873f9e91dabf6,Unassigned,Unknown,device,diagnostic,,0,True,no labels at all,,
update.myggbett_door_window_sensor_firmware_2,Firmware,update,matter,91cfaea656c580648ac873f9e91dabf6,Unassigned,Unknown,device,config,,0,True,no labels at all,,
binary_sensor.myggbett_door_window_sensor_door_2,Door,binary_sensor,matter,91cfaea656c580648ac873f9e91dabf6,Unassigned,Unknown,device,,,0,True,no labels at all,,
button.myggbett_door_window_sensor_identify_2,Identify,button,matter,91cfaea656c580648ac873f9e91dabf6,Unassigned,Unknown,device,diagnostic,,0,True,no labels at all,,
sensor.huiskamerdeur_battery,Battery,sensor,matter,e17056e82687d602bb61f09769e79574,Huiskamerdeur,Woonkamer,device,diagnostic,,0,True,no labels at all,,
sensor.huiskamerdeur_battery_type,Battery type,sensor,matter,e17056e82687d602bb61f09769e79574,Huiskamerdeur,Woonkamer,device,diagnostic,,0,True,no labels at all,,
sensor.huiskamerdeur_battery_voltage,Battery voltage,sensor,matter,e17056e82687d602bb61f09769e79574,Huiskamerdeur,Woonkamer,device,diagnostic,,0,True,no labels at all,,
binary_sensor.huiskamerdeur_door,Door,binary_sensor,matter,e17056e82687d602bb61f09769e79574,Huiskamerdeur,Woonkamer,device,,,0,True,no labels at all,,
update.huiskamerdeur_firmware,Firmware,update,matter,e17056e82687d602bb61f09769e79574,Huiskamerdeur,Woonkamer,device,config,,0,True,no labels at all,,
button.huiskamerdeur_identify,Identify,button,matter,e17056e82687d602bb61f09769e79574,Huiskamerdeur,Woonkamer,device,diagnostic,,0,True,no labels at all,,
light.badkamerlicht,,light,matter,470fc37ac146f9ab82cf89cd3e30918b,Badkamerlicht,Badkamer,device,,,0,True,no labels at all,,
update.badkamerlicht_firmware,Firmware,update,matter,470fc37ac146f9ab82cf89cd3e30918b,Badkamerlicht,Badkamer,device,config,,0,True,no labels at all,,
button.badkamerlicht_identify,Identify,button,matter,470fc37ac146f9ab82cf89cd3e30918b,Badkamerlicht,Badkamer,device,diagnostic,,0,True,no labels at all,,
number.badkamerlicht_off_transition_time,Off transition time,number,matter,470fc37ac146f9ab82cf89cd3e30918b,Badkamerlicht,Badkamer,device,config,,0,True,no labels at all,,
number.badkamerlicht_on_level,On level,number,matter,470fc37ac146f9ab82cf89cd3e30918b,Badkamerlicht,Badkamer,device,config,,0,True,no labels at all,,
number.badkamerlicht_on_transition_time,On transition time,number,matter,470fc37ac146f9ab82cf89cd3e30918b,Badkamerlicht,Badkamer,device,config,,0,True,no labels at all,,
number.badkamerlicht_on_off_transition_time,On/Off transition time,number,matter,470fc37ac146f9ab82cf89cd3e30918b,Badkamerlicht,Badkamer,device,config,,0,True,no labels at all,,
select.badkamerlicht_power_on_behavior_on_startup,Power-on behavior,select,matter,470fc37ac146f9ab82cf89cd3e30918b,Badkamerlicht,Badkamer,device,config,,0,True,no labels at all,,
sensor.tuindeur_battery,Battery,sensor,matter,2f4c636879199e19f1bc8e7902d1ec70,Tuindeur,Woonkamer,device,diagnostic,,0,True,no labels at all,,
sensor.tuindeur_battery_type,Battery type,sensor,matter,2f4c636879199e19f1bc8e7902d1ec70,Tuindeur,Woonkamer,device,diagnostic,,0,True,no labels at all,,
sensor.tuindeur_battery_voltage,Battery voltage,sensor,matter,2f4c636879199e19f1bc8e7902d1ec70,Tuindeur,Woonkamer,device,diagnostic,,0,True,no labels at all,,
binary_sensor.tuindeur_door,Door,binary_sensor,matter,2f4c636879199e19f1bc8e7902d1ec70,Tuindeur,Woonkamer,device,,,0,True,no labels at all,,
update.tuindeur_firmware,Firmware,update,matter,2f4c636879199e19f1bc8e7902d1ec70,Tuindeur,Woonkamer,device,config,,0,True,no labels at all,,
button.tuindeur_identify,Identify,button,matter,2f4c636879199e19f1bc8e7902d1ec70,Tuindeur,Woonkamer,device,diagnostic,,0,True,no labels at all,,
sensor.voordeur_battery,Battery,sensor,matter,113bfaed9b050ba9e47d2a340081d3ad,Voordeur,Hal beneden,device,diagnostic,,0,True,no labels at all,,
sensor.voordeur_battery_type,Battery type,sensor,matter,113bfaed9b050ba9e47d2a340081d3ad,Voordeur,Hal beneden,device,diagnostic,,0,True,no labels at all,,
sensor.voordeur_battery_voltage,Battery voltage,sensor,matter,113bfaed9b050ba9e47d2a340081d3ad,Voordeur,Hal beneden,device,diagnostic,,0,True,no labels at all,,
binary_sensor.voordeur_door,Door,binary_sensor,matter,113bfaed9b050ba9e47d2a340081d3ad,Voordeur,Hal beneden,device,,,0,True,no labels at all,,
update.voordeur_firmware,Firmware,update,matter,113bfaed9b050ba9e47d2a340081d3ad,Voordeur,Hal beneden,device,config,,0,True,no labels at all,,
button.voordeur_identify,Identify,button,matter,113bfaed9b050ba9e47d2a340081d3ad,Voordeur,Hal beneden,device,diagnostic,,0,True,no labels at all,,
update.bollamp_firmware,Firmware,update,matter,21ab8b018b65f98b2c6b45b17a9b458e,Bollamp,Woonkamer,device,config,,0,True,no labels at all,,
button.bollamp_identify,Identify,button,matter,21ab8b018b65f98b2c6b45b17a9b458e,Bollamp,Woonkamer,device,diagnostic,,0,True,no labels at all,,
light.bollamp,,light,matter,21ab8b018b65f98b2c6b45b17a9b458e,Bollamp,Woonkamer,device,,,0,True,no labels at all,,
number.bollamp_off_transition_time,Off transition time,number,matter,21ab8b018b65f98b2c6b45b17a9b458e,Bollamp,Woonkamer,device,config,,0,True,no labels at all,,
number.bollamp_on_level,On level,number,matter,21ab8b018b65f98b2c6b45b17a9b458e,Bollamp,Woonkamer,device,config,,0,True,no labels at all,,
number.bollamp_on_transition_time,On transition time,number,matter,21ab8b018b65f98b2c6b45b17a9b458e,Bollamp,Woonkamer,device,config,,0,True,no labels at all,,
number.bollamp_on_off_transition_time,On/Off transition time,number,matter,21ab8b018b65f98b2c6b45b17a9b458e,Bollamp,Woonkamer,device,config,,0,True,no labels at all,,
select.bollamp_power_on_behavior_on_startup,Power-on behavior,select,matter,21ab8b018b65f98b2c6b45b17a9b458e,Bollamp,Woonkamer,device,config,,0,True,no labels at all,,
button.keukenlicht_identify,Identify,button,mqtt,2f86fd9f4ba9aed7f980bd7b537b61e4,Keukenlicht,Keuken,device,config,,0,True,no labels at all,,
sensor.keukenlicht_battery,Battery,sensor,mqtt,2f86fd9f4ba9aed7f980bd7b537b61e4,Keukenlicht,Keuken,device,diagnostic,,0,True,no labels at all,,
sensor.keukenlicht_voltage,Voltage,sensor,mqtt,2f86fd9f4ba9aed7f980bd7b537b61e4,Keukenlicht,Keuken,device,diagnostic,,0,True,no labels at all,,
sensor.0x08b95ffffeeb7767_linkquality,Linkquality,sensor,mqtt,2f86fd9f4ba9aed7f980bd7b537b61e4,Keukenlicht,Keuken,device,diagnostic,,0,True,no labels at all,,
update.keukenlicht,,update,mqtt,2f86fd9f4ba9aed7f980bd7b537b61e4,Keukenlicht,Keuken,device,config,,0,True,no labels at all,,
binary_sensor.red_robin_dry,Dry,binary_sensor,mqtt,f6d2bdd15e5425e596f7c4d5e0d63c9f,Red Robin,Woonkamer,device,,,0,True,no labels at all,,
sensor.red_robin_temperature,Temperature,sensor,mqtt,f6d2bdd15e5425e596f7c4d5e0d63c9f,Red Robin,Woonkamer,device,,,0,True,no labels at all,,
sensor.red_robin_humidity,Humidity,sensor,mqtt,f6d2bdd15e5425e596f7c4d5e0d63c9f,Red Robin,Woonkamer,device,,,0,True,no labels at all,,
sensor.red_robin_soil_moisture,Moisture,sensor,mqtt,f6d2bdd15e5425e596f7c4d5e0d63c9f,Red Robin,Woonkamer,device,,,0,True,no labels at all,,
select.red_robin_temperature_unit,Temperature unit,select,mqtt,f6d2bdd15e5425e596f7c4d5e0d63c9f,Red Robin,Woonkamer,device,config,,0,True,no labels at all,,
number.red_robin_temperature_calibration,Temperature calibration,number,mqtt,f6d2bdd15e5425e596f7c4d5e0d63c9f,Red Robin,Woonkamer,device,config,,0,True,no labels at all,,
number.red_robin_humidity_calibration,Humidity calibration,number,mqtt,f6d2bdd15e5425e596f7c4d5e0d63c9f,Red Robin,Woonkamer,device,config,,0,True,no labels at all,,
number.red_robin_soil_calibration,Soil calibration,number,mqtt,f6d2bdd15e5425e596f7c4d5e0d63c9f,Red Robin,Woonkamer,device,config,,0,True,no labels at all,,
number.red_robin_temperature_sampling,Temperature sampling,number,mqtt,f6d2bdd15e5425e596f7c4d5e0d63c9f,Red Robin,Woonkamer,device,config,,0,True,no labels at all,,
number.red_robin_soil_sampling,Soil sampling,number,mqtt,f6d2bdd15e5425e596f7c4d5e0d63c9f,Red Robin,Woonkamer,device,config,,0,True,no labels at all,,
number.red_robin_soil_warning,Soil warning,number,mqtt,f6d2bdd15e5425e596f7c4d5e0d63c9f,Red Robin,Woonkamer,device,config,,0,True,no labels at all,,
sensor.red_robin_battery,Battery,sensor,mqtt,f6d2bdd15e5425e596f7c4d5e0d63c9f,Red Robin,Woonkamer,device,diagnostic,,0,True,no labels at all,,
sensor.0xa4c1388c951dfa90_linkquality,Linkquality,sensor,mqtt,f6d2bdd15e5425e596f7c4d5e0d63c9f,Red Robin,Woonkamer,device,diagnostic,,0,True,no labels at all,integration,
update.openplantbook_update,Update,update,hacs,966f5d5bd05252bd7dca7df001d6659a,OpenPlantbook,Digital only,device,config,,0,True,no labels at all,,
update.home_assistant_plant_update,Update,update,hacs,52aaf03d14873f7e94c61581200c9a8f,Home Assistant Plant,Digital only,device,config,,0,True,no labels at all,,
update.flower_card_update,Update,update,hacs,6318e9c8bcb76a195ed57213e67789b9,Flower Card,Digital only,device,config,,0,True,no labels at all,,
switch.flower_card_pre_release,Pre-release,switch,hacs,6318e9c8bcb76a195ed57213e67789b9,Flower Card,Digital only,device,diagnostic,,0,True,no labels at all,integration,
switch.openplantbook_pre_release,Pre-release,switch,hacs,966f5d5bd05252bd7dca7df001d6659a,OpenPlantbook,Digital only,device,diagnostic,,0,True,no labels at all,integration,
switch.home_assistant_plant_pre_release,Pre-release,switch,hacs,52aaf03d14873f7e94c61581200c9a8f,Home Assistant Plant,Digital only,device,diagnostic,,0,True,no labels at all,integration,
number.red_robin_voortuin_max_soil_moisture,Max soil moisture,number,plant,b57b456fbcb7f2130dba90a280762d08,Red Robin (voortuin),Voortuin,device,config,,0,True,no labels at all,,
number.red_robin_voortuin_min_soil_moisture,Min soil moisture,number,plant,b57b456fbcb7f2130dba90a280762d08,Red Robin (voortuin),Voortuin,device,config,,0,True,no labels at all,,
number.red_robin_voortuin_max_temperature,Max temperature,number,plant,b57b456fbcb7f2130dba90a280762d08,Red Robin (voortuin),Voortuin,device,config,,0,True,no labels at all,,
number.red_robin_voortuin_min_temperature,Min temperature,number,plant,b57b456fbcb7f2130dba90a280762d08,Red Robin (voortuin),Voortuin,device,config,,0,True,no labels at all,,
number.red_robin_voortuin_max_illuminance,Max illuminance,number,plant,b57b456fbcb7f2130dba90a280762d08,Red Robin (voortuin),Voortuin,device,config,,0,True,no labels at all,integration,
number.red_robin_voortuin_min_illuminance,Min illuminance,number,plant,b57b456fbcb7f2130dba90a280762d08,Red Robin (voortuin),Voortuin,device,config,,0,True,no labels at all,integration,
number.red_robin_voortuin_max_conductivity,Max conductivity,number,plant,b57b456fbcb7f2130dba90a280762d08,Red Robin (voortuin),Voortuin,device,config,,0,True,no labels at all,integration,
number.red_robin_voortuin_min_conductivity,Min conductivity,number,plant,b57b456fbcb7f2130dba90a280762d08,Red Robin (voortuin),Voortuin,device,config,,0,True,no labels at all,integration,
number.red_robin_voortuin_max_air_humidity,Max air humidity,number,plant,b57b456fbcb7f2130dba90a280762d08,Red Robin (voortuin),Voortuin,device,config,,0,True,no labels at all,,
number.red_robin_voortuin_min_air_humidity,Min air humidity,number,plant,b57b456fbcb7f2130dba90a280762d08,Red Robin (voortuin),Voortuin,device,config,,0,True,no labels at all,,
number.red_robin_voortuin_max_co2,Max CO2,number,plant,b57b456fbcb7f2130dba90a280762d08,Red Robin (voortuin),Voortuin,device,config,,0,True,no labels at all,integration,
number.red_robin_voortuin_min_co2,Min CO2,number,plant,b57b456fbcb7f2130dba90a280762d08,Red Robin (voortuin),Voortuin,device,config,,0,True,no labels at all,integration,
number.red_robin_voortuin_max_soil_temperature,Max soil temperature,number,plant,b57b456fbcb7f2130dba90a280762d08,Red Robin (voortuin),Voortuin,device,config,,0,True,no labels at all,,
number.red_robin_voortuin_min_soil_temperature,Min soil temperature,number,plant,b57b456fbcb7f2130dba90a280762d08,Red Robin (voortuin),Voortuin,device,config,,0,True,no labels at all,,
number.red_robin_voortuin_max_dli,Max DLI,number,plant,b57b456fbcb7f2130dba90a280762d08,Red Robin (voortuin),Voortuin,device,config,,0,True,no labels at all,integration,
number.red_robin_voortuin_min_dli,Min DLI,number,plant,b57b456fbcb7f2130dba90a280762d08,Red Robin (voortuin),Voortuin,device,config,,0,True,no labels at all,integration,
number.red_robin_voortuin_lux_to_ppfd,Lux to PPFD factor,number,plant,b57b456fbcb7f2130dba90a280762d08,Red Robin (voortuin),Voortuin,device,config,,0,True,no labels at all,integration,
sensor.red_robin_voortuin_illuminance,Illuminance,sensor,plant,b57b456fbcb7f2130dba90a280762d08,Red Robin (voortuin),Voortuin,device,,,0,True,no labels at all,integration,
sensor.red_robin_voortuin_conductivity,Conductivity,sensor,plant,b57b456fbcb7f2130dba90a280762d08,Red Robin (voortuin),Voortuin,device,,,0,True,no labels at all,integration,
sensor.red_robin_voortuin_soil_moisture,Soil moisture,sensor,plant,b57b456fbcb7f2130dba90a280762d08,Red Robin (voortuin),Voortuin,device,,,0,True,no labels at all,,
sensor.red_robin_voortuin_temperature,Temperature,sensor,plant,b57b456fbcb7f2130dba90a280762d08,Red Robin (voortuin),Voortuin,device,,,0,True,no labels at all,,
sensor.red_robin_voortuin_air_humidity,Air humidity,sensor,plant,b57b456fbcb7f2130dba90a280762d08,Red Robin (voortuin),Voortuin,device,,,0,True,no labels at all,,
sensor.red_robin_voortuin_co2,CO2,sensor,plant,b57b456fbcb7f2130dba90a280762d08,Red Robin (voortuin),Voortuin,device,,,0,True,no labels at all,integration,
sensor.red_robin_voortuin_soil_temperature,Soil temperature,sensor,plant,b57b456fbcb7f2130dba90a280762d08,Red Robin (voortuin),Voortuin,device,,,0,True,no labels at all,user,
sensor.red_robin_voortuin_ppfd_mol,PPFD,sensor,plant,b57b456fbcb7f2130dba90a280762d08,Red Robin (voortuin),Voortuin,device,diagnostic,,0,True,no labels at all,integration,integration
sensor.red_robin_voortuin_total_ppfd_mol_integral,Total ppfd (mol) Integral,sensor,plant,b57b456fbcb7f2130dba90a280762d08,Red Robin (voortuin),Voortuin,device,diagnostic,,0,True,no labels at all,integration,integration
sensor.red_robin_voortuin_dli,dli,sensor,plant,b57b456fbcb7f2130dba90a280762d08,Red Robin (voortuin),Voortuin,device,,,0,True,no labels at all,integration,
sensor.red_robin_voortuin_dli_24h,dli 24h,sensor,plant,b57b456fbcb7f2130dba90a280762d08,Red Robin (voortuin),Voortuin,device,diagnostic,,0,True,no labels at all,integration,integration
plant.red_robin_voortuin,,plant,plant,b57b456fbcb7f2130dba90a280762d08,Red Robin (voortuin),Voortuin,device,,,0,True,no labels at all,,
binary_sensor.bamboe_achtertuin_dry,Dry,binary_sensor,mqtt,e20ddb254fb2af305e8fb510947943a9,Bamboe (achtertuin),Achtertuin,device,,,0,True,no labels at all,,
sensor.bamboe_achtertuin_temperature,Temperature,sensor,mqtt,e20ddb254fb2af305e8fb510947943a9,Bamboe (achtertuin),Achtertuin,device,,,0,True,no labels at all,,
sensor.bamboe_achtertuin_humidity,Humidity,sensor,mqtt,e20ddb254fb2af305e8fb510947943a9,Bamboe (achtertuin),Achtertuin,device,,,0,True,no labels at all,,
sensor.bamboe_achtertuin_soil_moisture,Moisture,sensor,mqtt,e20ddb254fb2af305e8fb510947943a9,Bamboe (achtertuin),Achtertuin,device,,,0,True,no labels at all,,
select.bamboe_achtertuin_temperature_unit,Temperature unit,select,mqtt,e20ddb254fb2af305e8fb510947943a9,Bamboe (achtertuin),Achtertuin,device,config,,0,True,no labels at all,,
number.bamboe_achtertuin_temperature_calibration,Temperature calibration,number,mqtt,e20ddb254fb2af305e8fb510947943a9,Bamboe (achtertuin),Achtertuin,device,config,,0,True,no labels at all,,
number.bamboe_achtertuin_humidity_calibration,Humidity calibration,number,mqtt,e20ddb254fb2af305e8fb510947943a9,Bamboe (achtertuin),Achtertuin,device,config,,0,True,no labels at all,,
number.bamboe_achtertuin_soil_calibration,Soil calibration,number,mqtt,e20ddb254fb2af305e8fb510947943a9,Bamboe (achtertuin),Achtertuin,device,config,,0,True,no labels at all,,
number.bamboe_achtertuin_temperature_sampling,Temperature sampling,number,mqtt,e20ddb254fb2af305e8fb510947943a9,Bamboe (achtertuin),Achtertuin,device,config,,0,True,no labels at all,,
number.bamboe_achtertuin_soil_sampling,Soil sampling,number,mqtt,e20ddb254fb2af305e8fb510947943a9,Bamboe (achtertuin),Achtertuin,device,config,,0,True,no labels at all,,
number.bamboe_achtertuin_soil_warning,Soil warning,number,mqtt,e20ddb254fb2af305e8fb510947943a9,Bamboe (achtertuin),Achtertuin,device,config,,0,True,no labels at all,,
sensor.bamboe_achtertuin_battery,Battery,sensor,mqtt,e20ddb254fb2af305e8fb510947943a9,Bamboe (achtertuin),Achtertuin,device,diagnostic,,0,True,no labels at all,,
sensor.0xa4c13848f66f5ba1_linkquality,Linkquality,sensor,mqtt,e20ddb254fb2af305e8fb510947943a9,Bamboe (achtertuin),Achtertuin,device,diagnostic,,0,True,no labels at all,integration,
number.bruidsplant_achtertuin_max_soil_moisture,Max soil moisture,number,plant,159d67d455ae63b9665094b12a0201bc,Bruidsplant (achtertuin),Achtertuin,device,config,,0,True,no labels at all,integration,
number.bruidsplant_achtertuin_min_soil_moisture,Min soil moisture,number,plant,159d67d455ae63b9665094b12a0201bc,Bruidsplant (achtertuin),Achtertuin,device,config,,0,True,no labels at all,integration,
number.bruidsplant_achtertuin_max_temperature,Max temperature,number,plant,159d67d455ae63b9665094b12a0201bc,Bruidsplant (achtertuin),Achtertuin,device,config,,0,True,no labels at all,integration,
number.bruidsplant_achtertuin_min_temperature,Min temperature,number,plant,159d67d455ae63b9665094b12a0201bc,Bruidsplant (achtertuin),Achtertuin,device,config,,0,True,no labels at all,integration,
number.bruidsplant_achtertuin_max_illuminance,Max illuminance,number,plant,159d67d455ae63b9665094b12a0201bc,Bruidsplant (achtertuin),Achtertuin,device,config,,0,True,no labels at all,integration,
number.bruidsplant_achtertuin_min_illuminance,Min illuminance,number,plant,159d67d455ae63b9665094b12a0201bc,Bruidsplant (achtertuin),Achtertuin,device,config,,0,True,no labels at all,integration,
number.bruidsplant_achtertuin_max_conductivity,Max conductivity,number,plant,159d67d455ae63b9665094b12a0201bc,Bruidsplant (achtertuin),Achtertuin,device,config,,0,True,no labels at all,integration,
number.bruidsplant_achtertuin_min_conductivity,Min conductivity,number,plant,159d67d455ae63b9665094b12a0201bc,Bruidsplant (achtertuin),Achtertuin,device,config,,0,True,no labels at all,integration,
number.bruidsplant_achtertuin_max_air_humidity,Max air humidity,number,plant,159d67d455ae63b9665094b12a0201bc,Bruidsplant (achtertuin),Achtertuin,device,config,,0,True,no labels at all,integration,
number.bruidsplant_achtertuin_min_air_humidity,Min air humidity,number,plant,159d67d455ae63b9665094b12a0201bc,Bruidsplant (achtertuin),Achtertuin,device,config,,0,True,no labels at all,integration,
number.bruidsplant_achtertuin_max_co2,Max CO2,number,plant,159d67d455ae63b9665094b12a0201bc,Bruidsplant (achtertuin),Achtertuin,device,config,,0,True,no labels at all,integration,
number.bruidsplant_achtertuin_min_co2,Min CO2,number,plant,159d67d455ae63b9665094b12a0201bc,Bruidsplant (achtertuin),Achtertuin,device,config,,0,True,no labels at all,integration,
number.bruidsplant_achtertuin_max_soil_temperature,Max soil temperature,number,plant,159d67d455ae63b9665094b12a0201bc,Bruidsplant (achtertuin),Achtertuin,device,config,,0,True,no labels at all,integration,
number.bruidsplant_achtertuin_min_soil_temperature,Min soil temperature,number,plant,159d67d455ae63b9665094b12a0201bc,Bruidsplant (achtertuin),Achtertuin,device,config,,0,True,no labels at all,integration,
number.bruidsplant_achtertuin_max_dli,Max DLI,number,plant,159d67d455ae63b9665094b12a0201bc,Bruidsplant (achtertuin),Achtertuin,device,config,,0,True,no labels at all,integration,
number.bruidsplant_achtertuin_min_dli,Min DLI,number,plant,159d67d455ae63b9665094b12a0201bc,Bruidsplant (achtertuin),Achtertuin,device,config,,0,True,no labels at all,integration,
number.bruidsplant_achtertuin_lux_to_ppfd,Lux to PPFD factor,number,plant,159d67d455ae63b9665094b12a0201bc,Bruidsplant (achtertuin),Achtertuin,device,config,,0,True,no labels at all,integration,
sensor.bruidsplant_achtertuin_illuminance,Illuminance,sensor,plant,159d67d455ae63b9665094b12a0201bc,Bruidsplant (achtertuin),Achtertuin,device,,,0,True,no labels at all,integration,
sensor.bruidsplant_achtertuin_conductivity,Conductivity,sensor,plant,159d67d455ae63b9665094b12a0201bc,Bruidsplant (achtertuin),Achtertuin,device,,,0,True,no labels at all,integration,
sensor.bruidsplant_achtertuin_soil_moisture_2,Soil moisture,sensor,plant,159d67d455ae63b9665094b12a0201bc,Bruidsplant (achtertuin),Achtertuin,device,,,0,True,no labels at all,integration,
sensor.bruidsplant_achtertuin_temperature_2,Temperature,sensor,plant,159d67d455ae63b9665094b12a0201bc,Bruidsplant (achtertuin),Achtertuin,device,,,0,True,no labels at all,integration,
sensor.bruidsplant_achtertuin_air_humidity,Air humidity,sensor,plant,159d67d455ae63b9665094b12a0201bc,Bruidsplant (achtertuin),Achtertuin,device,,,0,True,no labels at all,user,
sensor.bruidsplant_achtertuin_co2,CO2,sensor,plant,159d67d455ae63b9665094b12a0201bc,Bruidsplant (achtertuin),Achtertuin,device,,,0,True,no labels at all,integration,
sensor.bruidsplant_achtertuin_soil_temperature,Soil temperature,sensor,plant,159d67d455ae63b9665094b12a0201bc,Bruidsplant (achtertuin),Achtertuin,device,,,0,True,no labels at all,integration,
sensor.bruidsplant_achtertuin_ppfd_mol,PPFD,sensor,plant,159d67d455ae63b9665094b12a0201bc,Bruidsplant (achtertuin),Achtertuin,device,diagnostic,,0,True,no labels at all,integration,integration
sensor.bruidsplant_achtertuin_total_ppfd_mol_integral,Total ppfd (mol) Integral,sensor,plant,159d67d455ae63b9665094b12a0201bc,Bruidsplant (achtertuin),Achtertuin,device,diagnostic,,0,True,no labels at all,integration,integration
sensor.bruidsplant_achtertuin_dli,dli,sensor,plant,159d67d455ae63b9665094b12a0201bc,Bruidsplant (achtertuin),Achtertuin,device,,,0,True,no labels at all,integration,
sensor.bruidsplant_achtertuin_dli_24h,dli 24h,sensor,plant,159d67d455ae63b9665094b12a0201bc,Bruidsplant (achtertuin),Achtertuin,device,diagnostic,,0,True,no labels at all,integration,integration
plant.bruidsplant_achtertuin,,plant,plant,159d67d455ae63b9665094b12a0201bc,Bruidsplant (achtertuin),Achtertuin,device,,,0,True,no labels at all,,
number.bamboo_achtertuin_max_soil_moisture,Max soil moisture,number,plant,2c3b0ce9d5efcab5839143ee536ff696,Bamboo (achtertuin),Achtertuin,device,config,,0,True,no labels at all,,
number.bamboo_achtertuin_min_soil_moisture,Min soil moisture,number,plant,2c3b0ce9d5efcab5839143ee536ff696,Bamboo (achtertuin),Achtertuin,device,config,,0,True,no labels at all,,
number.bamboo_achtertuin_max_temperature,Max temperature,number,plant,2c3b0ce9d5efcab5839143ee536ff696,Bamboo (achtertuin),Achtertuin,device,config,,0,True,no labels at all,,
number.bamboo_achtertuin_min_temperature,Min temperature,number,plant,2c3b0ce9d5efcab5839143ee536ff696,Bamboo (achtertuin),Achtertuin,device,config,,0,True,no labels at all,,
number.bamboo_achtertuin_max_illuminance,Max illuminance,number,plant,2c3b0ce9d5efcab5839143ee536ff696,Bamboo (achtertuin),Achtertuin,device,config,,0,True,no labels at all,integration,
number.bamboo_achtertuin_min_illuminance,Min illuminance,number,plant,2c3b0ce9d5efcab5839143ee536ff696,Bamboo (achtertuin),Achtertuin,device,config,,0,True,no labels at all,integration,
number.bamboo_achtertuin_max_conductivity,Max conductivity,number,plant,2c3b0ce9d5efcab5839143ee536ff696,Bamboo (achtertuin),Achtertuin,device,config,,0,True,no labels at all,integration,
number.bamboo_achtertuin_min_conductivity,Min conductivity,number,plant,2c3b0ce9d5efcab5839143ee536ff696,Bamboo (achtertuin),Achtertuin,device,config,,0,True,no labels at all,integration,
number.bamboo_achtertuin_max_air_humidity,Max air humidity,number,plant,2c3b0ce9d5efcab5839143ee536ff696,Bamboo (achtertuin),Achtertuin,device,config,,0,True,no labels at all,,
number.bamboo_achtertuin_min_air_humidity,Min air humidity,number,plant,2c3b0ce9d5efcab5839143ee536ff696,Bamboo (achtertuin),Achtertuin,device,config,,0,True,no labels at all,,
number.bamboo_achtertuin_max_co2,Max CO2,number,plant,2c3b0ce9d5efcab5839143ee536ff696,Bamboo (achtertuin),Achtertuin,device,config,,0,True,no labels at all,integration,
number.bamboo_achtertuin_min_co2,Min CO2,number,plant,2c3b0ce9d5efcab5839143ee536ff696,Bamboo (achtertuin),Achtertuin,device,config,,0,True,no labels at all,integration,
number.bamboo_achtertuin_max_soil_temperature,Max soil temperature,number,plant,2c3b0ce9d5efcab5839143ee536ff696,Bamboo (achtertuin),Achtertuin,device,config,,0,True,no labels at all,integration,
number.bamboo_achtertuin_min_soil_temperature,Min soil temperature,number,plant,2c3b0ce9d5efcab5839143ee536ff696,Bamboo (achtertuin),Achtertuin,device,config,,0,True,no labels at all,integration,
number.bamboo_achtertuin_max_dli,Max DLI,number,plant,2c3b0ce9d5efcab5839143ee536ff696,Bamboo (achtertuin),Achtertuin,device,config,,0,True,no labels at all,integration,
number.bamboo_achtertuin_min_dli,Min DLI,number,plant,2c3b0ce9d5efcab5839143ee536ff696,Bamboo (achtertuin),Achtertuin,device,config,,0,True,no labels at all,integration,
number.bamboo_achtertuin_lux_to_ppfd,Lux to PPFD factor,number,plant,2c3b0ce9d5efcab5839143ee536ff696,Bamboo (achtertuin),Achtertuin,device,config,,0,True,no labels at all,integration,
sensor.bamboo_achtertuin_illuminance,Illuminance,sensor,plant,2c3b0ce9d5efcab5839143ee536ff696,Bamboo (achtertuin),Achtertuin,device,,,0,True,no labels at all,integration,
sensor.bamboo_achtertuin_conductivity,Conductivity,sensor,plant,2c3b0ce9d5efcab5839143ee536ff696,Bamboo (achtertuin),Achtertuin,device,,,0,True,no labels at all,integration,
sensor.bamboo_achtertuin_soil_moisture,Soil moisture,sensor,plant,2c3b0ce9d5efcab5839143ee536ff696,Bamboo (achtertuin),Achtertuin,device,,,0,True,no labels at all,,
sensor.bamboo_achtertuin_temperature,Temperature,sensor,plant,2c3b0ce9d5efcab5839143ee536ff696,Bamboo (achtertuin),Achtertuin,device,,,0,True,no labels at all,,
sensor.bamboo_achtertuin_air_humidity,Air humidity,sensor,plant,2c3b0ce9d5efcab5839143ee536ff696,Bamboo (achtertuin),Achtertuin,device,,,0,True,no labels at all,,
sensor.bamboo_achtertuin_co2,CO2,sensor,plant,2c3b0ce9d5efcab5839143ee536ff696,Bamboo (achtertuin),Achtertuin,device,,,0,True,no labels at all,integration,
sensor.bamboo_achtertuin_soil_temperature,Soil temperature,sensor,plant,2c3b0ce9d5efcab5839143ee536ff696,Bamboo (achtertuin),Achtertuin,device,,,0,True,no labels at all,integration,
sensor.bamboo_achtertuin_ppfd_mol,PPFD,sensor,plant,2c3b0ce9d5efcab5839143ee536ff696,Bamboo (achtertuin),Achtertuin,device,diagnostic,,0,True,no labels at all,integration,integration
sensor.bamboo_achtertuin_total_ppfd_mol_integral,Total ppfd (mol) Integral,sensor,plant,2c3b0ce9d5efcab5839143ee536ff696,Bamboo (achtertuin),Achtertuin,device,diagnostic,,0,True,no labels at all,integration,integration
sensor.bamboo_achtertuin_dli,dli,sensor,plant,2c3b0ce9d5efcab5839143ee536ff696,Bamboo (achtertuin),Achtertuin,device,,,0,True,no labels at all,integration,
sensor.bamboo_achtertuin_dli_24h,dli 24h,sensor,plant,2c3b0ce9d5efcab5839143ee536ff696,Bamboo (achtertuin),Achtertuin,device,diagnostic,,0,True,no labels at all,integration,integration
plant.bamboo_achtertuin,,plant,plant,2c3b0ce9d5efcab5839143ee536ff696,Bamboo (achtertuin),Achtertuin,device,,,0,True,no labels at all,,
button.energy_socket_julius_identify,Identify,button,homewizard,8bce628eaed27821580afa641892415f,Energy Socket Julius,Zolder,device,config,,0,True,no labels at all,,
number.energy_socket_julius_status_light_brightness,Status light brightness,number,homewizard,8bce628eaed27821580afa641892415f,Energy Socket Julius,Zolder,device,config,,0,True,no labels at all,,
sensor.energy_socket_julius_wi_fi_ssid,Wi-Fi SSID,sensor,homewizard,8bce628eaed27821580afa641892415f,Energy Socket Julius,Zolder,device,diagnostic,Sensor,1,False,"missing category: brand, protocol",,
sensor.energy_socket_julius_wi_fi_strength,Wi-Fi strength,sensor,homewizard,8bce628eaed27821580afa641892415f,Energy Socket Julius,Zolder,device,diagnostic,Sensor,1,False,"missing category: brand, protocol",,
sensor.energy_socket_julius_energy_import,Energy import,sensor,homewizard,8bce628eaed27821580afa641892415f,Energy Socket Julius,Zolder,device,,Sensor,1,False,"missing category: brand, protocol",,
sensor.energy_socket_julius_energy_export,Energy export,sensor,homewizard,8bce628eaed27821580afa641892415f,Energy Socket Julius,Zolder,device,,Sensor,1,False,"missing category: brand, protocol",,
sensor.energy_socket_julius_power,Power,sensor,homewizard,8bce628eaed27821580afa641892415f,Energy Socket Julius,Zolder,device,,Sensor,1,False,"missing category: brand, protocol",,
sensor.energy_socket_julius_power_phase_1,Power phase 1,sensor,homewizard,8bce628eaed27821580afa641892415f,Energy Socket Julius,Zolder,device,,Sensor,1,False,"missing category: brand, protocol",,
sensor.energy_socket_julius_voltage,Voltage,sensor,homewizard,8bce628eaed27821580afa641892415f,Energy Socket Julius,Zolder,device,,Sensor,1,False,"missing category: brand, protocol",,
sensor.energy_socket_julius_current,Current,sensor,homewizard,8bce628eaed27821580afa641892415f,Energy Socket Julius,Zolder,device,,Sensor,1,False,"missing category: brand, protocol",,
sensor.energy_socket_julius_frequency,Frequency,sensor,homewizard,8bce628eaed27821580afa641892415f,Energy Socket Julius,Zolder,device,,Sensor,1,False,"missing category: brand, protocol",,
switch.energy_socket_julius,,switch,homewizard,8bce628eaed27821580afa641892415f,Energy Socket Julius,Zolder,device,,,0,True,no labels at all,,
switch.energy_socket_julius_switch_lock,Switch lock,switch,homewizard,8bce628eaed27821580afa641892415f,Energy Socket Julius,Zolder,device,config,,0,True,no labels at all,,
switch.energy_socket_julius_cloud_connection,Cloud connection,switch,homewizard,8bce628eaed27821580afa641892415f,Energy Socket Julius,Zolder,device,config,,0,True,no labels at all,,
sensor.home_assistant_v2_db_size,Size,sensor,filesize,512cdd82f1fe1afa8bf0ffb3d56d3c8c,home-assistant_v2.db,Digital only,device,,,0,True,no labels at all,,
sensor.home_assistant_v2_db_size_in_bytes,Size in bytes,sensor,filesize,512cdd82f1fe1afa8bf0ffb3d56d3c8c,home-assistant_v2.db,Digital only,device,diagnostic,,0,True,no labels at all,integration,
sensor.home_assistant_v2_db_last_updated,Last updated,sensor,filesize,512cdd82f1fe1afa8bf0ffb3d56d3c8c,home-assistant_v2.db,Digital only,device,diagnostic,,0,True,no labels at all,integration,
sensor.home_assistant_v2_db_created,Created,sensor,filesize,512cdd82f1fe1afa8bf0ffb3d56d3c8c,home-assistant_v2.db,Digital only,device,diagnostic,,0,True,no labels at all,integration,
update.haghs_update,Update,update,hacs,450842f3107021ac37293114096b06f6,HAGHS,Digital only,device,config,,0,True,no labels at all,,
media_player.kleincastnew,,media_player,cast,8361f310e6a813efd416913adc772ae9,KleinCastNew,Woonkamer,device,,,0,True,no labels at all,,
update.schemerlamp_firmware,Firmware,update,matter,302375777dfc42619a19124d4cda57b7,Schemerlamp,Woonkamer,device,config,,0,True,no labels at all,,
button.schemerlamp_identify,Identify,button,matter,302375777dfc42619a19124d4cda57b7,Schemerlamp,Woonkamer,device,diagnostic,,0,True,no labels at all,,
number.schemerlamp_off_transition_time,Off transition time,number,matter,302375777dfc42619a19124d4cda57b7,Schemerlamp,Woonkamer,device,config,,0,True,no labels at all,,
number.schemerlamp_on_level,On level,number,matter,302375777dfc42619a19124d4cda57b7,Schemerlamp,Woonkamer,device,config,,0,True,no labels at all,,
number.schemerlamp_on_transition_time,On transition time,number,matter,302375777dfc42619a19124d4cda57b7,Schemerlamp,Woonkamer,device,config,,0,True,no labels at all,,
number.schemerlamp_on_off_transition_time,On/Off transition time,number,matter,302375777dfc42619a19124d4cda57b7,Schemerlamp,Woonkamer,device,config,,0,True,no labels at all,,
select.schemerlamp_power_on_behavior_on_startup,Power-on behavior,select,matter,302375777dfc42619a19124d4cda57b7,Schemerlamp,Woonkamer,device,config,,0,True,no labels at all,,
light.schemerlamp_2,,light,matter,302375777dfc42619a19124d4cda57b7,Schemerlamp,Woonkamer,device,,,0,True,no labels at all,,
switch.haghs_pre_release,Pre-release,switch,hacs,450842f3107021ac37293114096b06f6,HAGHS,Digital only,device,diagnostic,,0,True,no labels at all,integration,
sensor.inverter_113203000786_dc_voltage_2,DC voltage,sensor,enphase_envoy,6237a06b90d0a1fb71463f90592c2526,Inverter 113203000786,Dak,device,,,0,True,no labels at all,integration,
sensor.inverter_113203011963_dc_voltage_2,DC voltage,sensor,enphase_envoy,30008ab987eeb5f3476bec81d9544e69,Inverter 113203011963,Dak,device,,,0,True,no labels at all,integration,
sensor.inverter_113203013624_dc_voltage_2,DC voltage,sensor,enphase_envoy,52b3d87307cd8c9624c1c60e6fa7a67a,Inverter 113203013624,Dak,device,,,0,True,no labels at all,integration,
sensor.inverter_113203017296_dc_voltage_2,DC voltage,sensor,enphase_envoy,202fd8a8d9a2824227b6dd037a3179a6,Inverter 113203017296,Dak,device,,,0,True,no labels at all,integration,
sensor.inverter_113203017303_dc_voltage_2,DC voltage,sensor,enphase_envoy,2437ba09120f0e91a1b9399f639182a1,Inverter 113203017303,Dak,device,,,0,True,no labels at all,integration,
sensor.inverter_113203017394_dc_voltage_2,DC voltage,sensor,enphase_envoy,2d192c1d2ea26b12af046be9b8752972,Inverter 113203017394,Dak,device,,,0,True,no labels at all,integration,
sensor.inverter_113203017400_dc_voltage_2,DC voltage,sensor,enphase_envoy,9591384282d7dc4187c73745a09b8168,Inverter 113203017400,Dak,device,,,0,True,no labels at all,integration,
sensor.inverter_113203017402_dc_voltage_2,DC voltage,sensor,enphase_envoy,48dc820750e3048f52bccd8e78160268,Inverter 113203017402,Dak,device,,,0,True,no labels at all,integration,
sensor.inverter_113203017544_dc_voltage_2,DC voltage,sensor,enphase_envoy,b88cc0820509cf9bf848fce8f3a4958f,Inverter 113203017544,Dak,device,,,0,True,no labels at all,integration,
sensor.inverter_113203017575_dc_voltage_2,DC voltage,sensor,enphase_envoy,acf62dd6b1840699333a4a5650c05464,Inverter 113203017575,Dak,device,,,0,True,no labels at all,integration,
sensor.inverter_113203017626_dc_voltage_2,DC voltage,sensor,enphase_envoy,aeca64bff9ab1ca51e5eff3e4c7cfbd3,Inverter 113203017626,Dak,device,,,0,True,no labels at all,integration,
sensor.inverter_113203017701_dc_voltage_2,DC voltage,sensor,enphase_envoy,b820f81feaaf20eadb9f16b15fa1a43c,Inverter 113203017701,Dak,device,,,0,True,no labels at all,integration,
sensor.inverter_113203000786_dc_current_2,DC current,sensor,enphase_envoy,6237a06b90d0a1fb71463f90592c2526,Inverter 113203000786,Dak,device,,,0,True,no labels at all,integration,
sensor.inverter_113203011963_dc_current_2,DC current,sensor,enphase_envoy,30008ab987eeb5f3476bec81d9544e69,Inverter 113203011963,Dak,device,,,0,True,no labels at all,integration,
sensor.inverter_113203013624_dc_current_2,DC current,sensor,enphase_envoy,52b3d87307cd8c9624c1c60e6fa7a67a,Inverter 113203013624,Dak,device,,,0,True,no labels at all,integration,
sensor.inverter_113203017296_dc_current_2,DC current,sensor,enphase_envoy,202fd8a8d9a2824227b6dd037a3179a6,Inverter 113203017296,Dak,device,,,0,True,no labels at all,integration,
sensor.inverter_113203017303_dc_current_2,DC current,sensor,enphase_envoy,2437ba09120f0e91a1b9399f639182a1,Inverter 113203017303,Dak,device,,,0,True,no labels at all,integration,
sensor.inverter_113203017394_dc_current_2,DC current,sensor,enphase_envoy,2d192c1d2ea26b12af046be9b8752972,Inverter 113203017394,Dak,device,,,0,True,no labels at all,integration,
sensor.inverter_113203017400_dc_current_2,DC current,sensor,enphase_envoy,9591384282d7dc4187c73745a09b8168,Inverter 113203017400,Dak,device,,,0,True,no labels at all,integration,
sensor.inverter_113203017402_dc_current_2,DC current,sensor,enphase_envoy,48dc820750e3048f52bccd8e78160268,Inverter 113203017402,Dak,device,,,0,True,no labels at all,integration,
sensor.inverter_113203017544_dc_current_2,DC current,sensor,enphase_envoy,b88cc0820509cf9bf848fce8f3a4958f,Inverter 113203017544,Dak,device,,,0,True,no labels at all,integration,
sensor.inverter_113203017575_dc_current_2,DC current,sensor,enphase_envoy,acf62dd6b1840699333a4a5650c05464,Inverter 113203017575,Dak,device,,,0,True,no labels at all,integration,
sensor.inverter_113203017626_dc_current_2,DC current,sensor,enphase_envoy,aeca64bff9ab1ca51e5eff3e4c7cfbd3,Inverter 113203017626,Dak,device,,,0,True,no labels at all,integration,
sensor.inverter_113203017701_dc_current_2,DC current,sensor,enphase_envoy,b820f81feaaf20eadb9f16b15fa1a43c,Inverter 113203017701,Dak,device,,,0,True,no labels at all,integration,
sensor.inverter_113203000786_ac_voltage_2,AC voltage,sensor,enphase_envoy,6237a06b90d0a1fb71463f90592c2526,Inverter 113203000786,Dak,device,,,0,True,no labels at all,integration,
sensor.inverter_113203011963_ac_voltage_2,AC voltage,sensor,enphase_envoy,30008ab987eeb5f3476bec81d9544e69,Inverter 113203011963,Dak,device,,,0,True,no labels at all,integration,
sensor.inverter_113203013624_ac_voltage_2,AC voltage,sensor,enphase_envoy,52b3d87307cd8c9624c1c60e6fa7a67a,Inverter 113203013624,Dak,device,,,0,True,no labels at all,integration,
sensor.inverter_113203017296_ac_voltage_2,AC voltage,sensor,enphase_envoy,202fd8a8d9a2824227b6dd037a3179a6,Inverter 113203017296,Dak,device,,,0,True,no labels at all,integration,
sensor.inverter_113203017303_ac_voltage_2,AC voltage,sensor,enphase_envoy,2437ba09120f0e91a1b9399f639182a1,Inverter 113203017303,Dak,device,,,0,True,no labels at all,integration,
sensor.inverter_113203017394_ac_voltage_2,AC voltage,sensor,enphase_envoy,2d192c1d2ea26b12af046be9b8752972,Inverter 113203017394,Dak,device,,,0,True,no labels at all,integration,
sensor.inverter_113203017400_ac_voltage_2,AC voltage,sensor,enphase_envoy,9591384282d7dc4187c73745a09b8168,Inverter 113203017400,Dak,device,,,0,True,no labels at all,integration,
sensor.inverter_113203017402_ac_voltage_2,AC voltage,sensor,enphase_envoy,48dc820750e3048f52bccd8e78160268,Inverter 113203017402,Dak,device,,,0,True,no labels at all,integration,
sensor.inverter_113203017544_ac_voltage_2,AC voltage,sensor,enphase_envoy,b88cc0820509cf9bf848fce8f3a4958f,Inverter 113203017544,Dak,device,,,0,True,no labels at all,integration,
sensor.inverter_113203017575_ac_voltage_2,AC voltage,sensor,enphase_envoy,acf62dd6b1840699333a4a5650c05464,Inverter 113203017575,Dak,device,,,0,True,no labels at all,integration,
sensor.inverter_113203017626_ac_voltage_2,AC voltage,sensor,enphase_envoy,aeca64bff9ab1ca51e5eff3e4c7cfbd3,Inverter 113203017626,Dak,device,,,0,True,no labels at all,integration,
sensor.inverter_113203017701_ac_voltage_2,AC voltage,sensor,enphase_envoy,b820f81feaaf20eadb9f16b15fa1a43c,Inverter 113203017701,Dak,device,,,0,True,no labels at all,integration,
sensor.inverter_113203000786_ac_current_2,AC current,sensor,enphase_envoy,6237a06b90d0a1fb71463f90592c2526,Inverter 113203000786,Dak,device,,,0,True,no labels at all,integration,
sensor.inverter_113203011963_ac_current_2,AC current,sensor,enphase_envoy,30008ab987eeb5f3476bec81d9544e69,Inverter 113203011963,Dak,device,,,0,True,no labels at all,integration,
sensor.inverter_113203013624_ac_current_2,AC current,sensor,enphase_envoy,52b3d87307cd8c9624c1c60e6fa7a67a,Inverter 113203013624,Dak,device,,,0,True,no labels at all,integration,
sensor.inverter_113203017296_ac_current_2,AC current,sensor,enphase_envoy,202fd8a8d9a2824227b6dd037a3179a6,Inverter 113203017296,Dak,device,,,0,True,no labels at all,integration,
sensor.inverter_113203017303_ac_current_2,AC current,sensor,enphase_envoy,2437ba09120f0e91a1b9399f639182a1,Inverter 113203017303,Dak,device,,,0,True,no labels at all,integration,
sensor.inverter_113203017394_ac_current_2,AC current,sensor,enphase_envoy,2d192c1d2ea26b12af046be9b8752972,Inverter 113203017394,Dak,device,,,0,True,no labels at all,integration,
sensor.inverter_113203017400_ac_current_2,AC current,sensor,enphase_envoy,9591384282d7dc4187c73745a09b8168,Inverter 113203017400,Dak,device,,,0,True,no labels at all,integration,
sensor.inverter_113203017402_ac_current_2,AC current,sensor,enphase_envoy,48dc820750e3048f52bccd8e78160268,Inverter 113203017402,Dak,device,,,0,True,no labels at all,integration,
sensor.inverter_113203017544_ac_current_2,AC current,sensor,enphase_envoy,b88cc0820509cf9bf848fce8f3a4958f,Inverter 113203017544,Dak,device,,,0,True,no labels at all,integration,
sensor.inverter_113203017575_ac_current_2,AC current,sensor,enphase_envoy,acf62dd6b1840699333a4a5650c05464,Inverter 113203017575,Dak,device,,,0,True,no labels at all,integration,
sensor.inverter_113203017626_ac_current_2,AC current,sensor,enphase_envoy,aeca64bff9ab1ca51e5eff3e4c7cfbd3,Inverter 113203017626,Dak,device,,,0,True,no labels at all,integration,
sensor.inverter_113203017701_ac_current_2,AC current,sensor,enphase_envoy,b820f81feaaf20eadb9f16b15fa1a43c,Inverter 113203017701,Dak,device,,,0,True,no labels at all,integration,
sensor.inverter_113203000786_frequency,Frequency,sensor,enphase_envoy,6237a06b90d0a1fb71463f90592c2526,Inverter 113203000786,Dak,device,,,0,True,no labels at all,integration,
sensor.inverter_113203011963_frequency,Frequency,sensor,enphase_envoy,30008ab987eeb5f3476bec81d9544e69,Inverter 113203011963,Dak,device,,,0,True,no labels at all,integration,
sensor.inverter_113203013624_frequency,Frequency,sensor,enphase_envoy,52b3d87307cd8c9624c1c60e6fa7a67a,Inverter 113203013624,Dak,device,,,0,True,no labels at all,integration,
sensor.inverter_113203017296_frequency,Frequency,sensor,enphase_envoy,202fd8a8d9a2824227b6dd037a3179a6,Inverter 113203017296,Dak,device,,,0,True,no labels at all,integration,
sensor.inverter_113203017303_frequency,Frequency,sensor,enphase_envoy,2437ba09120f0e91a1b9399f639182a1,Inverter 113203017303,Dak,device,,,0,True,no labels at all,integration,
sensor.inverter_113203017394_frequency,Frequency,sensor,enphase_envoy,2d192c1d2ea26b12af046be9b8752972,Inverter 113203017394,Dak,device,,,0,True,no labels at all,integration,
sensor.inverter_113203017400_frequency,Frequency,sensor,enphase_envoy,9591384282d7dc4187c73745a09b8168,Inverter 113203017400,Dak,device,,,0,True,no labels at all,integration,
sensor.inverter_113203017402_frequency,Frequency,sensor,enphase_envoy,48dc820750e3048f52bccd8e78160268,Inverter 113203017402,Dak,device,,,0,True,no labels at all,integration,
sensor.inverter_113203017544_frequency,Frequency,sensor,enphase_envoy,b88cc0820509cf9bf848fce8f3a4958f,Inverter 113203017544,Dak,device,,,0,True,no labels at all,integration,
sensor.inverter_113203017575_frequency,Frequency,sensor,enphase_envoy,acf62dd6b1840699333a4a5650c05464,Inverter 113203017575,Dak,device,,,0,True,no labels at all,integration,
sensor.inverter_113203017626_frequency,Frequency,sensor,enphase_envoy,aeca64bff9ab1ca51e5eff3e4c7cfbd3,Inverter 113203017626,Dak,device,,,0,True,no labels at all,integration,
sensor.inverter_113203017701_frequency,Frequency,sensor,enphase_envoy,b820f81feaaf20eadb9f16b15fa1a43c,Inverter 113203017701,Dak,device,,,0,True,no labels at all,integration,
sensor.inverter_113203000786_temperature_2,Temperature,sensor,enphase_envoy,6237a06b90d0a1fb71463f90592c2526,Inverter 113203000786,Dak,device,diagnostic,,0,True,no labels at all,integration,
sensor.inverter_113203011963_temperature_2,Temperature,sensor,enphase_envoy,30008ab987eeb5f3476bec81d9544e69,Inverter 113203011963,Dak,device,diagnostic,,0,True,no labels at all,integration,
sensor.inverter_113203013624_temperature_2,Temperature,sensor,enphase_envoy,52b3d87307cd8c9624c1c60e6fa7a67a,Inverter 113203013624,Dak,device,diagnostic,,0,True,no labels at all,integration,
sensor.inverter_113203017296_temperature_2,Temperature,sensor,enphase_envoy,202fd8a8d9a2824227b6dd037a3179a6,Inverter 113203017296,Dak,device,diagnostic,,0,True,no labels at all,integration,
sensor.inverter_113203017303_temperature_2,Temperature,sensor,enphase_envoy,2437ba09120f0e91a1b9399f639182a1,Inverter 113203017303,Dak,device,diagnostic,,0,True,no labels at all,integration,
sensor.inverter_113203017394_temperature_2,Temperature,sensor,enphase_envoy,2d192c1d2ea26b12af046be9b8752972,Inverter 113203017394,Dak,device,diagnostic,,0,True,no labels at all,integration,
sensor.inverter_113203017400_temperature_2,Temperature,sensor,enphase_envoy,9591384282d7dc4187c73745a09b8168,Inverter 113203017400,Dak,device,diagnostic,,0,True,no labels at all,integration,
sensor.inverter_113203017402_temperature_2,Temperature,sensor,enphase_envoy,48dc820750e3048f52bccd8e78160268,Inverter 113203017402,Dak,device,diagnostic,,0,True,no labels at all,integration,
sensor.inverter_113203017544_temperature_2,Temperature,sensor,enphase_envoy,b88cc0820509cf9bf848fce8f3a4958f,Inverter 113203017544,Dak,device,diagnostic,,0,True,no labels at all,integration,
sensor.inverter_113203017575_temperature_2,Temperature,sensor,enphase_envoy,acf62dd6b1840699333a4a5650c05464,Inverter 113203017575,Dak,device,diagnostic,,0,True,no labels at all,integration,
sensor.inverter_113203017626_temperature_2,Temperature,sensor,enphase_envoy,aeca64bff9ab1ca51e5eff3e4c7cfbd3,Inverter 113203017626,Dak,device,diagnostic,,0,True,no labels at all,integration,
sensor.inverter_113203017701_temperature_2,Temperature,sensor,enphase_envoy,b820f81feaaf20eadb9f16b15fa1a43c,Inverter 113203017701,Dak,device,diagnostic,,0,True,no labels at all,integration,
sensor.inverter_113203000786_lifetime_energy_production_2,Lifetime energy production,sensor,enphase_envoy,6237a06b90d0a1fb71463f90592c2526,Inverter 113203000786,Dak,device,,,0,True,no labels at all,integration,
sensor.inverter_113203011963_lifetime_energy_production_2,Lifetime energy production,sensor,enphase_envoy,30008ab987eeb5f3476bec81d9544e69,Inverter 113203011963,Dak,device,,,0,True,no labels at all,integration,
sensor.inverter_113203013624_lifetime_energy_production_2,Lifetime energy production,sensor,enphase_envoy,52b3d87307cd8c9624c1c60e6fa7a67a,Inverter 113203013624,Dak,device,,,0,True,no labels at all,integration,
sensor.inverter_113203017296_lifetime_energy_production_2,Lifetime energy production,sensor,enphase_envoy,202fd8a8d9a2824227b6dd037a3179a6,Inverter 113203017296,Dak,device,,,0,True,no labels at all,integration,
sensor.inverter_113203017303_lifetime_energy_production_2,Lifetime energy production,sensor,enphase_envoy,2437ba09120f0e91a1b9399f639182a1,Inverter 113203017303,Dak,device,,,0,True,no labels at all,integration,
sensor.inverter_113203017394_lifetime_energy_production_2,Lifetime energy production,sensor,enphase_envoy,2d192c1d2ea26b12af046be9b8752972,Inverter 113203017394,Dak,device,,,0,True,no labels at all,integration,
sensor.inverter_113203017400_lifetime_energy_production_2,Lifetime energy production,sensor,enphase_envoy,9591384282d7dc4187c73745a09b8168,Inverter 113203017400,Dak,device,,,0,True,no labels at all,integration,
sensor.inverter_113203017402_lifetime_energy_production_2,Lifetime energy production,sensor,enphase_envoy,48dc820750e3048f52bccd8e78160268,Inverter 113203017402,Dak,device,,,0,True,no labels at all,integration,
sensor.inverter_113203017544_lifetime_energy_production_2,Lifetime energy production,sensor,enphase_envoy,b88cc0820509cf9bf848fce8f3a4958f,Inverter 113203017544,Dak,device,,,0,True,no labels at all,integration,
sensor.inverter_113203017575_lifetime_energy_production_2,Lifetime energy production,sensor,enphase_envoy,acf62dd6b1840699333a4a5650c05464,Inverter 113203017575,Dak,device,,,0,True,no labels at all,integration,
sensor.inverter_113203017626_lifetime_energy_production_2,Lifetime energy production,sensor,enphase_envoy,aeca64bff9ab1ca51e5eff3e4c7cfbd3,Inverter 113203017626,Dak,device,,,0,True,no labels at all,integration,
sensor.inverter_113203017701_lifetime_energy_production_2,Lifetime energy production,sensor,enphase_envoy,b820f81feaaf20eadb9f16b15fa1a43c,Inverter 113203017701,Dak,device,,,0,True,no labels at all,integration,
sensor.inverter_113203000786_energy_production_today,Energy production today,sensor,enphase_envoy,6237a06b90d0a1fb71463f90592c2526,Inverter 113203000786,Dak,device,,,0,True,no labels at all,integration,
sensor.inverter_113203011963_energy_production_today,Energy production today,sensor,enphase_envoy,30008ab987eeb5f3476bec81d9544e69,Inverter 113203011963,Dak,device,,,0,True,no labels at all,integration,
sensor.inverter_113203013624_energy_production_today,Energy production today,sensor,enphase_envoy,52b3d87307cd8c9624c1c60e6fa7a67a,Inverter 113203013624,Dak,device,,,0,True,no labels at all,integration,
sensor.inverter_113203017296_energy_production_today,Energy production today,sensor,enphase_envoy,202fd8a8d9a2824227b6dd037a3179a6,Inverter 113203017296,Dak,device,,,0,True,no labels at all,integration,
sensor.inverter_113203017303_energy_production_today,Energy production today,sensor,enphase_envoy,2437ba09120f0e91a1b9399f639182a1,Inverter 113203017303,Dak,device,,,0,True,no labels at all,integration,
sensor.inverter_113203017394_energy_production_today,Energy production today,sensor,enphase_envoy,2d192c1d2ea26b12af046be9b8752972,Inverter 113203017394,Dak,device,,,0,True,no labels at all,integration,
sensor.inverter_113203017400_energy_production_today,Energy production today,sensor,enphase_envoy,9591384282d7dc4187c73745a09b8168,Inverter 113203017400,Dak,device,,,0,True,no labels at all,integration,
sensor.inverter_113203017402_energy_production_today,Energy production today,sensor,enphase_envoy,48dc820750e3048f52bccd8e78160268,Inverter 113203017402,Dak,device,,,0,True,no labels at all,integration,
sensor.inverter_113203017544_energy_production_today,Energy production today,sensor,enphase_envoy,b88cc0820509cf9bf848fce8f3a4958f,Inverter 113203017544,Dak,device,,,0,True,no labels at all,integration,
sensor.inverter_113203017575_energy_production_today,Energy production today,sensor,enphase_envoy,acf62dd6b1840699333a4a5650c05464,Inverter 113203017575,Dak,device,,,0,True,no labels at all,integration,
sensor.inverter_113203017626_energy_production_today,Energy production today,sensor,enphase_envoy,aeca64bff9ab1ca51e5eff3e4c7cfbd3,Inverter 113203017626,Dak,device,,,0,True,no labels at all,integration,
sensor.inverter_113203017701_energy_production_today,Energy production today,sensor,enphase_envoy,b820f81feaaf20eadb9f16b15fa1a43c,Inverter 113203017701,Dak,device,,,0,True,no labels at all,integration,
sensor.inverter_113203000786_last_report_duration,Last report duration,sensor,enphase_envoy,6237a06b90d0a1fb71463f90592c2526,Inverter 113203000786,Dak,device,diagnostic,,0,True,no labels at all,integration,
sensor.inverter_113203011963_last_report_duration,Last report duration,sensor,enphase_envoy,30008ab987eeb5f3476bec81d9544e69,Inverter 113203011963,Dak,device,diagnostic,,0,True,no labels at all,integration,
sensor.inverter_113203013624_last_report_duration,Last report duration,sensor,enphase_envoy,52b3d87307cd8c9624c1c60e6fa7a67a,Inverter 113203013624,Dak,device,diagnostic,,0,True,no labels at all,integration,
sensor.inverter_113203017296_last_report_duration,Last report duration,sensor,enphase_envoy,202fd8a8d9a2824227b6dd037a3179a6,Inverter 113203017296,Dak,device,diagnostic,,0,True,no labels at all,integration,
sensor.inverter_113203017303_last_report_duration,Last report duration,sensor,enphase_envoy,2437ba09120f0e91a1b9399f639182a1,Inverter 113203017303,Dak,device,diagnostic,,0,True,no labels at all,integration,
sensor.inverter_113203017394_last_report_duration,Last report duration,sensor,enphase_envoy,2d192c1d2ea26b12af046be9b8752972,Inverter 113203017394,Dak,device,diagnostic,,0,True,no labels at all,integration,
sensor.inverter_113203017400_last_report_duration,Last report duration,sensor,enphase_envoy,9591384282d7dc4187c73745a09b8168,Inverter 113203017400,Dak,device,diagnostic,,0,True,no labels at all,integration,
sensor.inverter_113203017402_last_report_duration,Last report duration,sensor,enphase_envoy,48dc820750e3048f52bccd8e78160268,Inverter 113203017402,Dak,device,diagnostic,,0,True,no labels at all,integration,
sensor.inverter_113203017544_last_report_duration,Last report duration,sensor,enphase_envoy,b88cc0820509cf9bf848fce8f3a4958f,Inverter 113203017544,Dak,device,diagnostic,,0,True,no labels at all,integration,
sensor.inverter_113203017575_last_report_duration,Last report duration,sensor,enphase_envoy,acf62dd6b1840699333a4a5650c05464,Inverter 113203017575,Dak,device,diagnostic,,0,True,no labels at all,integration,
sensor.inverter_113203017626_last_report_duration,Last report duration,sensor,enphase_envoy,aeca64bff9ab1ca51e5eff3e4c7cfbd3,Inverter 113203017626,Dak,device,diagnostic,,0,True,no labels at all,integration,
sensor.inverter_113203017701_last_report_duration,Last report duration,sensor,enphase_envoy,b820f81feaaf20eadb9f16b15fa1a43c,Inverter 113203017701,Dak,device,diagnostic,,0,True,no labels at all,integration,
sensor.inverter_113203000786_energy_production_since_previous_report,Energy production since previous report,sensor,enphase_envoy,6237a06b90d0a1fb71463f90592c2526,Inverter 113203000786,Dak,device,,,0,True,no labels at all,integration,
sensor.inverter_113203011963_energy_production_since_previous_report,Energy production since previous report,sensor,enphase_envoy,30008ab987eeb5f3476bec81d9544e69,Inverter 113203011963,Dak,device,,,0,True,no labels at all,integration,
sensor.inverter_113203013624_energy_production_since_previous_report,Energy production since previous report,sensor,enphase_envoy,52b3d87307cd8c9624c1c60e6fa7a67a,Inverter 113203013624,Dak,device,,,0,True,no labels at all,integration,
sensor.inverter_113203017296_energy_production_since_previous_report,Energy production since previous report,sensor,enphase_envoy,202fd8a8d9a2824227b6dd037a3179a6,Inverter 113203017296,Dak,device,,,0,True,no labels at all,integration,
sensor.inverter_113203017303_energy_production_since_previous_report,Energy production since previous report,sensor,enphase_envoy,2437ba09120f0e91a1b9399f639182a1,Inverter 113203017303,Dak,device,,,0,True,no labels at all,integration,
sensor.inverter_113203017394_energy_production_since_previous_report,Energy production since previous report,sensor,enphase_envoy,2d192c1d2ea26b12af046be9b8752972,Inverter 113203017394,Dak,device,,,0,True,no labels at all,integration,
sensor.inverter_113203017400_energy_production_since_previous_report,Energy production since previous report,sensor,enphase_envoy,9591384282d7dc4187c73745a09b8168,Inverter 113203017400,Dak,device,,,0,True,no labels at all,integration,
sensor.inverter_113203017402_energy_production_since_previous_report,Energy production since previous report,sensor,enphase_envoy,48dc820750e3048f52bccd8e78160268,Inverter 113203017402,Dak,device,,,0,True,no labels at all,integration,
sensor.inverter_113203017544_energy_production_since_previous_report,Energy production since previous report,sensor,enphase_envoy,b88cc0820509cf9bf848fce8f3a4958f,Inverter 113203017544,Dak,device,,,0,True,no labels at all,integration,
sensor.inverter_113203017575_energy_production_since_previous_report,Energy production since previous report,sensor,enphase_envoy,acf62dd6b1840699333a4a5650c05464,Inverter 113203017575,Dak,device,,,0,True,no labels at all,integration,
sensor.inverter_113203017626_energy_production_since_previous_report,Energy production since previous report,sensor,enphase_envoy,aeca64bff9ab1ca51e5eff3e4c7cfbd3,Inverter 113203017626,Dak,device,,,0,True,no labels at all,integration,
sensor.inverter_113203017701_energy_production_since_previous_report,Energy production since previous report,sensor,enphase_envoy,b820f81feaaf20eadb9f16b15fa1a43c,Inverter 113203017701,Dak,device,,,0,True,no labels at all,integration,
sensor.inverter_113203000786_lifetime_maximum_power,Lifetime maximum power,sensor,enphase_envoy,6237a06b90d0a1fb71463f90592c2526,Inverter 113203000786,Dak,device,diagnostic,,0,True,no labels at all,integration,
sensor.inverter_113203011963_lifetime_maximum_power,Lifetime maximum power,sensor,enphase_envoy,30008ab987eeb5f3476bec81d9544e69,Inverter 113203011963,Dak,device,diagnostic,,0,True,no labels at all,integration,
sensor.inverter_113203013624_lifetime_maximum_power,Lifetime maximum power,sensor,enphase_envoy,52b3d87307cd8c9624c1c60e6fa7a67a,Inverter 113203013624,Dak,device,diagnostic,,0,True,no labels at all,integration,
sensor.inverter_113203017296_lifetime_maximum_power,Lifetime maximum power,sensor,enphase_envoy,202fd8a8d9a2824227b6dd037a3179a6,Inverter 113203017296,Dak,device,diagnostic,,0,True,no labels at all,integration,
sensor.inverter_113203017303_lifetime_maximum_power,Lifetime maximum power,sensor,enphase_envoy,2437ba09120f0e91a1b9399f639182a1,Inverter 113203017303,Dak,device,diagnostic,,0,True,no labels at all,integration,
sensor.inverter_113203017394_lifetime_maximum_power,Lifetime maximum power,sensor,enphase_envoy,2d192c1d2ea26b12af046be9b8752972,Inverter 113203017394,Dak,device,diagnostic,,0,True,no labels at all,integration,
sensor.inverter_113203017400_lifetime_maximum_power,Lifetime maximum power,sensor,enphase_envoy,9591384282d7dc4187c73745a09b8168,Inverter 113203017400,Dak,device,diagnostic,,0,True,no labels at all,integration,
sensor.inverter_113203017402_lifetime_maximum_power,Lifetime maximum power,sensor,enphase_envoy,48dc820750e3048f52bccd8e78160268,Inverter 113203017402,Dak,device,diagnostic,,0,True,no labels at all,integration,
sensor.inverter_113203017544_lifetime_maximum_power,Lifetime maximum power,sensor,enphase_envoy,b88cc0820509cf9bf848fce8f3a4958f,Inverter 113203017544,Dak,device,diagnostic,,0,True,no labels at all,integration,
sensor.inverter_113203017575_lifetime_maximum_power,Lifetime maximum power,sensor,enphase_envoy,acf62dd6b1840699333a4a5650c05464,Inverter 113203017575,Dak,device,diagnostic,,0,True,no labels at all,integration,
sensor.inverter_113203017626_lifetime_maximum_power,Lifetime maximum power,sensor,enphase_envoy,aeca64bff9ab1ca51e5eff3e4c7cfbd3,Inverter 113203017626,Dak,device,diagnostic,,0,True,no labels at all,integration,
sensor.inverter_113203017701_lifetime_maximum_power,Lifetime maximum power,sensor,enphase_envoy,b820f81feaaf20eadb9f16b15fa1a43c,Inverter 113203017701,Dak,device,diagnostic,,0,True,no labels at all,integration,
switch.verandalamp_links,,switch,mqtt,3ac7e127c2849814044c5f4abbdb76b4,Verandalamp-links,Veranda,device,,,0,True,no labels at all,,
select.verandalamp_links_power_on_behavior,Power-on behavior,select,mqtt,3ac7e127c2849814044c5f4abbdb76b4,Verandalamp-links,Veranda,device,config,,0,True,no labels at all,,
switch.verandalamp_links_child_lock,Child lock,switch,mqtt,3ac7e127c2849814044c5f4abbdb76b4,Verandalamp-links,Veranda,device,config,,0,True,no labels at all,,
switch.verandalamp_links_led_enable,Led enable,switch,mqtt,3ac7e127c2849814044c5f4abbdb76b4,Verandalamp-links,Veranda,device,config,,0,True,no labels at all,,
button.verandalamp_links_identify,Identify,button,mqtt,3ac7e127c2849814044c5f4abbdb76b4,Verandalamp-links,Veranda,device,config,,0,True,no labels at all,,
sensor.0x348d13fffe0850e1_linkquality,Linkquality,sensor,mqtt,3ac7e127c2849814044c5f4abbdb76b4,Verandalamp-links,Veranda,device,diagnostic,,0,True,no labels at all,integration,
update.verandalamp_links,,update,mqtt,3ac7e127c2849814044c5f4abbdb76b4,Verandalamp-links,Veranda,device,config,,0,True,no labels at all,,
switch.verandalamp_rechts,,switch,mqtt,a0ba24ef749d915f85d940c40a7b420f,Verandalamp-rechts,Veranda,device,,,0,True,no labels at all,,
select.verandalamp_rechts_power_on_behavior,Power-on behavior,select,mqtt,a0ba24ef749d915f85d940c40a7b420f,Verandalamp-rechts,Veranda,device,config,,0,True,no labels at all,,
switch.verandalamp_rechts_child_lock,Child lock,switch,mqtt,a0ba24ef749d915f85d940c40a7b420f,Verandalamp-rechts,Veranda,device,config,,0,True,no labels at all,,
switch.verandalamp_rechts_led_enable,Led enable,switch,mqtt,a0ba24ef749d915f85d940c40a7b420f,Verandalamp-rechts,Veranda,device,config,,0,True,no labels at all,,
button.verandalamp_rechts_identify,Identify,button,mqtt,a0ba24ef749d915f85d940c40a7b420f,Verandalamp-rechts,Veranda,device,config,,0,True,no labels at all,,
sensor.0x348d13fffe3d6cb9_linkquality,Linkquality,sensor,mqtt,a0ba24ef749d915f85d940c40a7b420f,Verandalamp-rechts,Veranda,device,diagnostic,,0,True,no labels at all,integration,
update.verandalamp_rechts,,update,mqtt,a0ba24ef749d915f85d940c40a7b420f,Verandalamp-rechts,Veranda,device,config,,0,True,no labels at all,,
switch.veranda_ventilator,,switch,mqtt,9bc296d31a25b042eede679299c912c1,Veranda-ventilator,Veranda,device,,,0,True,no labels at all,,
select.veranda_ventilator_power_on_behavior,Power-on behavior,select,mqtt,9bc296d31a25b042eede679299c912c1,Veranda-ventilator,Veranda,device,config,,0,True,no labels at all,,
switch.veranda_ventilator_child_lock,Child lock,switch,mqtt,9bc296d31a25b042eede679299c912c1,Veranda-ventilator,Veranda,device,config,,0,True,no labels at all,,
switch.veranda_ventilator_led_enable,Led enable,switch,mqtt,9bc296d31a25b042eede679299c912c1,Veranda-ventilator,Veranda,device,config,,0,True,no labels at all,,
button.veranda_ventilator_identify,Identify,button,mqtt,9bc296d31a25b042eede679299c912c1,Veranda-ventilator,Veranda,device,config,,0,True,no labels at all,,
sensor.0x348d13fffe3d46bd_linkquality,Linkquality,sensor,mqtt,9bc296d31a25b042eede679299c912c1,Veranda-ventilator,Veranda,device,diagnostic,,0,True,no labels at all,integration,
update.veranda_ventilator,,update,mqtt,9bc296d31a25b042eede679299c912c1,Veranda-ventilator,Veranda,device,config,,0,True,no labels at all,,
switch.tv,,switch,mqtt,437b650be2ddb2c06f313e8c5033c366,TV,Woonkamer,device,,,0,True,no labels at all,,
select.tv_power_on_behavior,Power-on behavior,select,mqtt,437b650be2ddb2c06f313e8c5033c366,TV,Woonkamer,device,config,,0,True,no labels at all,,
switch.tv_child_lock,Child lock,switch,mqtt,437b650be2ddb2c06f313e8c5033c366,TV,Woonkamer,device,config,,0,True,no labels at all,,
switch.tv_led_enable,Led enable,switch,mqtt,437b650be2ddb2c06f313e8c5033c366,TV,Woonkamer,device,config,,0,True,no labels at all,,
button.tv_identify,Identify,button,mqtt,437b650be2ddb2c06f313e8c5033c366,TV,Woonkamer,device,config,,0,True,no labels at all,,
sensor.0x348d13fffef72655_linkquality,Linkquality,sensor,mqtt,437b650be2ddb2c06f313e8c5033c366,TV,Woonkamer,device,diagnostic,,0,True,no labels at all,integration,
update.tv,,update,mqtt,437b650be2ddb2c06f313e8c5033c366,TV,Woonkamer,device,config,,0,True,no labels at all,,
switch.bureaulamp_rudi,,switch,mqtt,0f1c26b27d08d7ee8601b7d085faa4df,Bureaulamp Rudi,Woonkamer,device,,,0,True,no labels at all,,
select.bureaulamp_rudi_power_on_behavior,Power-on behavior,select,mqtt,0f1c26b27d08d7ee8601b7d085faa4df,Bureaulamp Rudi,Woonkamer,device,config,,0,True,no labels at all,,
switch.bureaulamp_rudi_child_lock,Child lock,switch,mqtt,0f1c26b27d08d7ee8601b7d085faa4df,Bureaulamp Rudi,Woonkamer,device,config,,0,True,no labels at all,,
switch.bureaulamp_rudi_led_enable,Led enable,switch,mqtt,0f1c26b27d08d7ee8601b7d085faa4df,Bureaulamp Rudi,Woonkamer,device,config,,0,True,no labels at all,,
button.bureaulamp_rudi_identify,Identify,button,mqtt,0f1c26b27d08d7ee8601b7d085faa4df,Bureaulamp Rudi,Woonkamer,device,config,,0,True,no labels at all,,
sensor.0x348d13fffeeb25b0_linkquality,Linkquality,sensor,mqtt,0f1c26b27d08d7ee8601b7d085faa4df,Bureaulamp Rudi,Woonkamer,device,diagnostic,,0,True,no labels at all,integration,
update.bureaulamp_rudi,,update,mqtt,0f1c26b27d08d7ee8601b7d085faa4df,Bureaulamp Rudi,Woonkamer,device,config,,0,True,no labels at all,,
switch.bureau_rudi,,switch,mqtt,5f0d47606fe1a021b007d901fe89d6ee,Bureau Rudi,Woonkamer,device,,,0,True,no labels at all,,
select.bureau_rudi_power_on_behavior,Power-on behavior,select,mqtt,5f0d47606fe1a021b007d901fe89d6ee,Bureau Rudi,Woonkamer,device,config,,0,True,no labels at all,,
switch.bureau_rudi_child_lock,Child lock,switch,mqtt,5f0d47606fe1a021b007d901fe89d6ee,Bureau Rudi,Woonkamer,device,config,,0,True,no labels at all,,
switch.bureau_rudi_led_enable,Led enable,switch,mqtt,5f0d47606fe1a021b007d901fe89d6ee,Bureau Rudi,Woonkamer,device,config,,0,True,no labels at all,,
button.bureau_rudi_identify,Identify,button,mqtt,5f0d47606fe1a021b007d901fe89d6ee,Bureau Rudi,Woonkamer,device,config,,0,True,no labels at all,,
sensor.0x348d13fffe07b7f3_linkquality,Linkquality,sensor,mqtt,5f0d47606fe1a021b007d901fe89d6ee,Bureau Rudi,Woonkamer,device,diagnostic,,0,True,no labels at all,integration,
update.bureau_rudi,,update,mqtt,5f0d47606fe1a021b007d901fe89d6ee,Bureau Rudi,Woonkamer,device,config,,0,True,no labels at all,,
binary_sensor.voordeur_bewegingssensor_occupancy,Occupancy,binary_sensor,mqtt,63b676221e5687a5fc0a47eb0bd0d47b,Voordeur bewegingssensor,Hal beneden,device,,,0,True,no labels at all,,
binary_sensor.voordeur_bewegingssensor_illuminance_above_threshold,Illuminance above threshold,binary_sensor,mqtt,63b676221e5687a5fc0a47eb0bd0d47b,Voordeur bewegingssensor,Hal beneden,device,diagnostic,,0,True,no labels at all,,
sensor.voordeur_beweginssensor_requested_brightness_level,Requested brightness level,sensor,mqtt,63b676221e5687a5fc0a47eb0bd0d47b,Voordeur bewegingssensor,Hal beneden,device,diagnostic,,0,True,no labels at all,integration,
sensor.voordeur_beweginssensor_requested_brightness_percent,Requested brightness percent,sensor,mqtt,63b676221e5687a5fc0a47eb0bd0d47b,Voordeur bewegingssensor,Hal beneden,device,diagnostic,,0,True,no labels at all,integration,
button.voordeur_bewegingssensor_identify,Identify,button,mqtt,63b676221e5687a5fc0a47eb0bd0d47b,Voordeur bewegingssensor,Hal beneden,device,config,,0,True,no labels at all,,
sensor.voordeur_bewegingssensor_battery,Battery,sensor,mqtt,63b676221e5687a5fc0a47eb0bd0d47b,Voordeur bewegingssensor,Hal beneden,device,diagnostic,,0,True,no labels at all,,
sensor.voordeur_beweginssensor_linkquality,Linkquality,sensor,mqtt,63b676221e5687a5fc0a47eb0bd0d47b,Voordeur bewegingssensor,Hal beneden,device,diagnostic,,0,True,no labels at all,integration,
update.voordeur_bewegingssensor,,update,mqtt,63b676221e5687a5fc0a47eb0bd0d47b,Voordeur bewegingssensor,Hal beneden,device,config,,0,True,no labels at all,,
update.wijnrek_lamp_firmware,Firmware,update,matter,a9fcfd899c59485dc2b43efc0aa1c3a7,Wijnrek lamp,Woonkamer,device,config,,0,True,no labels at all,,
button.wijnrek_lamp_identify,Identify,button,matter,a9fcfd899c59485dc2b43efc0aa1c3a7,Wijnrek lamp,Woonkamer,device,diagnostic,,0,True,no labels at all,,
light.wijnrek_lamp,,light,matter,a9fcfd899c59485dc2b43efc0aa1c3a7,Wijnrek lamp,Woonkamer,device,,,0,True,no labels at all,,
number.wijnrek_lamp_off_transition_time,Off transition time,number,matter,a9fcfd899c59485dc2b43efc0aa1c3a7,Wijnrek lamp,Woonkamer,device,config,,0,True,no labels at all,,
number.wijnrek_lamp_on_level,On level,number,matter,a9fcfd899c59485dc2b43efc0aa1c3a7,Wijnrek lamp,Woonkamer,device,config,,0,True,no labels at all,,
number.wijnrek_lamp_on_transition_time,On transition time,number,matter,a9fcfd899c59485dc2b43efc0aa1c3a7,Wijnrek lamp,Woonkamer,device,config,,0,True,no labels at all,,
number.wijnrek_lamp_on_off_transition_time,On/Off transition time,number,matter,a9fcfd899c59485dc2b43efc0aa1c3a7,Wijnrek lamp,Woonkamer,device,config,,0,True,no labels at all,,
select.wijnrek_lamp_power_on_behavior_on_startup,Power-on behavior,select,matter,a9fcfd899c59485dc2b43efc0aa1c3a7,Wijnrek lamp,Woonkamer,device,config,,0,True,no labels at all,,
update.zigbee_map_update,Update,update,hacs,e4d2b3edc9cc36db21397460de23ccf4,Zigbee Map,Digital only,device,config,,0,True,no labels at all,,
switch.zigbee_map_pre_release,Pre-release,switch,hacs,e4d2b3edc9cc36db21397460de23ccf4,Zigbee Map,Digital only,device,diagnostic,,0,True,no labels at all,integration,
update.hal_boven_plafondlamp_2_firmware,Firmware,update,matter,acb9ecb40a9127df19dc923deea3e47f,Hal boven - plafondlamp 2,Hal boven,device,config,,0,True,no labels at all,,
light.hal_boven_plafondlamp_2,,light,matter,acb9ecb40a9127df19dc923deea3e47f,Hal boven - plafondlamp 2,Hal boven,device,,,0,True,no labels at all,,
button.hal_boven_plafondlamp_2_identify,Identify,button,matter,acb9ecb40a9127df19dc923deea3e47f,Hal boven - plafondlamp 2,Hal boven,device,diagnostic,,0,True,no labels at all,,
number.hal_boven_plafondlamp_2_off_transition_time,Off transition time,number,matter,acb9ecb40a9127df19dc923deea3e47f,Hal boven - plafondlamp 2,Hal boven,device,config,,0,True,no labels at all,,
number.hal_boven_plafondlamp_2_on_level,On level,number,matter,acb9ecb40a9127df19dc923deea3e47f,Hal boven - plafondlamp 2,Hal boven,device,config,,0,True,no labels at all,,
number.hal_boven_plafondlamp_2_on_transition_time,On transition time,number,matter,acb9ecb40a9127df19dc923deea3e47f,Hal boven - plafondlamp 2,Hal boven,device,config,,0,True,no labels at all,,
number.hal_boven_plafondlamp_2_on_off_transition_time,On/Off transition time,number,matter,acb9ecb40a9127df19dc923deea3e47f,Hal boven - plafondlamp 2,Hal boven,device,config,,0,True,no labels at all,,
select.hal_boven_plafondlamp_2_power_on_behavior_on_startup,Power-on behavior,select,matter,acb9ecb40a9127df19dc923deea3e47f,Hal boven - plafondlamp 2,Hal boven,device,config,,0,True,no labels at all,,
update.hal_boven_plafondlamp_1_firmware,Firmware,update,matter,61e2ea981e6afbd050d73be31cfc3bd1,Hal boven - plafondlamp 1,Hal boven,device,config,,0,True,no labels at all,,
light.hal_boven_plafondlamp_1,,light,matter,61e2ea981e6afbd050d73be31cfc3bd1,Hal boven - plafondlamp 1,Hal boven,device,,,0,True,no labels at all,,
button.hal_boven_plafondlamp_1_identify,Identify,button,matter,61e2ea981e6afbd050d73be31cfc3bd1,Hal boven - plafondlamp 1,Hal boven,device,diagnostic,,0,True,no labels at all,,
number.hal_boven_plafondlamp_1_off_transition_time,Off transition time,number,matter,61e2ea981e6afbd050d73be31cfc3bd1,Hal boven - plafondlamp 1,Hal boven,device,config,,0,True,no labels at all,,
number.hal_boven_plafondlamp_1_on_level,On level,number,matter,61e2ea981e6afbd050d73be31cfc3bd1,Hal boven - plafondlamp 1,Hal boven,device,config,,0,True,no labels at all,,
number.hal_boven_plafondlamp_1_on_transition_time,On transition time,number,matter,61e2ea981e6afbd050d73be31cfc3bd1,Hal boven - plafondlamp 1,Hal boven,device,config,,0,True,no labels at all,,
number.hal_boven_plafondlamp_1_on_off_transition_time,On/Off transition time,number,matter,61e2ea981e6afbd050d73be31cfc3bd1,Hal boven - plafondlamp 1,Hal boven,device,config,,0,True,no labels at all,,
select.hal_boven_plafondlamp_1_power_on_behavior_on_startup,Power-on behavior,select,matter,61e2ea981e6afbd050d73be31cfc3bd1,Hal boven - plafondlamp 1,Hal boven,device,config,,0,True,no labels at all,,
update.hal_boven_plafondlamp_3_firmware,Firmware,update,matter,97e5a7b923135aac9a34277d3ffbb2cc,Hal boven - plafondlamp 3,Hal boven,device,config,,0,True,no labels at all,,
button.hal_boven_plafondlamp_3_identify,Identify,button,matter,97e5a7b923135aac9a34277d3ffbb2cc,Hal boven - plafondlamp 3,Hal boven,device,diagnostic,,0,True,no labels at all,,
light.hal_boven_plafondlamp_3,,light,matter,97e5a7b923135aac9a34277d3ffbb2cc,Hal boven - plafondlamp 3,Hal boven,device,,,0,True,no labels at all,,
number.hal_boven_plafondlamp_3_off_transition_time,Off transition time,number,matter,97e5a7b923135aac9a34277d3ffbb2cc,Hal boven - plafondlamp 3,Hal boven,device,config,,0,True,no labels at all,,
number.hal_boven_plafondlamp_3_on_level,On level,number,matter,97e5a7b923135aac9a34277d3ffbb2cc,Hal boven - plafondlamp 3,Hal boven,device,config,,0,True,no labels at all,,
number.hal_boven_plafondlamp_3_on_transition_time,On transition time,number,matter,97e5a7b923135aac9a34277d3ffbb2cc,Hal boven - plafondlamp 3,Hal boven,device,config,,0,True,no labels at all,,
number.hal_boven_plafondlamp_3_on_off_transition_time,On/Off transition time,number,matter,97e5a7b923135aac9a34277d3ffbb2cc,Hal boven - plafondlamp 3,Hal boven,device,config,,0,True,no labels at all,,
select.hal_boven_plafondlamp_3_power_on_behavior_on_startup,Power-on behavior,select,matter,97e5a7b923135aac9a34277d3ffbb2cc,Hal boven - plafondlamp 3,Hal boven,device,config,,0,True,no labels at all,,
light.hal_boven_plafondlamp,Hal boven plafondlamp,light,group,,,Hal boven,entity,,"Digital only, Group, Helper",3,False,"missing category: brand, protocol; uncategorized label(s): Group",,
update.adaptive_lighting_update,Update,update,hacs,5120e261fa50ace375f7dd89fe57abc6,Adaptive Lighting,Unknown,device,config,,0,True,no labels at all,,
switch.adaptive_lighting_pre_release,Pre-release,switch,hacs,5120e261fa50ace375f7dd89fe57abc6,Adaptive Lighting,Unknown,device,diagnostic,,0,True,no labels at all,integration,
switch.deken_r_r,,switch,mqtt,93d6b1376cde1cd56216e051984c2e81,Deken R/R,,,,,0,True,no labels at all,,
select.deken_r_r_power_on_behavior,Power-on behavior,select,mqtt,93d6b1376cde1cd56216e051984c2e81,Deken R/R,,,config,,0,True,no labels at all,,
switch.deken_r_r_child_lock,Child lock,switch,mqtt,93d6b1376cde1cd56216e051984c2e81,Deken R/R,,,config,,0,True,no labels at all,,
switch.deken_r_r_led_enable,Led enable,switch,mqtt,93d6b1376cde1cd56216e051984c2e81,Deken R/R,,,config,,0,True,no labels at all,,
button.deken_r_r_identify,Identify,button,mqtt,93d6b1376cde1cd56216e051984c2e81,Deken R/R,,,config,,0,True,no labels at all,,
sensor.0x348d13fffec7bbf7_linkquality,Linkquality,sensor,mqtt,93d6b1376cde1cd56216e051984c2e81,Deken R/R,,,diagnostic,,0,True,no labels at all,integration,
update.deken_r_r,,update,mqtt,93d6b1376cde1cd56216e051984c2e81,Deken R/R,,,config,,0,True,no labels at all,,
automation.tv_knop,TV knop,automation,automation,,,,,,"Digital only, Switch",2,False,"missing category: brand, protocol",,
sensor.watchman_last_updated,Last Update,sensor,watchman,9b8027c862b86e8c5fa57df578ffd0d5,Watchman,Digital only,device,diagnostic,Sensor,1,False,"missing category: brand, protocol",,
sensor.watchman_missing_entities,Missing Entities,sensor,watchman,9b8027c862b86e8c5fa57df578ffd0d5,Watchman,Digital only,device,diagnostic,Sensor,1,False,"missing category: brand, protocol",,
sensor.watchman_missing_actions,Missing Actions,sensor,watchman,9b8027c862b86e8c5fa57df578ffd0d5,Watchman,Digital only,device,diagnostic,Sensor,1,False,"missing category: brand, protocol",,
sensor.watchman_status,Status,sensor,watchman,9b8027c862b86e8c5fa57df578ffd0d5,Watchman,Digital only,device,diagnostic,,0,True,no labels at all,,
sensor.watchman_parse_duration,Parse Duration,sensor,watchman,9b8027c862b86e8c5fa57df578ffd0d5,Watchman,Digital only,device,diagnostic,,0,True,no labels at all,,
sensor.watchman_last_parse,Last Parse,sensor,watchman,9b8027c862b86e8c5fa57df578ffd0d5,Watchman,Digital only,device,diagnostic,,0,True,no labels at all,,
sensor.watchman_processed_files,Processed Files,sensor,watchman,9b8027c862b86e8c5fa57df578ffd0d5,Watchman,Digital only,device,diagnostic,,0,True,no labels at all,,
sensor.watchman_ignored_files,Ignored Files,sensor,watchman,9b8027c862b86e8c5fa57df578ffd0d5,Watchman,Digital only,device,diagnostic,,0,True,no labels at all,,
text.watchman_ignored_labels,Ignored Labels,text,watchman,,,,,,,0,True,no labels at all,,
button.watchman_create_report_file,Create Report File,button,watchman,9b8027c862b86e8c5fa57df578ffd0d5,Watchman,Digital only,device,config,,0,True,no labels at all,,
switch.oude_schuur_buitenlamp,,switch,mqtt,92e0d3ebd2e85ccad6324e9838ebd4e6,Oude schuur - buitenlamp,Achtertuin,device,,,0,True,no labels at all,,
select.oude_schuur_buitenlamp_power_on_behavior,Power-on behavior,select,mqtt,92e0d3ebd2e85ccad6324e9838ebd4e6,Oude schuur - buitenlamp,Achtertuin,device,config,,0,True,no labels at all,,
switch.oude_schuur_buitenlamp_child_lock,Child lock,switch,mqtt,92e0d3ebd2e85ccad6324e9838ebd4e6,Oude schuur - buitenlamp,Achtertuin,device,config,,0,True,no labels at all,,
switch.oude_schuur_buitenlamp_led_enable,Led enable,switch,mqtt,92e0d3ebd2e85ccad6324e9838ebd4e6,Oude schuur - buitenlamp,Achtertuin,device,config,,0,True,no labels at all,,
button.oude_schuur_buitenlamp_identify,Identify,button,mqtt,92e0d3ebd2e85ccad6324e9838ebd4e6,Oude schuur - buitenlamp,Achtertuin,device,config,,0,True,no labels at all,,
sensor.0x348d13fffe07ce3c_linkquality,Linkquality,sensor,mqtt,92e0d3ebd2e85ccad6324e9838ebd4e6,Oude schuur - buitenlamp,Achtertuin,device,diagnostic,,0,True,no labels at all,integration,
update.oude_schuur_buitenlamp,,update,mqtt,92e0d3ebd2e85ccad6324e9838ebd4e6,Oude schuur - buitenlamp,Achtertuin,device,config,"IKEA, Light, Zigbee",3,False,,,
sensor.iq_gateway_system_controller,System Controller,sensor,enphase_ev,dd1a6c9ae25871e9cea091613554ee39,IQ Gateway,Unknown,device,diagnostic,,0,True,no labels at all,,
sensor.iq_gateway_gateway_status,Gateway Status,sensor,enphase_ev,dd1a6c9ae25871e9cea091613554ee39,IQ Gateway,Unknown,device,diagnostic,,0,True,no labels at all,,
sensor.iq_gateway_gateway_last_reported,Gateway Last Reported,sensor,enphase_ev,dd1a6c9ae25871e9cea091613554ee39,IQ Gateway,Unknown,device,diagnostic,,0,True,no labels at all,,
sensor.enphase_site_5850163_site_solar_production,Site Solar Production,sensor,enphase_ev,0e6434e4a2f6fd184573d242d37e6f23,Enphase Cloud,Unknown,device,,,0,True,no labels at all,,
sensor.enphase_site_5850163_site_consumption,Site Consumption,sensor,enphase_ev,0e6434e4a2f6fd184573d242d37e6f23,Enphase Cloud,Unknown,device,,,0,True,no labels at all,,
sensor.enphase_site_5850163_site_grid_import,Site Grid Import,sensor,enphase_ev,0e6434e4a2f6fd184573d242d37e6f23,Enphase Cloud,Unknown,device,,,0,True,no labels at all,,
sensor.enphase_site_5850163_site_grid_export,Site Grid Export,sensor,enphase_ev,0e6434e4a2f6fd184573d242d37e6f23,Enphase Cloud,Unknown,device,,,0,True,no labels at all,,
sensor.enphase_site_5850163_site_battery_charge,Site Battery Charge,sensor,enphase_ev,0e6434e4a2f6fd184573d242d37e6f23,Enphase Cloud,Unknown,device,,,0,True,no labels at all,,
sensor.enphase_site_5850163_site_battery_discharge,Site Battery Discharge,sensor,enphase_ev,0e6434e4a2f6fd184573d242d37e6f23,Enphase Cloud,Unknown,device,,,0,True,no labels at all,,
sensor.iq_microinverters_microinverter_connectivity_status,Microinverter Connectivity Status,sensor,enphase_ev,7a3dd62eb0b34976710c49299b847d9c,IQ Microinverters,Unknown,device,diagnostic,,0,True,no labels at all,,
sensor.iq_microinverters_active_microinverters,Active Microinverters,sensor,enphase_ev,7a3dd62eb0b34976710c49299b847d9c,IQ Microinverters,Unknown,device,diagnostic,,0,True,no labels at all,,
sensor.iq_microinverters_microinverter_last_reported,Microinverter Last Reported,sensor,enphase_ev,7a3dd62eb0b34976710c49299b847d9c,IQ Microinverters,Unknown,device,diagnostic,,0,True,no labels at all,,
sensor.q_relay_q_relay_inventory,Q Relay Inventory,sensor,enphase_ev,50769daac1b4ac41a33ea76a050ae5d6,Q Relay,Unknown,device,diagnostic,,0,True,no labels at all,,
button.iq_gateway_cancel_pending_profile_change,Cancel Pending Profile Change,button,enphase_ev,dd1a6c9ae25871e9cea091613554ee39,IQ Gateway,Unknown,device,,,0,True,no labels at all,,
switch.buitenlamp_nieuwe_schuur,,switch,mqtt,9ccb5bf2af22c184fb0533f644bbced2,Buitenlamp - nieuwe schuur,,,,,0,True,no labels at all,,
select.buitenlamp_nieuwe_schuur_power_on_behavior,Power-on behavior,select,mqtt,9ccb5bf2af22c184fb0533f644bbced2,Buitenlamp - nieuwe schuur,,,config,,0,True,no labels at all,,
switch.buitenlamp_nieuwe_schuur_child_lock,Child lock,switch,mqtt,9ccb5bf2af22c184fb0533f644bbced2,Buitenlamp - nieuwe schuur,,,config,,0,True,no labels at all,,
switch.buitenlamp_nieuwe_schuur_led_enable,Led enable,switch,mqtt,9ccb5bf2af22c184fb0533f644bbced2,Buitenlamp - nieuwe schuur,,,config,,0,True,no labels at all,,
button.buitenlamp_nieuwe_schuur_identify,Identify,button,mqtt,9ccb5bf2af22c184fb0533f644bbced2,Buitenlamp - nieuwe schuur,,,config,,0,True,no labels at all,,
sensor.0x348d13fffec8fbec_linkquality,Linkquality,sensor,mqtt,9ccb5bf2af22c184fb0533f644bbced2,Buitenlamp - nieuwe schuur,,,diagnostic,,0,True,no labels at all,integration,
update.buitenlamp_nieuwe_schuur,,update,mqtt,9ccb5bf2af22c184fb0533f644bbced2,Buitenlamp - nieuwe schuur,,,config,,0,True,no labels at all,,
scene.woonkamer_alles_uit,Woonkamer - alles uit,scene,homeassistant,,,Woonkamer,entity,,"Digital only, Scene",2,False,"missing category: brand, protocol; uncategorized label(s): Scene",,
scene.woonkamer_verlichting_tv,Woonkamer - verlichting TV,scene,homeassistant,,,Woonkamer,entity,,"Digital only, Scene",2,False,"missing category: brand, protocol; uncategorized label(s): Scene",,
scene.woonkamer_verlichting_normaal,Woonkamer - verlichting normaal,scene,homeassistant,,,Woonkamer,entity,,"Digital only, Scene",2,False,"missing category: brand, protocol; uncategorized label(s): Scene",,
scene.achtertuin_verlichting_aan,Achtertuin - verlichting aan,scene,homeassistant,,,Achtertuin,entity,,"Digital only, Scene",2,False,"missing category: brand, protocol; uncategorized label(s): Scene",,
scene.achtertuin_verlichting_uit,Achtertuin - verlichting uit,scene,homeassistant,,,Achtertuin,entity,,"Digital only, Scene",2,False,"missing category: brand, protocol; uncategorized label(s): Scene",,
sensor.system_monitor_ipv4_address_wpan0,IPv4 address wpan0,sensor,systemmonitor,d6007fdcd8736cf4b645d8d4d99ee1b8,System Monitor,Digital only,device,diagnostic,,0,True,no labels at all,integration,
sensor.system_monitor_ipv6_address_wpan0,IPv6 address wpan0,sensor,systemmonitor,d6007fdcd8736cf4b645d8d4d99ee1b8,System Monitor,Digital only,device,diagnostic,,0,True,no labels at all,integration,
sensor.system_monitor_network_in_wpan0,Network in wpan0,sensor,systemmonitor,d6007fdcd8736cf4b645d8d4d99ee1b8,System Monitor,Digital only,device,diagnostic,,0,True,no labels at all,integration,
sensor.system_monitor_network_out_wpan0,Network out wpan0,sensor,systemmonitor,d6007fdcd8736cf4b645d8d4d99ee1b8,System Monitor,Digital only,device,diagnostic,,0,True,no labels at all,integration,
sensor.system_monitor_packets_in_wpan0,Packets in wpan0,sensor,systemmonitor,d6007fdcd8736cf4b645d8d4d99ee1b8,System Monitor,Digital only,device,diagnostic,,0,True,no labels at all,integration,
sensor.system_monitor_packets_out_wpan0,Packets out wpan0,sensor,systemmonitor,d6007fdcd8736cf4b645d8d4d99ee1b8,System Monitor,Digital only,device,diagnostic,,0,True,no labels at all,integration,
sensor.system_monitor_network_throughput_in_wpan0,Network throughput in wpan0,sensor,systemmonitor,d6007fdcd8736cf4b645d8d4d99ee1b8,System Monitor,Digital only,device,diagnostic,,0,True,no labels at all,integration,
sensor.system_monitor_network_throughput_out_wpan0,Network throughput out wpan0,sensor,systemmonitor,d6007fdcd8736cf4b645d8d4d99ee1b8,System Monitor,Digital only,device,diagnostic,,0,True,no labels at all,integration,
input_select.log_target,Log target,input_select,input_select,,,Digital only,entity,,"Digital only, Helper, Logging",3,False,"missing category: brand, protocol; uncategorized label(s): Logging",,
input_select.log_level,Log level,input_select,input_select,,,Digital only,entity,,"Digital only, Helper, Logging",3,False,"missing category: brand, protocol; uncategorized label(s): Logging",,
script.update_logger_component_list,Logger: update logger component list,script,script,,,Digital only,entity,,"Digital only, Logging, Script",3,False,"missing category: brand, protocol; uncategorized label(s): Logging, Script",,
script.set_component_log_level,Logger: set component log level,script,script,,,Digital only,entity,,"Digital only, Logging, Script",3,False,"missing category: brand, protocol; uncategorized label(s): Logging, Script",,
automation.logger_auto_reset_to_warning,Logger: Auto-Reset to Warning,automation,automation,,,,,,,0,True,no labels at all,,
input_text.manual_logger_target,Manual Logger target,input_text,input_text,,,Digital only,entity,,"Digital only, Helper",2,False,"missing category: brand, protocol",,
script.add_manual_logger_target,Logger: set custom component,script,script,,,Digital only,entity,,"Digital only, Logging, Script",3,False,"missing category: brand, protocol; uncategorized label(s): Logging, Script",,
binary_sensor.home_assistant_editor_running,Running,binary_sensor,hassio,b60c3467a8aa438f00b9a4bb28d3a9bb,Home Assistant Editor,Unknown,device,,,0,True,no labels at all,integration,
sensor.home_assistant_editor_version,Version,sensor,hassio,b60c3467a8aa438f00b9a4bb28d3a9bb,Home Assistant Editor,Unknown,device,,,0,True,no labels at all,integration,
sensor.home_assistant_editor_newest_version,Newest version,sensor,hassio,b60c3467a8aa438f00b9a4bb28d3a9bb,Home Assistant Editor,Unknown,device,,,0,True,no labels at all,integration,
sensor.home_assistant_editor_cpu_percent,CPU percent,sensor,hassio,b60c3467a8aa438f00b9a4bb28d3a9bb,Home Assistant Editor,Unknown,device,,,0,True,no labels at all,integration,
sensor.home_assistant_editor_memory_percent,Memory percent,sensor,hassio,b60c3467a8aa438f00b9a4bb28d3a9bb,Home Assistant Editor,Unknown,device,,,0,True,no labels at all,integration,
switch.home_assistant_editor,,switch,hassio,b60c3467a8aa438f00b9a4bb28d3a9bb,Home Assistant Editor,Unknown,device,,,0,True,no labels at all,integration,
update.home_assistant_editor_update,Update,update,hassio,b60c3467a8aa438f00b9a4bb28d3a9bb,Home Assistant Editor,Unknown,device,config,,0,True,no labels at all,,
sensor.enphase_cloud_site_evse_charging,Site EVSE Charging,sensor,enphase_ev,0e6434e4a2f6fd184573d242d37e6f23,Enphase Cloud,Unknown,device,,,0,True,no labels at all,,
script.full_home_assistant_backup_omv_local_disk,Full Home Assistant backup (OMV & local disk),script,script,,,Digital only,entity,,"Digital only, Script",2,False,"missing category: brand, protocol; uncategorized label(s): Script",,
script.database_cleanup_purge,Database cleanup (purge),script,script,,,Digital only,entity,,"Digital only, Script",2,False,"missing category: brand, protocol; uncategorized label(s): Script",,
update.button_builder_update,Update,update,hacs,fe9203d2cc609d0a3f8374dab3cc1507,Button Builder,Unknown,device,config,,0,True,no labels at all,,
sensor.accusaver_ip,IP,sensor,tasmota,67b88de9adbdd1160cfd6ca6ee3be467,AccuSaver,Oude schuur,device,diagnostic,,0,True,no labels at all,integration,
sensor.accusaver_last_restart_time,Last Restart Time,sensor,tasmota,67b88de9adbdd1160cfd6ca6ee3be467,AccuSaver,Oude schuur,device,diagnostic,"Charger, WiFi",2,False,missing category: brand,,
sensor.accusaver_wifi_connect_count,WiFi Connect Count,sensor,tasmota,67b88de9adbdd1160cfd6ca6ee3be467,AccuSaver,Oude schuur,device,diagnostic,"Charger, WiFi",2,False,missing category: brand,,
sensor.accusaver_mqtt_connect_count,MQTT Connect Count,sensor,tasmota,67b88de9adbdd1160cfd6ca6ee3be467,AccuSaver,Oude schuur,device,diagnostic,"Charger, WiFi",2,False,missing category: brand,,
sensor.accusaver_restart_reason,Restart Reason,sensor,tasmota,67b88de9adbdd1160cfd6ca6ee3be467,AccuSaver,Oude schuur,device,diagnostic,"Charger, WiFi",2,False,missing category: brand,,
sensor.accusaver_rssi,RSSI,sensor,tasmota,67b88de9adbdd1160cfd6ca6ee3be467,AccuSaver,Oude schuur,device,diagnostic,,0,True,no labels at all,integration,
sensor.accusaver_signal,Signal,sensor,tasmota,67b88de9adbdd1160cfd6ca6ee3be467,AccuSaver,Oude schuur,device,diagnostic,,0,True,no labels at all,integration,
sensor.accusaver_ssid,SSID,sensor,tasmota,67b88de9adbdd1160cfd6ca6ee3be467,AccuSaver,Oude schuur,device,diagnostic,"Charger, WiFi",2,False,missing category: brand,,
sensor.accusaver_firmware_version,Firmware Version,sensor,tasmota,67b88de9adbdd1160cfd6ca6ee3be467,AccuSaver,Oude schuur,device,diagnostic,,0,True,no labels at all,integration,
switch.accusaver,,switch,tasmota,67b88de9adbdd1160cfd6ca6ee3be467,AccuSaver,Oude schuur,device,,"Charger, WiFi",2,False,missing category: brand,,
sensor.accusaver_energy_totalstarttime,ENERGY TotalStartTime,sensor,tasmota,67b88de9adbdd1160cfd6ca6ee3be467,AccuSaver,Oude schuur,device,,"Charger, WiFi",2,False,missing category: brand,,
sensor.accusaver_energy_total,ENERGY Total,sensor,tasmota,67b88de9adbdd1160cfd6ca6ee3be467,AccuSaver,Oude schuur,device,,"Charger, WiFi",2,False,missing category: brand,,
sensor.accusaver_energy_yesterday,ENERGY Yesterday,sensor,tasmota,67b88de9adbdd1160cfd6ca6ee3be467,AccuSaver,Oude schuur,device,,"Charger, WiFi",2,False,missing category: brand,,
sensor.accusaver_energy_today,ENERGY Today,sensor,tasmota,67b88de9adbdd1160cfd6ca6ee3be467,AccuSaver,Oude schuur,device,,"Charger, WiFi",2,False,missing category: brand,,
sensor.accusaver_energy_power,ENERGY Power,sensor,tasmota,67b88de9adbdd1160cfd6ca6ee3be467,AccuSaver,Oude schuur,device,,"Charger, WiFi",2,False,missing category: brand,,
sensor.accusaver_energy_apparentpower,ENERGY ApparentPower,sensor,tasmota,67b88de9adbdd1160cfd6ca6ee3be467,AccuSaver,Oude schuur,device,,"Charger, WiFi",2,False,missing category: brand,,
sensor.accusaver_energy_reactivepower,ENERGY ReactivePower,sensor,tasmota,67b88de9adbdd1160cfd6ca6ee3be467,AccuSaver,Oude schuur,device,,"Charger, WiFi",2,False,missing category: brand,,
sensor.accusaver_energy_factor,ENERGY Factor,sensor,tasmota,67b88de9adbdd1160cfd6ca6ee3be467,AccuSaver,Oude schuur,device,,"Charger, WiFi",2,False,missing category: brand,,
sensor.accusaver_energy_voltage,ENERGY Voltage,sensor,tasmota,67b88de9adbdd1160cfd6ca6ee3be467,AccuSaver,Oude schuur,device,,"Charger, WiFi",2,False,missing category: brand,,
sensor.accusaver_energy_current,ENERGY Current,sensor,tasmota,67b88de9adbdd1160cfd6ca6ee3be467,AccuSaver,Oude schuur,device,,"Charger, WiFi",2,False,missing category: brand,,
sensor.accusaver_energie_vandaag,Energie Vandaag,sensor,template,67b88de9adbdd1160cfd6ca6ee3be467,AccuSaver,Oude schuur,device,,"Charger, WiFi",2,False,missing category: brand,,
sensor.accuserver_energie_gisteren,Energie gisteren,sensor,template,67b88de9adbdd1160cfd6ca6ee3be467,AccuSaver,Oude schuur,device,,"Charger, WiFi",2,False,missing category: brand,,
switch.button_builder_pre_release,Pre-release,switch,hacs,fe9203d2cc609d0a3f8374dab3cc1507,Button Builder,Unknown,device,diagnostic,,0,True,no labels at all,integration,
sensor.system_monitor_memory_pressure_some_10s_average,Memory pressure some 10s average,sensor,systemmonitor,d6007fdcd8736cf4b645d8d4d99ee1b8,System Monitor,Digital only,device,diagnostic,,0,True,no labels at all,integration,
sensor.system_monitor_memory_pressure_some_60s_average,Memory pressure some 60s average,sensor,systemmonitor,d6007fdcd8736cf4b645d8d4d99ee1b8,System Monitor,Digital only,device,diagnostic,,0,True,no labels at all,integration,
sensor.system_monitor_memory_pressure_some_300s_average,Memory pressure some 300s average,sensor,systemmonitor,d6007fdcd8736cf4b645d8d4d99ee1b8,System Monitor,Digital only,device,diagnostic,,0,True,no labels at all,integration,
sensor.system_monitor_memory_pressure_some_total,Memory pressure some total,sensor,systemmonitor,d6007fdcd8736cf4b645d8d4d99ee1b8,System Monitor,Digital only,device,diagnostic,,0,True,no labels at all,integration,
sensor.system_monitor_memory_pressure_full_10s_average,Memory pressure full 10s average,sensor,systemmonitor,d6007fdcd8736cf4b645d8d4d99ee1b8,System Monitor,Digital only,device,diagnostic,,0,True,no labels at all,integration,
sensor.system_monitor_memory_pressure_full_60s_average,Memory pressure full 60s average,sensor,systemmonitor,d6007fdcd8736cf4b645d8d4d99ee1b8,System Monitor,Digital only,device,diagnostic,,0,True,no labels at all,integration,
sensor.system_monitor_memory_pressure_full_300s_average,Memory pressure full 300s average,sensor,systemmonitor,d6007fdcd8736cf4b645d8d4d99ee1b8,System Monitor,Digital only,device,diagnostic,,0,True,no labels at all,integration,
sensor.system_monitor_memory_pressure_full_total,Memory pressure full total,sensor,systemmonitor,d6007fdcd8736cf4b645d8d4d99ee1b8,System Monitor,Digital only,device,diagnostic,,0,True,no labels at all,integration,
sensor.system_monitor_io_pressure_some_10s_average,IO pressure some 10s average,sensor,systemmonitor,d6007fdcd8736cf4b645d8d4d99ee1b8,System Monitor,Digital only,device,diagnostic,,0,True,no labels at all,integration,
sensor.system_monitor_io_pressure_some_60s_average,IO pressure some 60s average,sensor,systemmonitor,d6007fdcd8736cf4b645d8d4d99ee1b8,System Monitor,Digital only,device,diagnostic,,0,True,no labels at all,integration,
sensor.system_monitor_io_pressure_some_300s_average,IO pressure some 300s average,sensor,systemmonitor,d6007fdcd8736cf4b645d8d4d99ee1b8,System Monitor,Digital only,device,diagnostic,,0,True,no labels at all,integration,
sensor.system_monitor_io_pressure_some_total,IO pressure some total,sensor,systemmonitor,d6007fdcd8736cf4b645d8d4d99ee1b8,System Monitor,Digital only,device,diagnostic,,0,True,no labels at all,integration,
sensor.system_monitor_io_pressure_full_10s_average,IO pressure full 10s average,sensor,systemmonitor,d6007fdcd8736cf4b645d8d4d99ee1b8,System Monitor,Digital only,device,diagnostic,,0,True,no labels at all,integration,
sensor.system_monitor_io_pressure_full_60s_average,IO pressure full 60s average,sensor,systemmonitor,d6007fdcd8736cf4b645d8d4d99ee1b8,System Monitor,Digital only,device,diagnostic,,0,True,no labels at all,integration,
sensor.system_monitor_io_pressure_full_300s_average,IO pressure full 300s average,sensor,systemmonitor,d6007fdcd8736cf4b645d8d4d99ee1b8,System Monitor,Digital only,device,diagnostic,,0,True,no labels at all,integration,
sensor.system_monitor_io_pressure_full_total,IO pressure full total,sensor,systemmonitor,d6007fdcd8736cf4b645d8d4d99ee1b8,System Monitor,Digital only,device,diagnostic,,0,True,no labels at all,integration,
sensor.system_monitor_cpu_pressure_some_10s_average,CPU pressure some 10s average,sensor,systemmonitor,d6007fdcd8736cf4b645d8d4d99ee1b8,System Monitor,Digital only,device,diagnostic,,0,True,no labels at all,integration,
sensor.system_monitor_cpu_pressure_some_60s_average,CPU pressure some 60s average,sensor,systemmonitor,d6007fdcd8736cf4b645d8d4d99ee1b8,System Monitor,Digital only,device,diagnostic,,0,True,no labels at all,integration,
sensor.system_monitor_cpu_pressure_some_300s_average,CPU pressure some 300s average,sensor,systemmonitor,d6007fdcd8736cf4b645d8d4d99ee1b8,System Monitor,Digital only,device,diagnostic,,0,True,no labels at all,integration,
sensor.system_monitor_cpu_pressure_some_total,CPU pressure some total,sensor,systemmonitor,d6007fdcd8736cf4b645d8d4d99ee1b8,System Monitor,Digital only,device,diagnostic,,0,True,no labels at all,integration,
number.p1_meter_status_light_brightness,Status light brightness,number,homewizard,3388eb1f4a3c311e039a5cf21b2acb84,P1 meter,Meterkast,device,config,,0,True,no labels at all,,
sensor.p1_meter_wi_fi_rssi,Wi-Fi RSSI,sensor,homewizard,3388eb1f4a3c311e039a5cf21b2acb84,P1 meter,Meterkast,device,diagnostic,,0,True,no labels at all,integration,
sensor.p1_meter_uptime,Uptime,sensor,homewizard,3388eb1f4a3c311e039a5cf21b2acb84,P1 meter,Meterkast,device,diagnostic,,0,True,no labels at all,integration,
sensor.energy_kwh_meter_fornuis_wi_fi_rssi,Wi-Fi RSSI,sensor,homewizard,b385870eef61913686305f8ddc730ab9,Energy kWh meter Fornuis,Meterkast,device,diagnostic,,0,True,no labels at all,integration,
sensor.energy_kwh_meter_fornuis_uptime,Uptime,sensor,homewizard,b385870eef61913686305f8ddc730ab9,Energy kWh meter Fornuis,Meterkast,device,diagnostic,,0,True,no labels at all,integration,
update.toilet_beneden_plafondlamp_2_firmware,Firmware,update,matter,a733afac6d56b20a8c5c567586b8a937,Toilet beneden - plafondlamp 2,Toilet beneden,device,config,,0,True,no labels at all,,
button.toilet_beneden_plafondlamp_2_identify,Identify,button,matter,a733afac6d56b20a8c5c567586b8a937,Toilet beneden - plafondlamp 2,Toilet beneden,device,diagnostic,,0,True,no labels at all,,
number.toilet_beneden_plafondlamp_2_off_transition_time,Off transition time,number,matter,a733afac6d56b20a8c5c567586b8a937,Toilet beneden - plafondlamp 2,Toilet beneden,device,config,,0,True,no labels at all,,
number.toilet_beneden_plafondlamp_2_on_level,On level,number,matter,a733afac6d56b20a8c5c567586b8a937,Toilet beneden - plafondlamp 2,Toilet beneden,device,config,,0,True,no labels at all,,
number.toilet_beneden_plafondlamp_2_on_transition_time,On transition time,number,matter,a733afac6d56b20a8c5c567586b8a937,Toilet beneden - plafondlamp 2,Toilet beneden,device,config,,0,True,no labels at all,,
number.toilet_beneden_plafondlamp_2_on_off_transition_time,On/Off transition time,number,matter,a733afac6d56b20a8c5c567586b8a937,Toilet beneden - plafondlamp 2,Toilet beneden,device,config,,0,True,no labels at all,,
select.toilet_beneden_plafondlamp_2_power_on_behavior_on_startup,Power-on behavior,select,matter,a733afac6d56b20a8c5c567586b8a937,Toilet beneden - plafondlamp 2,Toilet beneden,device,config,,0,True,no labels at all,,
light.toilet_beneden_plafondlamp_2,,light,matter,a733afac6d56b20a8c5c567586b8a937,Toilet beneden - plafondlamp 2,Toilet beneden,device,,"IKEA, Light, Matter, Thread",4,False,,,
update.toilet_beneden_plafondlamp_1_firmware,Firmware,update,matter,bcb51227a88e5fcb5fc68c6ac3face21,Toilet beneden - plafondlamp 1,Toilet beneden,device,config,,0,True,no labels at all,,
button.toilet_beneden_plafondlamp_1_identify,Identify,button,matter,bcb51227a88e5fcb5fc68c6ac3face21,Toilet beneden - plafondlamp 1,Toilet beneden,device,diagnostic,,0,True,no labels at all,,
number.toilet_beneden_plafondlamp_1_off_transition_time,Off transition time,number,matter,bcb51227a88e5fcb5fc68c6ac3face21,Toilet beneden - plafondlamp 1,Toilet beneden,device,config,,0,True,no labels at all,,
number.toilet_beneden_plafondlamp_1_on_level,On level,number,matter,bcb51227a88e5fcb5fc68c6ac3face21,Toilet beneden - plafondlamp 1,Toilet beneden,device,config,,0,True,no labels at all,,
number.toilet_beneden_plafondlamp_1_on_transition_time,On transition time,number,matter,bcb51227a88e5fcb5fc68c6ac3face21,Toilet beneden - plafondlamp 1,Toilet beneden,device,config,,0,True,no labels at all,,
number.toilet_beneden_plafondlamp_1_on_off_transition_time,On/Off transition time,number,matter,bcb51227a88e5fcb5fc68c6ac3face21,Toilet beneden - plafondlamp 1,Toilet beneden,device,config,,0,True,no labels at all,,
select.toilet_beneden_plafondlamp_1_power_on_behavior_on_startup,Power-on behavior,select,matter,bcb51227a88e5fcb5fc68c6ac3face21,Toilet beneden - plafondlamp 1,Toilet beneden,device,config,,0,True,no labels at all,,
light.toilet_beneden_plafondlamp_1,,light,matter,bcb51227a88e5fcb5fc68c6ac3face21,Toilet beneden - plafondlamp 1,Toilet beneden,device,,,0,True,no labels at all,,
light.toilet_beneden,Toilet beneden,light,group,,,,,,,0,True,no labels at all,,
switch.keuken_aanrecht,,switch,mqtt,83a73cd56543655dad2589843cca3d94,Keuken - aanrecht,,,,,0,True,no labels at all,,
select.keuken_aanrecht_power_on_behavior,Power-on behavior,select,mqtt,83a73cd56543655dad2589843cca3d94,Keuken - aanrecht,,,config,,0,True,no labels at all,,
switch.keuken_aanrecht_child_lock,Child lock,switch,mqtt,83a73cd56543655dad2589843cca3d94,Keuken - aanrecht,,,config,,0,True,no labels at all,,
switch.keuken_aanrecht_led_enable,Led enable,switch,mqtt,83a73cd56543655dad2589843cca3d94,Keuken - aanrecht,,,config,,0,True,no labels at all,,
button.keuken_aanrecht_identify,Identify,button,mqtt,83a73cd56543655dad2589843cca3d94,Keuken - aanrecht,,,config,,0,True,no labels at all,,
sensor.0x348d13fffec711d1_linkquality,Linkquality,sensor,mqtt,83a73cd56543655dad2589843cca3d94,Keuken - aanrecht,,,diagnostic,,0,True,no labels at all,integration,
update.keuken_aanrecht,,update,mqtt,83a73cd56543655dad2589843cca3d94,Keuken - aanrecht,,,config,,0,True,no labels at all,,
button.keuken_aanrechtlicht_identify,Identify,button,mqtt,86380d70bdd694ded30ee75932b40c3a,Keuken - aanrechtlicht,,,config,,0,True,no labels at all,,
sensor.keuken_aanrechtlicht_battery,Battery,sensor,mqtt,86380d70bdd694ded30ee75932b40c3a,Keuken - aanrechtlicht,,,diagnostic,Sensor,1,False,"missing category: brand, protocol",,
sensor.keuken_aanrechtlicht_voltage,Voltage,sensor,mqtt,86380d70bdd694ded30ee75932b40c3a,Keuken - aanrechtlicht,,,diagnostic,Sensor,1,False,"missing category: brand, protocol",,
update.keuken_aanrechtlicht,,update,mqtt,86380d70bdd694ded30ee75932b40c3a,Keuken - aanrechtlicht,,,config,,0,True,no labels at all,,
automation.keuken_aanrechtlicht_knop,Keuken - aanrechtlicht knop,automation,automation,,,Digital only,entity,,"Automation, Digital only",2,False,"missing category: brand, protocol; uncategorized label(s): Automation",,
automation.keuken_plafondlicht_knop,Keuken - plafondlicht knop,automation,automation,,,Digital only,entity,,"Automation, Digital only",2,False,"missing category: brand, protocol; uncategorized label(s): Automation",,
automation.bollamp_knippert_bij_deurbel,Achterdeurbel,automation,automation,,,,,,,0,True,no labels at all,,
automation.voordeurbel,Voordeurbel,automation,automation,,,,,,,0,True,no labels at all,,
sensor.iq_microinverters_113203000786_lifetime_energy,113203000786 Lifetime Energy,sensor,enphase_ev,7a3dd62eb0b34976710c49299b847d9c,IQ Microinverters,Unknown,device,,,0,True,no labels at all,,
sensor.iq_microinverters_113203011963_lifetime_energy,113203011963 Lifetime Energy,sensor,enphase_ev,7a3dd62eb0b34976710c49299b847d9c,IQ Microinverters,Unknown,device,,,0,True,no labels at all,,
sensor.iq_microinverters_113203013390_lifetime_energy,113203013390 Lifetime Energy,sensor,enphase_ev,7a3dd62eb0b34976710c49299b847d9c,IQ Microinverters,Unknown,device,,,0,True,no labels at all,,
sensor.iq_microinverters_113203013624_lifetime_energy,113203013624 Lifetime Energy,sensor,enphase_ev,7a3dd62eb0b34976710c49299b847d9c,IQ Microinverters,Unknown,device,,,0,True,no labels at all,,
sensor.iq_microinverters_113203017296_lifetime_energy,113203017296 Lifetime Energy,sensor,enphase_ev,7a3dd62eb0b34976710c49299b847d9c,IQ Microinverters,Unknown,device,,,0,True,no labels at all,,
sensor.iq_microinverters_113203017303_lifetime_energy,113203017303 Lifetime Energy,sensor,enphase_ev,7a3dd62eb0b34976710c49299b847d9c,IQ Microinverters,Unknown,device,,,0,True,no labels at all,,
sensor.iq_microinverters_113203017394_lifetime_energy,113203017394 Lifetime Energy,sensor,enphase_ev,7a3dd62eb0b34976710c49299b847d9c,IQ Microinverters,Unknown,device,,,0,True,no labels at all,,
sensor.iq_microinverters_113203017400_lifetime_energy,113203017400 Lifetime Energy,sensor,enphase_ev,7a3dd62eb0b34976710c49299b847d9c,IQ Microinverters,Unknown,device,,,0,True,no labels at all,,
sensor.iq_microinverters_113203017402_lifetime_energy,113203017402 Lifetime Energy,sensor,enphase_ev,7a3dd62eb0b34976710c49299b847d9c,IQ Microinverters,Unknown,device,,,0,True,no labels at all,,
sensor.iq_microinverters_113203017544_lifetime_energy,113203017544 Lifetime Energy,sensor,enphase_ev,7a3dd62eb0b34976710c49299b847d9c,IQ Microinverters,Unknown,device,,,0,True,no labels at all,,
sensor.iq_microinverters_113203017575_lifetime_energy,113203017575 Lifetime Energy,sensor,enphase_ev,7a3dd62eb0b34976710c49299b847d9c,IQ Microinverters,Unknown,device,,,0,True,no labels at all,,
sensor.iq_microinverters_113203017626_lifetime_energy,113203017626 Lifetime Energy,sensor,enphase_ev,7a3dd62eb0b34976710c49299b847d9c,IQ Microinverters,Unknown,device,,,0,True,no labels at all,,
sensor.iq_microinverters_113203017701_lifetime_energy,113203017701 Lifetime Energy,sensor,enphase_ev,7a3dd62eb0b34976710c49299b847d9c,IQ Microinverters,Unknown,device,,,0,True,no labels at all,,
sensor.energy_kwh_meter_kleinboil_wi_fi_rssi,Wi-Fi RSSI,sensor,homewizard,df50cbd084fb122fd8ff1ef0439bbaf1,Energy kWh meter KleinBoil,Zolder,device,diagnostic,,0,True,no labels at all,integration,
sensor.energy_kwh_meter_kleinboil_uptime,Uptime,sensor,homewizard,df50cbd084fb122fd8ff1ef0439bbaf1,Energy kWh meter KleinBoil,Zolder,device,diagnostic,,0,True,no labels at all,integration,
sensor.energy_kwh_meter_kleinfloor_wi_fi_rssi,Wi-Fi RSSI,sensor,homewizard,055b4361a9023ba300937a988769e38f,Energy kWh meter KleinFloor,Meterkast,device,diagnostic,,0,True,no labels at all,integration,
sensor.energy_kwh_meter_kleinfloor_uptime,Uptime,sensor,homewizard,055b4361a9023ba300937a988769e38f,Energy kWh meter KleinFloor,Meterkast,device,diagnostic,,0,True,no labels at all,integration,
sensor.energy_kwh_meter_kleinshed_wi_fi_rssi,Wi-Fi RSSI,sensor,homewizard,d659183a0ba205bcf7534bcbbffc4d4f,Energy kWh meter KleinShed,Meterkast,device,diagnostic,,0,True,no labels at all,integration,
sensor.energy_kwh_meter_kleinshed_uptime,Uptime,sensor,homewizard,d659183a0ba205bcf7534bcbbffc4d4f,Energy kWh meter KleinShed,Meterkast,device,diagnostic,,0,True,no labels at all,integration,
sensor.energy_kwh_meter_charger_wi_fi_rssi,Wi-Fi RSSI,sensor,homewizard,20a3156486ce43614bec5f83d06a87f7,Energy kWh Meter Charger,Meterkast,device,diagnostic,,0,True,no labels at all,integration,
sensor.energy_kwh_meter_charger_uptime,Uptime,sensor,homewizard,20a3156486ce43614bec5f83d06a87f7,Energy kWh Meter Charger,Meterkast,device,diagnostic,,0,True,no labels at all,integration,
sensor.energy_kwh_meter_airco_wi_fi_rssi,Wi-Fi RSSI,sensor,homewizard,9d1c1a41336a2c11b4fbc6fcb70d9dc8,Energy kWh meter Airco,Meterkast,device,diagnostic,,0,True,no labels at all,integration,
sensor.energy_kwh_meter_airco_uptime,Uptime,sensor,homewizard,9d1c1a41336a2c11b4fbc6fcb70d9dc8,Energy kWh meter Airco,Meterkast,device,diagnostic,,0,True,no labels at all,integration,
sensor.enphase_cloud_current_production_power,Current Production Power,sensor,enphase_ev,0e6434e4a2f6fd184573d242d37e6f23,Enphase Cloud,Unknown,device,,,0,True,no labels at all,,
sensor.enphase_cloud_current_grid_power,Current Grid Power,sensor,enphase_ev,0e6434e4a2f6fd184573d242d37e6f23,Enphase Cloud,Unknown,device,,,0,True,no labels at all,,
zone.de_lek,De Lek,zone,zone,,,,,,,0,True,no labels at all,,
update.nachtkastjelamp_firmware,Firmware,update,matter,4889dbae43b9ec5d7849966fd5007d25,Nachtkastjelamp,Slaapkamer R/R,device,config,,0,True,no labels at all,,
button.nachtkastjelamp_identify,Identify,button,matter,4889dbae43b9ec5d7849966fd5007d25,Nachtkastjelamp,Slaapkamer R/R,device,diagnostic,,0,True,no labels at all,,
light.nachtkastjelamp,,light,matter,4889dbae43b9ec5d7849966fd5007d25,Nachtkastjelamp,Slaapkamer R/R,device,,,0,True,no labels at all,,
number.nachtkastjelamp_off_transition_time,Off transition time,number,matter,4889dbae43b9ec5d7849966fd5007d25,Nachtkastjelamp,Slaapkamer R/R,device,config,,0,True,no labels at all,,
number.nachtkastjelamp_on_level,On level,number,matter,4889dbae43b9ec5d7849966fd5007d25,Nachtkastjelamp,Slaapkamer R/R,device,config,,0,True,no labels at all,,
number.nachtkastjelamp_on_transition_time,On transition time,number,matter,4889dbae43b9ec5d7849966fd5007d25,Nachtkastjelamp,Slaapkamer R/R,device,config,,0,True,no labels at all,,
number.nachtkastjelamp_on_off_transition_time,On/Off transition time,number,matter,4889dbae43b9ec5d7849966fd5007d25,Nachtkastjelamp,Slaapkamer R/R,device,config,,0,True,no labels at all,,
select.nachtkastjelamp_power_on_behavior,Power-on behavior,select,matter,4889dbae43b9ec5d7849966fd5007d25,Nachtkastjelamp,Slaapkamer R/R,device,config,,0,True,no labels at all,,
script.color_cycle_nachtkastjelamp,Color Cycle – Light,script,script,,,,,,,0,True,no labels at all,,
number.badkamerlicht_power_on_level,Power-on level,number,matter,470fc37ac146f9ab82cf89cd3e30918b,Badkamerlicht,Badkamer,device,config,,0,True,no labels at all,,
number.schemerlamp_power_on_level,Power-on level,number,matter,302375777dfc42619a19124d4cda57b7,Schemerlamp,Woonkamer,device,config,,0,True,no labels at all,,
number.wijnrek_lamp_power_on_level,Power-on level,number,matter,a9fcfd899c59485dc2b43efc0aa1c3a7,Wijnrek lamp,Woonkamer,device,config,,0,True,no labels at all,,
number.hal_boven_plafondlamp_1_power_on_level,Power-on level,number,matter,61e2ea981e6afbd050d73be31cfc3bd1,Hal boven - plafondlamp 1,Hal boven,device,config,,0,True,no labels at all,,
number.hal_boven_plafondlamp_2_power_on_level,Power-on level,number,matter,acb9ecb40a9127df19dc923deea3e47f,Hal boven - plafondlamp 2,Hal boven,device,config,,0,True,no labels at all,,
number.hal_boven_plafondlamp_3_power_on_level,Power-on level,number,matter,97e5a7b923135aac9a34277d3ffbb2cc,Hal boven - plafondlamp 3,Hal boven,device,config,,0,True,no labels at all,,
number.toilet_beneden_plafondlamp_1_power_on_level,Power-on level,number,matter,bcb51227a88e5fcb5fc68c6ac3face21,Toilet beneden - plafondlamp 1,Toilet beneden,device,config,,0,True,no labels at all,,
number.toilet_beneden_plafondlamp_2_power_on_level,Power-on level,number,matter,a733afac6d56b20a8c5c567586b8a937,Toilet beneden - plafondlamp 2,Toilet beneden,device,config,,0,True,no labels at all,,
number.nachtkastjelamp_power_on_level,Power-on level,number,matter,4889dbae43b9ec5d7849966fd5007d25,Nachtkastjelamp,Slaapkamer R/R,device,config,,0,True,no labels at all,,
number.bollamp_power_on_level,Power-on level,number,matter,21ab8b018b65f98b2c6b45b17a9b458e,Bollamp,Woonkamer,device,config,,0,True,no labels at all,,
switch.sound_sensor_kleintv_sound_detection,Sound detection,switch,smartthings,3b3cf38a8824059a11a71054e95bdafd,Sound Sensor - KleinTV,Woonkamer,device,config,,0,True,no labels at all,,
zone.walibi_holland,Walibi Holland,zone,zone,,,,,,,0,True,no labels at all,,
zone.walibi_holland_2,Walibi Holland,zone,zone,,,,,,,0,True,no labels at all,,
update.washdata_update,Update,update,hacs,fafcee1b4844a2b1d5bc7176033d9750,WashData,Unknown,device,config,,0,True,no labels at all,,
sensor.washing_machine_state,State,sensor,ha_washdata,369135bc288deeb3e126025bd58239b8,Wasmachine,Zolder,device,,,0,True,no labels at all,,
sensor.washing_machine_program,Program,sensor,ha_washdata,369135bc288deeb3e126025bd58239b8,Wasmachine,Zolder,device,,,0,True,no labels at all,,
sensor.washing_machine_current_phase,Current Phase,sensor,ha_washdata,369135bc288deeb3e126025bd58239b8,Wasmachine,Zolder,device,,,0,True,no labels at all,,
sensor.washing_machine_time_remaining,Time Remaining,sensor,ha_washdata,369135bc288deeb3e126025bd58239b8,Wasmachine,Zolder,device,,,0,True,no labels at all,,
sensor.washing_machine_total_duration,Total Duration,sensor,ha_washdata,369135bc288deeb3e126025bd58239b8,Wasmachine,Zolder,device,,,0,True,no labels at all,,
sensor.washing_machine_progress,Progress,sensor,ha_washdata,369135bc288deeb3e126025bd58239b8,Wasmachine,Zolder,device,,,0,True,no labels at all,,
sensor.washing_machine_current_power,Current Power,sensor,ha_washdata,369135bc288deeb3e126025bd58239b8,Wasmachine,Zolder,device,,,0,True,no labels at all,,
sensor.washing_machine_elapsed_time,Elapsed Time,sensor,ha_washdata,369135bc288deeb3e126025bd58239b8,Wasmachine,Zolder,device,,,0,True,no labels at all,,
sensor.washing_machine_debug_info,Debug Info,sensor,ha_washdata,369135bc288deeb3e126025bd58239b8,Wasmachine,Zolder,device,diagnostic,,0,True,no labels at all,integration,
sensor.washing_machine_suggested_settings_available,Suggested Settings Available,sensor,ha_washdata,369135bc288deeb3e126025bd58239b8,Wasmachine,Zolder,device,diagnostic,,0,True,no labels at all,,
binary_sensor.washing_machine_running,Running,binary_sensor,ha_washdata,369135bc288deeb3e126025bd58239b8,Wasmachine,Zolder,device,,,0,True,no labels at all,,
select.washing_machine_cycle_program,Cycle Program,select,ha_washdata,369135bc288deeb3e126025bd58239b8,Wasmachine,Zolder,device,,,0,True,no labels at all,,
button.washing_machine_force_end_cycle,Force End Cycle,button,ha_washdata,369135bc288deeb3e126025bd58239b8,Wasmachine,Zolder,device,,,0,True,no labels at all,,
switch.washdata_pre_release,Pre-release,switch,hacs,fafcee1b4844a2b1d5bc7176033d9750,WashData,Unknown,device,diagnostic,,0,True,no labels at all,integration,
button.ev3_ev3_force_refresh,Force Refresh,button,kia_uvo,a6208ccc2c783ccb8c28649eb60df6b6,EV3,Digital only,device,,,0,True,no labels at all,,
switch.ev3_ev3_ev_charging,EV Charging,switch,kia_uvo,a6208ccc2c783ccb8c28649eb60df6b6,EV3,Digital only,device,,,0,True,no labels at all,,
switch.ev3_ev3_climate,Climate,switch,kia_uvo,a6208ccc2c783ccb8c28649eb60df6b6,EV3,Digital only,device,,,0,True,no labels at all,,
update.kajplats_e27_cws_globe_1055lm_firmware,Firmware,update,matter,f216e37629dad992fa362f7ab58b7e15,KAJPLATS E27 CWS globe 1055lm,Unknown,device,config,,0,True,no labels at all,,
button.kajplats_e27_cws_globe_1055lm_identify,Identify,button,matter,f216e37629dad992fa362f7ab58b7e15,KAJPLATS E27 CWS globe 1055lm,Unknown,device,diagnostic,,0,True,no labels at all,,
light.kajplats_e27_cws_globe_1055lm,,light,matter,f216e37629dad992fa362f7ab58b7e15,KAJPLATS E27 CWS globe 1055lm,Unknown,device,,,0,True,no labels at all,,
number.kajplats_e27_cws_globe_1055lm_on_level,On level,number,matter,f216e37629dad992fa362f7ab58b7e15,KAJPLATS E27 CWS globe 1055lm,Unknown,device,config,,0,True,no labels at all,,
number.kajplats_e27_cws_globe_1055lm_power_on_level,Power-on level,number,matter,f216e37629dad992fa362f7ab58b7e15,KAJPLATS E27 CWS globe 1055lm,Unknown,device,config,,0,True,no labels at all,,
number.kajplats_e27_cws_globe_1055lm_on_transition_time,On transition time,number,matter,f216e37629dad992fa362f7ab58b7e15,KAJPLATS E27 CWS globe 1055lm,Unknown,device,config,,0,True,no labels at all,,
number.kajplats_e27_cws_globe_1055lm_off_transition_time,Off transition time,number,matter,f216e37629dad992fa362f7ab58b7e15,KAJPLATS E27 CWS globe 1055lm,Unknown,device,config,,0,True,no labels at all,,
number.kajplats_e27_cws_globe_1055lm_on_off_transition_time,On/Off transition time,number,matter,f216e37629dad992fa362f7ab58b7e15,KAJPLATS E27 CWS globe 1055lm,Unknown,device,config,,0,True,no labels at all,,
select.kajplats_e27_cws_globe_1055lm_power_on_behavior,Power-on behavior,select,matter,f216e37629dad992fa362f7ab58b7e15,KAJPLATS E27 CWS globe 1055lm,Unknown,device,config,,0,True,no labels at all,,
sensor.bilresa_scroll_wheel_battery,Battery,sensor,matter,2ed03c9a3bf1f0b469138ed2a66ef287,BILRESA scroll wheel,Unknown,device,diagnostic,,0,True,no labels at all,,
sensor.bilresa_scroll_wheel_battery_voltage,Battery voltage,sensor,matter,2ed03c9a3bf1f0b469138ed2a66ef287,BILRESA scroll wheel,Unknown,device,diagnostic,,0,True,no labels at all,,
sensor.bilresa_scroll_wheel_battery_type,Battery type,sensor,matter,2ed03c9a3bf1f0b469138ed2a66ef287,BILRESA scroll wheel,Unknown,device,diagnostic,,0,True,no labels at all,,
update.bilresa_scroll_wheel_firmware,Firmware,update,matter,2ed03c9a3bf1f0b469138ed2a66ef287,BILRESA scroll wheel,Unknown,device,config,,0,True,no labels at all,,
event.bilresa_scroll_wheel_button_1,Button (1),event,matter,2ed03c9a3bf1f0b469138ed2a66ef287,BILRESA scroll wheel,Unknown,device,,,0,True,no labels at all,,
sensor.bilresa_scroll_wheel_current_switch_position_1,Current switch position (1),sensor,matter,2ed03c9a3bf1f0b469138ed2a66ef287,BILRESA scroll wheel,Unknown,device,diagnostic,,0,True,no labels at all,integration,
event.bilresa_scroll_wheel_button_2,Button (2),event,matter,2ed03c9a3bf1f0b469138ed2a66ef287,BILRESA scroll wheel,Unknown,device,,,0,True,no labels at all,,
sensor.bilresa_scroll_wheel_current_switch_position_2,Current switch position (2),sensor,matter,2ed03c9a3bf1f0b469138ed2a66ef287,BILRESA scroll wheel,Unknown,device,diagnostic,,0,True,no labels at all,integration,
event.bilresa_scroll_wheel_button_3,Button (3),event,matter,2ed03c9a3bf1f0b469138ed2a66ef287,BILRESA scroll wheel,Unknown,device,,,0,True,no labels at all,,
sensor.bilresa_scroll_wheel_current_switch_position_3,Current switch position (3),sensor,matter,2ed03c9a3bf1f0b469138ed2a66ef287,BILRESA scroll wheel,Unknown,device,diagnostic,,0,True,no labels at all,integration,
event.bilresa_scroll_wheel_button_4,Button (4),event,matter,2ed03c9a3bf1f0b469138ed2a66ef287,BILRESA scroll wheel,Unknown,device,,,0,True,no labels at all,,
sensor.bilresa_scroll_wheel_current_switch_position_4,Current switch position (4),sensor,matter,2ed03c9a3bf1f0b469138ed2a66ef287,BILRESA scroll wheel,Unknown,device,diagnostic,,0,True,no labels at all,integration,
event.bilresa_scroll_wheel_button_5,Button (5),event,matter,2ed03c9a3bf1f0b469138ed2a66ef287,BILRESA scroll wheel,Unknown,device,,,0,True,no labels at all,,
sensor.bilresa_scroll_wheel_current_switch_position_5,Current switch position (5),sensor,matter,2ed03c9a3bf1f0b469138ed2a66ef287,BILRESA scroll wheel,Unknown,device,diagnostic,,0,True,no labels at all,integration,
event.bilresa_scroll_wheel_button_6,Button (6),event,matter,2ed03c9a3bf1f0b469138ed2a66ef287,BILRESA scroll wheel,Unknown,device,,,0,True,no labels at all,,
sensor.bilresa_scroll_wheel_current_switch_position_6,Current switch position (6),sensor,matter,2ed03c9a3bf1f0b469138ed2a66ef287,BILRESA scroll wheel,Unknown,device,diagnostic,,0,True,no labels at all,integration,
event.bilresa_scroll_wheel_button_7,Button (7),event,matter,2ed03c9a3bf1f0b469138ed2a66ef287,BILRESA scroll wheel,Unknown,device,,,0,True,no labels at all,,
sensor.bilresa_scroll_wheel_current_switch_position_7,Current switch position (7),sensor,matter,2ed03c9a3bf1f0b469138ed2a66ef287,BILRESA scroll wheel,Unknown,device,diagnostic,,0,True,no labels at all,integration,
event.bilresa_scroll_wheel_button_8,Button (8),event,matter,2ed03c9a3bf1f0b469138ed2a66ef287,BILRESA scroll wheel,Unknown,device,,,0,True,no labels at all,,
sensor.bilresa_scroll_wheel_current_switch_position_8,Current switch position (8),sensor,matter,2ed03c9a3bf1f0b469138ed2a66ef287,BILRESA scroll wheel,Unknown,device,diagnostic,,0,True,no labels at all,integration,
event.bilresa_scroll_wheel_button_9,Button (9),event,matter,2ed03c9a3bf1f0b469138ed2a66ef287,BILRESA scroll wheel,Unknown,device,,,0,True,no labels at all,,
sensor.bilresa_scroll_wheel_current_switch_position_9,Current switch position (9),sensor,matter,2ed03c9a3bf1f0b469138ed2a66ef287,BILRESA scroll wheel,Unknown,device,diagnostic,,0,True,no labels at all,integration,
sensor.bilresa_scroll_wheel_battery_2,Battery,sensor,matter,ec5d7f9725948bdc9bcd0f01c3be2384,BILRESA scroll wheel,Unknown,device,diagnostic,,0,True,no labels at all,,
sensor.bilresa_scroll_wheel_battery_voltage_2,Battery voltage,sensor,matter,ec5d7f9725948bdc9bcd0f01c3be2384,BILRESA scroll wheel,Unknown,device,diagnostic,,0,True,no labels at all,,
sensor.bilresa_scroll_wheel_battery_type_2,Battery type,sensor,matter,ec5d7f9725948bdc9bcd0f01c3be2384,BILRESA scroll wheel,Unknown,device,diagnostic,,0,True,no labels at all,,
update.bilresa_scroll_wheel_firmware_2,Firmware,update,matter,ec5d7f9725948bdc9bcd0f01c3be2384,BILRESA scroll wheel,Unknown,device,config,,0,True,no labels at all,,
event.bilresa_scroll_wheel_button_1_2,Button (1),event,matter,ec5d7f9725948bdc9bcd0f01c3be2384,BILRESA scroll wheel,Unknown,device,,,0,True,no labels at all,,
sensor.bilresa_scroll_wheel_current_switch_position_1_2,Current switch position (1),sensor,matter,ec5d7f9725948bdc9bcd0f01c3be2384,BILRESA scroll wheel,Unknown,device,diagnostic,,0,True,no labels at all,integration,
event.bilresa_scroll_wheel_button_2_2,Button (2),event,matter,ec5d7f9725948bdc9bcd0f01c3be2384,BILRESA scroll wheel,Unknown,device,,,0,True,no labels at all,,
sensor.bilresa_scroll_wheel_current_switch_position_2_2,Current switch position (2),sensor,matter,ec5d7f9725948bdc9bcd0f01c3be2384,BILRESA scroll wheel,Unknown,device,diagnostic,,0,True,no labels at all,integration,
event.bilresa_scroll_wheel_button_3_2,Button (3),event,matter,ec5d7f9725948bdc9bcd0f01c3be2384,BILRESA scroll wheel,Unknown,device,,,0,True,no labels at all,,
sensor.bilresa_scroll_wheel_current_switch_position_3_2,Current switch position (3),sensor,matter,ec5d7f9725948bdc9bcd0f01c3be2384,BILRESA scroll wheel,Unknown,device,diagnostic,,0,True,no labels at all,integration,
event.bilresa_scroll_wheel_button_4_2,Button (4),event,matter,ec5d7f9725948bdc9bcd0f01c3be2384,BILRESA scroll wheel,Unknown,device,,,0,True,no labels at all,,
sensor.bilresa_scroll_wheel_current_switch_position_4_2,Current switch position (4),sensor,matter,ec5d7f9725948bdc9bcd0f01c3be2384,BILRESA scroll wheel,Unknown,device,diagnostic,,0,True,no labels at all,integration,
event.bilresa_scroll_wheel_button_5_2,Button (5),event,matter,ec5d7f9725948bdc9bcd0f01c3be2384,BILRESA scroll wheel,Unknown,device,,,0,True,no labels at all,,
sensor.bilresa_scroll_wheel_current_switch_position_5_2,Current switch position (5),sensor,matter,ec5d7f9725948bdc9bcd0f01c3be2384,BILRESA scroll wheel,Unknown,device,diagnostic,,0,True,no labels at all,integration,
event.bilresa_scroll_wheel_button_6_2,Button (6),event,matter,ec5d7f9725948bdc9bcd0f01c3be2384,BILRESA scroll wheel,Unknown,device,,,0,True,no labels at all,,
sensor.bilresa_scroll_wheel_current_switch_position_6_2,Current switch position (6),sensor,matter,ec5d7f9725948bdc9bcd0f01c3be2384,BILRESA scroll wheel,Unknown,device,diagnostic,,0,True,no labels at all,integration,
event.bilresa_scroll_wheel_button_7_2,Button (7),event,matter,ec5d7f9725948bdc9bcd0f01c3be2384,BILRESA scroll wheel,Unknown,device,,,0,True,no labels at all,,
sensor.bilresa_scroll_wheel_current_switch_position_7_2,Current switch position (7),sensor,matter,ec5d7f9725948bdc9bcd0f01c3be2384,BILRESA scroll wheel,Unknown,device,diagnostic,,0,True,no labels at all,integration,
event.bilresa_scroll_wheel_button_8_2,Button (8),event,matter,ec5d7f9725948bdc9bcd0f01c3be2384,BILRESA scroll wheel,Unknown,device,,,0,True,no labels at all,,
sensor.bilresa_scroll_wheel_current_switch_position_8_2,Current switch position (8),sensor,matter,ec5d7f9725948bdc9bcd0f01c3be2384,BILRESA scroll wheel,Unknown,device,diagnostic,,0,True,no labels at all,integration,
event.bilresa_scroll_wheel_button_9_2,Button (9),event,matter,ec5d7f9725948bdc9bcd0f01c3be2384,BILRESA scroll wheel,Unknown,device,,,0,True,no labels at all,,
sensor.bilresa_scroll_wheel_current_switch_position_9_2,Current switch position (9),sensor,matter,ec5d7f9725948bdc9bcd0f01c3be2384,BILRESA scroll wheel,Unknown,device,diagnostic,,0,True,no labels at all,integration,
sensor.bilresa_dual_button_battery,Battery,sensor,matter,93e774a7b822d4efecf15128f8796177,BILRESA dual button,Unknown,device,diagnostic,,0,True,no labels at all,,
sensor.bilresa_dual_button_battery_voltage,Battery voltage,sensor,matter,93e774a7b822d4efecf15128f8796177,BILRESA dual button,Unknown,device,diagnostic,,0,True,no labels at all,,
sensor.bilresa_dual_button_battery_type,Battery type,sensor,matter,93e774a7b822d4efecf15128f8796177,BILRESA dual button,Unknown,device,diagnostic,,0,True,no labels at all,,
update.bilresa_dual_button_firmware,Firmware,update,matter,93e774a7b822d4efecf15128f8796177,BILRESA dual button,Unknown,device,config,,0,True,no labels at all,,
event.bilresa_dual_button_button_1,Button (1),event,matter,93e774a7b822d4efecf15128f8796177,BILRESA dual button,Unknown,device,,,0,True,no labels at all,,
sensor.bilresa_dual_button_current_switch_position_1,Current switch position (1),sensor,matter,93e774a7b822d4efecf15128f8796177,BILRESA dual button,Unknown,device,diagnostic,,0,True,no labels at all,integration,
event.bilresa_dual_button_button_2,Button (2),event,matter,93e774a7b822d4efecf15128f8796177,BILRESA dual button,Unknown,device,,,0,True,no labels at all,,
sensor.bilresa_dual_button_current_switch_position_2,Current switch position (2),sensor,matter,93e774a7b822d4efecf15128f8796177,BILRESA dual button,Unknown,device,diagnostic,,0,True,no labels at all,integration,
light.donut,,light,matter,77dadfcf6e74c3b26e957a773a27acf3,Donut,Woonkamer,device,,,0,True,no labels at all,,
update.donut_firmware,Firmware,update,matter,77dadfcf6e74c3b26e957a773a27acf3,Donut,Woonkamer,device,config,,0,True,no labels at all,,
button.donut_identify,Identify,button,matter,77dadfcf6e74c3b26e957a773a27acf3,Donut,Woonkamer,device,diagnostic,,0,True,no labels at all,,
number.donut_off_transition_time,Off transition time,number,matter,77dadfcf6e74c3b26e957a773a27acf3,Donut,Woonkamer,device,config,,0,True,no labels at all,,
number.donut_on_level,On level,number,matter,77dadfcf6e74c3b26e957a773a27acf3,Donut,Woonkamer,device,config,,0,True,no labels at all,,
number.donut_on_transition_time,On transition time,number,matter,77dadfcf6e74c3b26e957a773a27acf3,Donut,Woonkamer,device,config,,0,True,no labels at all,,
number.donut_on_off_transition_time,On/Off transition time,number,matter,77dadfcf6e74c3b26e957a773a27acf3,Donut,Woonkamer,device,config,,0,True,no labels at all,,
select.donut_power_on_behavior,Power-on behavior,select,matter,77dadfcf6e74c3b26e957a773a27acf3,Donut,Woonkamer,device,config,,0,True,no labels at all,,
number.donut_power_on_level,Power-on level,number,matter,77dadfcf6e74c3b26e957a773a27acf3,Donut,Woonkamer,device,config,,0,True,no labels at all,,
sensor.zolder_gateway_time_zone,Time zone,sensor,daikin_onecta,12751a7967794c2b2631710906071d96,Zolder Gateway,Digital only,device,diagnostic,,0,True,no labels at all,,
sensor.huiskamer_gateway_time_zone,Time zone,sensor,daikin_onecta,bc5878902adb06b9495282dec05a98de,Huiskamer Gateway,Digital only,device,diagnostic,,0,True,no labels at all,,
sensor.energyzero_today_gas_current_hour_price,Current hour,sensor,energyzero,5a021eb1e359c44cadb2de7c3ac459fd,Gas market price,Unknown,device,,,0,True,no labels at all,,
sensor.energyzero_today_gas_next_hour_price,Next hour,sensor,energyzero,5a021eb1e359c44cadb2de7c3ac459fd,Gas market price,Unknown,device,,,0,True,no labels at all,,
sensor.energyzero_today_energy_current_hour_price,Current hour,sensor,energyzero,6a69bc94a6047a3705b1db9c2339f6be,Energy market price,Unknown,device,,,0,True,no labels at all,,
sensor.energyzero_today_energy_next_hour_price,Next hour,sensor,energyzero,6a69bc94a6047a3705b1db9c2339f6be,Energy market price,Unknown,device,,,0,True,no labels at all,,
sensor.energyzero_today_energy_average_price,Average - today,sensor,energyzero,6a69bc94a6047a3705b1db9c2339f6be,Energy market price,Unknown,device,,,0,True,no labels at all,,
sensor.energyzero_today_energy_max_price,Highest price - today,sensor,energyzero,6a69bc94a6047a3705b1db9c2339f6be,Energy market price,Unknown,device,,,0,True,no labels at all,,
sensor.energyzero_today_energy_min_price,Lowest price - today,sensor,energyzero,6a69bc94a6047a3705b1db9c2339f6be,Energy market price,Unknown,device,,,0,True,no labels at all,,
sensor.energyzero_today_energy_highest_price_time,Time of highest price - today,sensor,energyzero,6a69bc94a6047a3705b1db9c2339f6be,Energy market price,Unknown,device,,,0,True,no labels at all,,
sensor.energyzero_today_energy_lowest_price_time,Time of lowest price - today,sensor,energyzero,6a69bc94a6047a3705b1db9c2339f6be,Energy market price,Unknown,device,,,0,True,no labels at all,,
sensor.energyzero_today_energy_percentage_of_max,Current percentage of highest price - today,sensor,energyzero,6a69bc94a6047a3705b1db9c2339f6be,Energy market price,Unknown,device,,,0,True,no labels at all,,
sensor.energyzero_today_energy_hours_priced_equal_or_lower,Hours priced equal or lower than current - today,sensor,energyzero,6a69bc94a6047a3705b1db9c2339f6be,Energy market price,Unknown,device,,,0,True,no labels at all,,
update.alertticker_card_update,Update,update,hacs,94d1aadceae8191a81d8071775acadc0,AlertTicker Card,Unknown,device,config,,0,True,no labels at all,,
switch.alertticker_card_pre_release,Pre-release,switch,hacs,94d1aadceae8191a81d8071775acadc0,AlertTicker Card,Unknown,device,diagnostic,,0,True,no labels at all,integration,
button.kleinpaal_schedule_refresh,Schedule Refresh,button,enphase_ev,bcb097c35263d2a48844a2286b06586d,Kleinpaal,Voortuin,device,config,,0,True,no labels at all,,
button.kleinpaal_schedule_save,Schedule Save,button,enphase_ev,bcb097c35263d2a48844a2286b06586d,Kleinpaal,Voortuin,device,config,,0,True,no labels at all,,
button.kleinpaal_schedule_delete,Schedule Delete,button,enphase_ev,bcb097c35263d2a48844a2286b06586d,Kleinpaal,Voortuin,device,config,,0,True,no labels at all,,
select.kleinpaal_schedule,Schedule,select,enphase_ev,bcb097c35263d2a48844a2286b06586d,Kleinpaal,Voortuin,device,config,,0,True,no labels at all,,
switch.kleinpaal_schedule_monday,Schedule Monday,switch,enphase_ev,bcb097c35263d2a48844a2286b06586d,Kleinpaal,Voortuin,device,config,,0,True,no labels at all,,
switch.kleinpaal_schedule_tuesday,Schedule Tuesday,switch,enphase_ev,bcb097c35263d2a48844a2286b06586d,Kleinpaal,Voortuin,device,config,,0,True,no labels at all,,
switch.kleinpaal_schedule_wednesday,Schedule Wednesday,switch,enphase_ev,bcb097c35263d2a48844a2286b06586d,Kleinpaal,Voortuin,device,config,,0,True,no labels at all,,
switch.kleinpaal_schedule_thursday,Schedule Thursday,switch,enphase_ev,bcb097c35263d2a48844a2286b06586d,Kleinpaal,Voortuin,device,config,,0,True,no labels at all,,
switch.kleinpaal_schedule_friday,Schedule Friday,switch,enphase_ev,bcb097c35263d2a48844a2286b06586d,Kleinpaal,Voortuin,device,config,,0,True,no labels at all,,
switch.kleinpaal_schedule_saturday,Schedule Saturday,switch,enphase_ev,bcb097c35263d2a48844a2286b06586d,Kleinpaal,Voortuin,device,config,,0,True,no labels at all,,
switch.kleinpaal_schedule_sunday,Schedule Sunday,switch,enphase_ev,bcb097c35263d2a48844a2286b06586d,Kleinpaal,Voortuin,device,config,,0,True,no labels at all,,
time.kleinpaal_schedule_start_time,Schedule Start Time,time,enphase_ev,bcb097c35263d2a48844a2286b06586d,Kleinpaal,Voortuin,device,config,,0,True,no labels at all,,
time.kleinpaal_schedule_end_time,Schedule End Time,time,enphase_ev,bcb097c35263d2a48844a2286b06586d,Kleinpaal,Voortuin,device,config,,0,True,no labels at all,,
sensor.system_ha_global_health_score,System: HA - Global Health Score,sensor,haghs,,,,,,,0,True,no labels at all,,
update.iq_gateway_gateway_firmware,Gateway Firmware,update,enphase_ev,dd1a6c9ae25871e9cea091613554ee39,IQ Gateway,Unknown,device,diagnostic,,0,True,no labels at all,,
update.kleinpaal_firmware,Firmware,update,enphase_ev,bcb097c35263d2a48844a2286b06586d,Kleinpaal,Voortuin,device,diagnostic,,0,True,no labels at all,,
sensor.washing_machine_cycle_count,Cycle Count,sensor,ha_washdata,369135bc288deeb3e126025bd58239b8,Wasmachine,Zolder,device,,,0,True,no labels at all,,
button.washing_machine_pause_cycle,Pause Cycle,button,ha_washdata,369135bc288deeb3e126025bd58239b8,Wasmachine,Zolder,device,,,0,True,no labels at all,,
button.washing_machine_resume_cycle,Resume Cycle,button,ha_washdata,369135bc288deeb3e126025bd58239b8,Wasmachine,Zolder,device,,,0,True,no labels at all,,
sensor.droger_state,State,sensor,ha_washdata,5a141da697ec8522b78aa303e760b1fd,Droger,Zolder,device,,,0,True,no labels at all,,
sensor.droger_program,Program,sensor,ha_washdata,5a141da697ec8522b78aa303e760b1fd,Droger,Zolder,device,,,0,True,no labels at all,,
sensor.droger_current_phase,Current Phase,sensor,ha_washdata,5a141da697ec8522b78aa303e760b1fd,Droger,Zolder,device,,,0,True,no labels at all,,
sensor.droger_time_remaining,Time Remaining,sensor,ha_washdata,5a141da697ec8522b78aa303e760b1fd,Droger,Zolder,device,,,0,True,no labels at all,,
sensor.droger_total_duration,Total Duration,sensor,ha_washdata,5a141da697ec8522b78aa303e760b1fd,Droger,Zolder,device,,,0,True,no labels at all,,
sensor.droger_progress,Progress,sensor,ha_washdata,5a141da697ec8522b78aa303e760b1fd,Droger,Zolder,device,,,0,True,no labels at all,,
sensor.droger_current_power,Current Power,sensor,ha_washdata,5a141da697ec8522b78aa303e760b1fd,Droger,Zolder,device,,,0,True,no labels at all,,
sensor.droger_elapsed_time,Elapsed Time,sensor,ha_washdata,5a141da697ec8522b78aa303e760b1fd,Droger,Zolder,device,,,0,True,no labels at all,,
sensor.droger_debug_info,Debug Info,sensor,ha_washdata,5a141da697ec8522b78aa303e760b1fd,Droger,Zolder,device,diagnostic,,0,True,no labels at all,integration,
sensor.droger_suggested_settings_available,Suggested Settings Available,sensor,ha_washdata,5a141da697ec8522b78aa303e760b1fd,Droger,Zolder,device,diagnostic,,0,True,no labels at all,,
sensor.droger_cycle_count,Cycle Count,sensor,ha_washdata,5a141da697ec8522b78aa303e760b1fd,Droger,Zolder,device,,,0,True,no labels at all,,
binary_sensor.droger_running,Running,binary_sensor,ha_washdata,5a141da697ec8522b78aa303e760b1fd,Droger,Zolder,device,,,0,True,no labels at all,,
select.droger_cycle_program,Cycle Program,select,ha_washdata,5a141da697ec8522b78aa303e760b1fd,Droger,Zolder,device,,,0,True,no labels at all,,
button.droger_force_end_cycle,Force End Cycle,button,ha_washdata,5a141da697ec8522b78aa303e760b1fd,Droger,Zolder,device,,,0,True,no labels at all,,
button.droger_pause_cycle,Pause Cycle,button,ha_washdata,5a141da697ec8522b78aa303e760b1fd,Droger,Zolder,device,,,0,True,no labels at all,,
button.droger_resume_cycle,Resume Cycle,button,ha_washdata,5a141da697ec8522b78aa303e760b1fd,Droger,Zolder,device,,,0,True,no labels at all,,
sensor.vaatwasser_state,State,sensor,ha_washdata,a6114b1064027ac6ecc2e1e52413f6c1,Vaatwasser,Keuken,device,,,0,True,no labels at all,,
sensor.vaatwasser_program,Program,sensor,ha_washdata,a6114b1064027ac6ecc2e1e52413f6c1,Vaatwasser,Keuken,device,,,0,True,no labels at all,,
sensor.vaatwasser_current_phase,Current Phase,sensor,ha_washdata,a6114b1064027ac6ecc2e1e52413f6c1,Vaatwasser,Keuken,device,,,0,True,no labels at all,,
sensor.vaatwasser_time_remaining,Time Remaining,sensor,ha_washdata,a6114b1064027ac6ecc2e1e52413f6c1,Vaatwasser,Keuken,device,,,0,True,no labels at all,,
sensor.vaatwasser_total_duration,Total Duration,sensor,ha_washdata,a6114b1064027ac6ecc2e1e52413f6c1,Vaatwasser,Keuken,device,,,0,True,no labels at all,,
sensor.vaatwasser_progress,Progress,sensor,ha_washdata,a6114b1064027ac6ecc2e1e52413f6c1,Vaatwasser,Keuken,device,,,0,True,no labels at all,,
sensor.vaatwasser_current_power,Current Power,sensor,ha_washdata,a6114b1064027ac6ecc2e1e52413f6c1,Vaatwasser,Keuken,device,,,0,True,no labels at all,,
sensor.vaatwasser_elapsed_time,Elapsed Time,sensor,ha_washdata,a6114b1064027ac6ecc2e1e52413f6c1,Vaatwasser,Keuken,device,,,0,True,no labels at all,,
sensor.vaatwasser_debug_info,Debug Info,sensor,ha_washdata,a6114b1064027ac6ecc2e1e52413f6c1,Vaatwasser,Keuken,device,diagnostic,,0,True,no labels at all,integration,
sensor.vaatwasser_suggested_settings_available,Suggested Settings Available,sensor,ha_washdata,a6114b1064027ac6ecc2e1e52413f6c1,Vaatwasser,Keuken,device,diagnostic,,0,True,no labels at all,,
sensor.vaatwasser_cycle_count,Cycle Count,sensor,ha_washdata,a6114b1064027ac6ecc2e1e52413f6c1,Vaatwasser,Keuken,device,,,0,True,no labels at all,,
binary_sensor.vaatwasser_running,Running,binary_sensor,ha_washdata,a6114b1064027ac6ecc2e1e52413f6c1,Vaatwasser,Keuken,device,,,0,True,no labels at all,,
select.vaatwasser_cycle_program,Cycle Program,select,ha_washdata,a6114b1064027ac6ecc2e1e52413f6c1,Vaatwasser,Keuken,device,,,0,True,no labels at all,,
button.vaatwasser_force_end_cycle,Force End Cycle,button,ha_washdata,a6114b1064027ac6ecc2e1e52413f6c1,Vaatwasser,Keuken,device,,,0,True,no labels at all,,
button.vaatwasser_pause_cycle,Pause Cycle,button,ha_washdata,a6114b1064027ac6ecc2e1e52413f6c1,Vaatwasser,Keuken,device,,,0,True,no labels at all,,
button.vaatwasser_resume_cycle,Resume Cycle,button,ha_washdata,a6114b1064027ac6ecc2e1e52413f6c1,Vaatwasser,Keuken,device,,,0,True,no labels at all,,
notify.galaxy_watch4_26kz,,notify,mobile_app,d0bf97e976e09a07ab9df86a05c8d47a,Rudi smartwatch,Mobiel,device,,,0,True,no labels at all,,
notify.rudi_smartphone,,notify,mobile_app,ab8f9b0174393bf77681a3cea7f94146,Rudi smartphone (S10),Mobiel,device,,,0,True,no labels at all,,
sensor.enphase_cloud_service_status,Service Status,sensor,enphase_ev,0e6434e4a2f6fd184573d242d37e6f23,Enphase Cloud,Unknown,device,diagnostic,,0,True,no labels at all,,
binary_sensor.ev3_front_left_door_lock,Front Left Door Lock,binary_sensor,kia_uvo,a6208ccc2c783ccb8c28649eb60df6b6,EV3,Digital only,device,diagnostic,,0,True,no labels at all,,
binary_sensor.ev3_front_right_door_lock,Front Right Door Lock,binary_sensor,kia_uvo,a6208ccc2c783ccb8c28649eb60df6b6,EV3,Digital only,device,diagnostic,,0,True,no labels at all,,
binary_sensor.ev3_back_left_door_lock,Back Left Door Lock,binary_sensor,kia_uvo,a6208ccc2c783ccb8c28649eb60df6b6,EV3,Digital only,device,diagnostic,,0,True,no labels at all,,
binary_sensor.ev3_back_right_door_lock,Back Right Door Lock,binary_sensor,kia_uvo,a6208ccc2c783ccb8c28649eb60df6b6,EV3,Digital only,device,diagnostic,,0,True,no labels at all,,
cover.ev3_front_left_window,Front Left Window,cover,kia_uvo,a6208ccc2c783ccb8c28649eb60df6b6,EV3,Digital only,device,config,,0,True,no labels at all,,
cover.ev3_front_right_window,Front Right Window,cover,kia_uvo,a6208ccc2c783ccb8c28649eb60df6b6,EV3,Digital only,device,config,,0,True,no labels at all,,
cover.ev3_back_left_window,Back Left Window,cover,kia_uvo,a6208ccc2c783ccb8c28649eb60df6b6,EV3,Digital only,device,config,,0,True,no labels at all,,
cover.ev3_back_right_window,Back Right Window,cover,kia_uvo,a6208ccc2c783ccb8c28649eb60df6b6,EV3,Digital only,device,config,,0,True,no labels at all,,
button.bilresa_dual_button_identify_1,Identify (1),button,matter,93e774a7b822d4efecf15128f8796177,BILRESA dual button,Unknown,device,diagnostic,,0,True,no labels at all,,
sensor.slaapkamerraam_rr_battery,Battery,sensor,matter,6aec27084b51b43c2abe566b97a11f5e,Slaapkamerraam RR,Slaapkamer R/R,device,diagnostic,,0,True,no labels at all,,
sensor.slaapkamerraam_rr_battery_type,Battery type,sensor,matter,6aec27084b51b43c2abe566b97a11f5e,Slaapkamerraam RR,Slaapkamer R/R,device,diagnostic,,0,True,no labels at all,,
sensor.slaapkamerraam_rr_battery_voltage,Battery voltage,sensor,matter,6aec27084b51b43c2abe566b97a11f5e,Slaapkamerraam RR,Slaapkamer R/R,device,diagnostic,,0,True,no labels at all,,
binary_sensor.slaapkamerraam_rr_door,Door,binary_sensor,matter,6aec27084b51b43c2abe566b97a11f5e,Slaapkamerraam RR,Slaapkamer R/R,device,,,0,True,no labels at all,,
update.slaapkamerraam_rr_firmware,Firmware,update,matter,6aec27084b51b43c2abe566b97a11f5e,Slaapkamerraam RR,Slaapkamer R/R,device,config,,0,True,no labels at all,,
button.slaapkamerraam_rr_identify,Identify,button,matter,6aec27084b51b43c2abe566b97a11f5e,Slaapkamerraam RR,Slaapkamer R/R,device,diagnostic,,0,True,no labels at all,,
media_player.kleintv_6,,media_player,samsungtv,71d3be0dfe474c7187969b04eacc5b85,KleinTV,Woonkamer,device,,,0,True,no labels at all,,
remote.kleintv_4,,remote,samsungtv,71d3be0dfe474c7187969b04eacc5b85,KleinTV,Woonkamer,device,,,0,True,no labels at all,,
number.red_robin_voortuin_max_vpd,Max VPD,number,plant,b57b456fbcb7f2130dba90a280762d08,Red Robin (voortuin),Voortuin,device,config,,0,True,no labels at all,,
number.red_robin_voortuin_min_vpd,Min VPD,number,plant,b57b456fbcb7f2130dba90a280762d08,Red Robin (voortuin),Voortuin,device,config,,0,True,no labels at all,,
sensor.red_robin_voortuin_vapour_pressure_deficit,Vapour pressure deficit,sensor,plant,b57b456fbcb7f2130dba90a280762d08,Red Robin (voortuin),Voortuin,device,,,0,True,no labels at all,,
number.bruidsplant_achtertuin_max_vpd,Max VPD,number,plant,159d67d455ae63b9665094b12a0201bc,Bruidsplant (achtertuin),Achtertuin,device,config,,0,True,no labels at all,integration,
number.bruidsplant_achtertuin_min_vpd,Min VPD,number,plant,159d67d455ae63b9665094b12a0201bc,Bruidsplant (achtertuin),Achtertuin,device,config,,0,True,no labels at all,integration,
sensor.bruidsplant_achtertuin_vapour_pressure_deficit,Vapour pressure deficit,sensor,plant,159d67d455ae63b9665094b12a0201bc,Bruidsplant (achtertuin),Achtertuin,device,,,0,True,no labels at all,integration,
number.bamboo_achtertuin_max_vpd,Max VPD,number,plant,2c3b0ce9d5efcab5839143ee536ff696,Bamboo (achtertuin),Achtertuin,device,config,,0,True,no labels at all,,
number.bamboo_achtertuin_min_vpd,Min VPD,number,plant,2c3b0ce9d5efcab5839143ee536ff696,Bamboo (achtertuin),Achtertuin,device,config,,0,True,no labels at all,,
sensor.bamboo_achtertuin_vapour_pressure_deficit,Vapour pressure deficit,sensor,plant,2c3b0ce9d5efcab5839143ee536ff696,Bamboo (achtertuin),Achtertuin,device,,,0,True,no labels at all,,
update.zolder_gateway_firmware_update_2,Firmware update,update,daikin_onecta,12751a7967794c2b2631710906071d96,Zolder Gateway,Digital only,device,diagnostic,,0,True,no labels at all,,
update.huiskamer_gateway_firmware_update_2,Firmware update,update,daikin_onecta,bc5878902adb06b9495282dec05a98de,Huiskamer Gateway,Digital only,device,diagnostic,,0,True,no labels at all,,
sensor.envoy_113228000926_token_type,Token Type,sensor,enphase_envoy,a6733811333c68ac35074e70c86098dd,Envoy 113228000926,Meterkast,device,diagnostic,,0,True,no labels at all,,
sensor.ev3,,sensor,kia_uvo,a6208ccc2c783ccb8c28649eb60df6b6,EV3,Digital only,device,diagnostic,,0,True,no labels at all,,
sensor.envoy_113228000926_lifetime_net_energy_production,Lifetime Net Energy Production,sensor,enphase_envoy,a6733811333c68ac35074e70c86098dd,Envoy 113228000926,Meterkast,device,,Sensor,1,False,"missing category: brand, protocol",,
sensor.envoy_113228000926_lifetime_net_energy_production_l1,Lifetime Net Energy Production L1,sensor,enphase_envoy,a6733811333c68ac35074e70c86098dd,Envoy 113228000926,Meterkast,device,,Sensor,1,False,"missing category: brand, protocol",,
sensor.envoy_113228000926_lifetime_net_energy_production_l2,Lifetime Net Energy Production L2,sensor,enphase_envoy,a6733811333c68ac35074e70c86098dd,Envoy 113228000926,Meterkast,device,,Sensor,1,False,"missing category: brand, protocol",,
sensor.envoy_113228000926_lifetime_net_energy_production_l3,Lifetime Net Energy Production L3,sensor,enphase_envoy,a6733811333c68ac35074e70c86098dd,Envoy 113228000926,Meterkast,device,,Sensor,1,False,"missing category: brand, protocol",,
binary_sensor.filebrowser_running,Running,binary_sensor,hassio,4c304f9241cd69109b0f78d443127816,Filebrowser,Digital only,device,,,0,True,no labels at all,integration,
sensor.filebrowser_version,Version,sensor,hassio,4c304f9241cd69109b0f78d443127816,Filebrowser,Digital only,device,,,0,True,no labels at all,integration,
sensor.filebrowser_newest_version,Newest version,sensor,hassio,4c304f9241cd69109b0f78d443127816,Filebrowser,Digital only,device,,,0,True,no labels at all,integration,
sensor.filebrowser_cpu_percent,CPU percent,sensor,hassio,4c304f9241cd69109b0f78d443127816,Filebrowser,Digital only,device,,,0,True,no labels at all,integration,
sensor.filebrowser_memory_percent,Memory percent,sensor,hassio,4c304f9241cd69109b0f78d443127816,Filebrowser,Digital only,device,,,0,True,no labels at all,integration,
switch.filebrowser,,switch,hassio,4c304f9241cd69109b0f78d443127816,Filebrowser,Digital only,device,,,0,True,no labels at all,integration,
update.filebrowser_update,Update,update,hassio,4c304f9241cd69109b0f78d443127816,Filebrowser,Digital only,device,config,,0,True,no labels at all,,
binary_sensor.filebrowser_quantum_running,Running,binary_sensor,hassio,c8d30327dd01d8def45fdfc237fdb3ac,FileBrowser Quantum,Unknown,device,,,0,True,no labels at all,integration,
sensor.filebrowser_quantum_version,Version,sensor,hassio,c8d30327dd01d8def45fdfc237fdb3ac,FileBrowser Quantum,Unknown,device,,,0,True,no labels at all,integration,
sensor.filebrowser_quantum_newest_version,Newest version,sensor,hassio,c8d30327dd01d8def45fdfc237fdb3ac,FileBrowser Quantum,Unknown,device,,,0,True,no labels at all,integration,
sensor.filebrowser_quantum_cpu_percent,CPU percent,sensor,hassio,c8d30327dd01d8def45fdfc237fdb3ac,FileBrowser Quantum,Unknown,device,,,0,True,no labels at all,integration,
sensor.filebrowser_quantum_memory_percent,Memory percent,sensor,hassio,c8d30327dd01d8def45fdfc237fdb3ac,FileBrowser Quantum,Unknown,device,,,0,True,no labels at all,integration,
switch.filebrowser_quantum,,switch,hassio,c8d30327dd01d8def45fdfc237fdb3ac,FileBrowser Quantum,Unknown,device,,,0,True,no labels at all,integration,
update.filebrowser_quantum_update,Update,update,hassio,c8d30327dd01d8def45fdfc237fdb3ac,FileBrowser Quantum,Unknown,device,config,,0,True,no labels at all,,
sensor.epson_et_2860_series,,sensor,ipp,2d38226c65c3fb3e92b4be762edc1b92,EPSON ET-2860 Series,Woonkamer,device,,Sensor,1,False,"missing category: brand, protocol",,
alarm_control_panel.kleinunifi_alarm_manager,Alarm Manager,alarm_control_panel,unifiprotect,52357a981d33b3bdb7d00c7509609f5e,KleinUnifi,Meterkast,device,,,0,True,no labels at all,,
input_number.watermeter_reading_offset,Watermeter reading offset,input_number,input_number,,,,,,,0,True,no labels at all,,
sensor.watermeter_virtual_reading,Virtual reading,sensor,template,5f2e3248787deec66fd5e35ca0f3e700,Watermeter,Meterkast,device,,,0,True,no labels at all,,
sensor.ev3_location_last_updated,Location Last Updated,sensor,kia_uvo,a6208ccc2c783ccb8c28649eb60df6b6,EV3,Digital only,device,diagnostic,,0,True,no labels at all,,
switch.ev3_ev_scheduled_departure_1,EV Scheduled Departure 1,switch,kia_uvo,a6208ccc2c783ccb8c28649eb60df6b6,EV3,Digital only,device,,,0,True,no labels at all,,
switch.ev3_ev_scheduled_departure_2,EV Scheduled Departure 2,switch,kia_uvo,a6208ccc2c783ccb8c28649eb60df6b6,EV3,Digital only,device,,,0,True,no labels at all,,
remote.kleinlink_1,,remote,broadlink,a1f92356e33443fed70569562c57f39c,kleinlink-1,Woonkamer,device,,,0,True,no labels at all,,
infrared.kleinlink_1_ir_emitter,IR emitter,infrared,broadlink,a1f92356e33443fed70569562c57f39c,kleinlink-1,Woonkamer,device,,,0,True,no labels at all,,
radio_frequency.kleinlink_1,RF transmitter,radio_frequency,broadlink,a1f92356e33443fed70569562c57f39c,kleinlink-1,Woonkamer,device,,,0,True,no labels at all,,
sensor.kleinbroad_temperature,Temperature,sensor,broadlink,a1f92356e33443fed70569562c57f39c,kleinlink-1,Woonkamer,device,,Sensor,1,False,"missing category: brand, protocol",,
sensor.kleinbroad_humidity,Humidity,sensor,broadlink,a1f92356e33443fed70569562c57f39c,kleinlink-1,Woonkamer,device,,Sensor,1,False,"missing category: brand, protocol",,
button.energy_socket_serverkast_identify,Identify,button,homewizard,38861148e7e16e0f8c0ea265e2c35239,Energy Socket Serverkast,Meterkast,device,config,,0,True,no labels at all,,
number.energy_socket_serverkast_status_light_brightness,Status light brightness,number,homewizard,38861148e7e16e0f8c0ea265e2c35239,Energy Socket Serverkast,Meterkast,device,config,,0,True,no labels at all,,
sensor.energy_socket_serverkast_wi_fi_ssid,Wi-Fi SSID,sensor,homewizard,38861148e7e16e0f8c0ea265e2c35239,Energy Socket Serverkast,Meterkast,device,diagnostic,,0,True,no labels at all,,
sensor.energy_socket_serverkast_wi_fi_strength,Wi-Fi strength,sensor,homewizard,38861148e7e16e0f8c0ea265e2c35239,Energy Socket Serverkast,Meterkast,device,diagnostic,,0,True,no labels at all,,
sensor.energy_socket_serverkast_energy_import,Energy import,sensor,homewizard,38861148e7e16e0f8c0ea265e2c35239,Energy Socket Serverkast,Meterkast,device,,,0,True,no labels at all,,
sensor.energy_socket_serverkast_energy_export,Energy export,sensor,homewizard,38861148e7e16e0f8c0ea265e2c35239,Energy Socket Serverkast,Meterkast,device,,,0,True,no labels at all,,
sensor.energy_socket_serverkast_power,Power,sensor,homewizard,38861148e7e16e0f8c0ea265e2c35239,Energy Socket Serverkast,Meterkast,device,,,0,True,no labels at all,,
sensor.energy_socket_serverkast_power_phase_1,Power phase 1,sensor,homewizard,38861148e7e16e0f8c0ea265e2c35239,Energy Socket Serverkast,Meterkast,device,,,0,True,no labels at all,,
sensor.energy_socket_serverkast_voltage,Voltage,sensor,homewizard,38861148e7e16e0f8c0ea265e2c35239,Energy Socket Serverkast,Meterkast,device,,,0,True,no labels at all,,
sensor.energy_socket_serverkast_current,Current,sensor,homewizard,38861148e7e16e0f8c0ea265e2c35239,Energy Socket Serverkast,Meterkast,device,,,0,True,no labels at all,,
sensor.energy_socket_serverkast_frequency,Frequency,sensor,homewizard,38861148e7e16e0f8c0ea265e2c35239,Energy Socket Serverkast,Meterkast,device,,,0,True,no labels at all,,
sensor.energy_socket_serverkast_production_power,Production power,sensor,homewizard,38861148e7e16e0f8c0ea265e2c35239,Energy Socket Serverkast,Meterkast,device,,,0,True,no labels at all,integration,
switch.energy_socket_serverkast,,switch,homewizard,38861148e7e16e0f8c0ea265e2c35239,Energy Socket Serverkast,Meterkast,device,,,0,True,no labels at all,,
switch.energy_socket_serverkast_switch_lock,Switch lock,switch,homewizard,38861148e7e16e0f8c0ea265e2c35239,Energy Socket Serverkast,Meterkast,device,config,,0,True,no labels at all,,
switch.energy_socket_serverkast_cloud_connection,Cloud connection,switch,homewizard,38861148e7e16e0f8c0ea265e2c35239,Energy Socket Serverkast,Meterkast,device,config,,0,True,no labels at all,,
update.immich_picture_update,Update,update,hacs,d690cf35a22a732a1393cf5df302a784,Immich Picture,Unknown,device,config,,0,True,no labels at all,,
camera.immich_picture_immich_picture_slideshow_album_assets,Immich Picture Slideshow – Album Assets,camera,immich_picture,0760d78395da62b99e2a35f3039fc87f,Immich Picture,Woonkamer,device,,,0,True,no labels at all,,
sensor.immich_picture_image_cache_path,Image Cache Path,sensor,immich_picture,0760d78395da62b99e2a35f3039fc87f,Immich Picture,Woonkamer,device,diagnostic,,0,True,no labels at all,,
switch.immich_picture_pre_release,Pre-release,switch,hacs,d690cf35a22a732a1393cf5df302a784,Immich Picture,Unknown,device,diagnostic,,0,True,no labels at all,integration,
update.kiosk_mode_update,Update,update,hacs,680da5c1352fa45e5afbf416f82289e6,Kiosk Mode,Unknown,device,config,,0,True,no labels at all,,
switch.kiosk_mode_pre_release,Pre-release,switch,hacs,680da5c1352fa45e5afbf416f82289e6,Kiosk Mode,Unknown,device,diagnostic,,0,True,no labels at all,integration,
update.espsomfy_rts_update,Update,update,hacs,1bc893fe933889c033afd7a6523fb86b,ESPSomfy RTS,Unknown,device,config,,0,True,no labels at all,,
switch.espsomfy_rts_pre_release,Pre-release,switch,hacs,1bc893fe933889c033afd7a6523fb86b,ESPSomfy RTS,Unknown,device,diagnostic,,0,True,no labels at all,integration,
button.espsomfyrts_reboot_esp_device,Reboot ESP Device,button,espsomfy_rts,bcab125f326606eca0e56fc407ab1c5f,Zonnescherm,Veranda,device,config,,0,True,no labels at all,,
button.espsomfyrts_backup_espsomfy_rts,Backup ESPSomfy RTS,button,espsomfy_rts,bcab125f326606eca0e56fc407ab1c5f,Zonnescherm,Veranda,device,config,,0,True,no labels at all,,
cover.espsomfyrts_zonnescherm,Zonnescherm,cover,espsomfy_rts,bcab125f326606eca0e56fc407ab1c5f,Zonnescherm,Veranda,device,,RF device,1,False,"missing category: brand, function",,
sensor.espsomfyrts_hostname,Hostname,sensor,espsomfy_rts,bcab125f326606eca0e56fc407ab1c5f,Zonnescherm,Veranda,device,diagnostic,,0,True,no labels at all,,
sensor.espsomfyrts_chip_type,Chip Type,sensor,espsomfy_rts,bcab125f326606eca0e56fc407ab1c5f,Zonnescherm,Veranda,device,diagnostic,,0,True,no labels at all,,
sensor.espsomfyrts_connection,Connection,sensor,espsomfy_rts,bcab125f326606eca0e56fc407ab1c5f,Zonnescherm,Veranda,device,diagnostic,,0,True,no labels at all,,
sensor.espsomfyrts_wifi_strength,Wifi Strength,sensor,espsomfy_rts,bcab125f326606eca0e56fc407ab1c5f,Zonnescherm,Veranda,device,diagnostic,,0,True,no labels at all,,
sensor.espsomfyrts_wifi_ssid,Wifi SSID,sensor,espsomfy_rts,bcab125f326606eca0e56fc407ab1c5f,Zonnescherm,Veranda,device,diagnostic,,0,True,no labels at all,,
sensor.espsomfyrts_wifi_channel,Wifi Channel,sensor,espsomfy_rts,bcab125f326606eca0e56fc407ab1c5f,Zonnescherm,Veranda,device,diagnostic,,0,True,no labels at all,,
sensor.espsomfyrts_free_memory,Free Memory,sensor,espsomfy_rts,bcab125f326606eca0e56fc407ab1c5f,Zonnescherm,Veranda,device,diagnostic,,0,True,no labels at all,,
sensor.espsomfyrts_max_memory,Max Memory,sensor,espsomfy_rts,bcab125f326606eca0e56fc407ab1c5f,Zonnescherm,Veranda,device,diagnostic,,0,True,no labels at all,,
sensor.espsomfyrts_min_memory,Min Memory,sensor,espsomfy_rts,bcab125f326606eca0e56fc407ab1c5f,Zonnescherm,Veranda,device,diagnostic,,0,True,no labels at all,,
sensor.espsomfyrts_ip_address,IP Address,sensor,espsomfy_rts,bcab125f326606eca0e56fc407ab1c5f,Zonnescherm,Veranda,device,diagnostic,,0,True,no labels at all,,
update.espsomfyrts_firmware_update,Firmware Update,update,espsomfy_rts,bcab125f326606eca0e56fc407ab1c5f,Zonnescherm,Veranda,device,config,,0,True,no labels at all,,
update.custom_sidebar_update,Update,update,hacs,3b4e392bd258f3028851ab8f6053e357,Custom Sidebar,Digital only,device,config,,0,True,no labels at all,,
binary_sensor.espsomfyrts_zonnescherm_zon,,binary_sensor,espsomfy_rts,bcab125f326606eca0e56fc407ab1c5f,Zonnescherm,Veranda,device,,,0,True,no labels at all,,
binary_sensor.espsomfyrts_zonnescherm_wind,,binary_sensor,espsomfy_rts,bcab125f326606eca0e56fc407ab1c5f,Zonnescherm,Veranda,device,,,0,True,no labels at all,,
switch.espsomfyrts_zonnescherm_zon_sensor,,switch,espsomfy_rts,bcab125f326606eca0e56fc407ab1c5f,Zonnescherm,Veranda,device,,,0,True,no labels at all,,
cover.zonnescherm,Zonnescherm,cover,template,,,,,,,0,True,no labels at all,,
switch.custom_sidebar_pre_release,Pre-release,switch,hacs,3b4e392bd258f3028851ab8f6053e357,Custom Sidebar,Digital only,device,diagnostic,,0,True,no labels at all,integration,
climate.ev3_climate_control,Climate Control,climate,kia_uvo,a6208ccc2c783ccb8c28649eb60df6b6,EV3,Digital only,device,,,0,True,no labels at all,,
todo.test,Test,todo,local_todo,,,,,,,0,True,no labels at all,,
todo.shopping,shopping,todo,local_todo,,,,,,,0,True,no labels at all,,
sensor.meterkast_energy_kwh_meter_fornuis_battery_group_power,Battery group power,sensor,homewizard,b385870eef61913686305f8ddc730ab9,Energy kWh meter Fornuis,Meterkast,device,,,0,True,no labels at all,integration,
sensor.meterkast_energy_kwh_meter_fornuis_battery_group_target_power,Battery group target power,sensor,homewizard,b385870eef61913686305f8ddc730ab9,Energy kWh meter Fornuis,Meterkast,device,,,0,True,no labels at all,integration,
sensor.meterkast_energy_kwh_meter_airco_battery_group_power,Battery group power,sensor,homewizard,9d1c1a41336a2c11b4fbc6fcb70d9dc8,Energy kWh meter Airco,Meterkast,device,,,0,True,no labels at all,integration,
sensor.meterkast_energy_kwh_meter_airco_battery_group_target_power,Battery group target power,sensor,homewizard,9d1c1a41336a2c11b4fbc6fcb70d9dc8,Energy kWh meter Airco,Meterkast,device,,,0,True,no labels at all,integration,
sensor.meterkast_energy_kwh_meter_kleinshed_battery_group_power,Battery group power,sensor,homewizard,d659183a0ba205bcf7534bcbbffc4d4f,Energy kWh meter KleinShed,Meterkast,device,,,0,True,no labels at all,integration,
sensor.meterkast_energy_kwh_meter_kleinshed_battery_group_target_power,Battery group target power,sensor,homewizard,d659183a0ba205bcf7534bcbbffc4d4f,Energy kWh meter KleinShed,Meterkast,device,,,0,True,no labels at all,integration,
sensor.meterkast_energy_kwh_meter_kleinfloor_battery_group_power,Battery group power,sensor,homewizard,055b4361a9023ba300937a988769e38f,Energy kWh meter KleinFloor,Meterkast,device,,,0,True,no labels at all,integration,
sensor.meterkast_energy_kwh_meter_kleinfloor_battery_group_target_power,Battery group target power,sensor,homewizard,055b4361a9023ba300937a988769e38f,Energy kWh meter KleinFloor,Meterkast,device,,,0,True,no labels at all,integration,
sensor.zolder_energy_kwh_meter_kleinboil_battery_group_power,Battery group power,sensor,homewizard,df50cbd084fb122fd8ff1ef0439bbaf1,Energy kWh meter KleinBoil,Zolder,device,,,0,True,no labels at all,integration,
sensor.zolder_energy_kwh_meter_kleinboil_battery_group_target_power,Battery group target power,sensor,homewizard,df50cbd084fb122fd8ff1ef0439bbaf1,Energy kWh meter KleinBoil,Zolder,device,,,0,True,no labels at all,integration,
sensor.meterkast_energy_kwh_meter_charger_battery_group_power,Battery group power,sensor,homewizard,20a3156486ce43614bec5f83d06a87f7,Energy kWh Meter Charger,Meterkast,device,,,0,True,no labels at all,integration,
sensor.meterkast_energy_kwh_meter_charger_battery_group_target_power,Battery group target power,sensor,homewizard,20a3156486ce43614bec5f83d06a87f7,Energy kWh Meter Charger,Meterkast,device,,,0,True,no labels at all,integration,
sensor.meterkast_p1_meter_battery_group_power,Battery group power,sensor,homewizard,3388eb1f4a3c311e039a5cf21b2acb84,P1 meter,Meterkast,device,,,0,True,no labels at all,integration,
sensor.meterkast_p1_meter_battery_group_target_power,Battery group target power,sensor,homewizard,3388eb1f4a3c311e039a5cf21b2acb84,P1 meter,Meterkast,device,,,0,True,no labels at all,integration,
sensor.keuken_vaatwasser_profile_eco_express_count,Profile ECO Express Count,sensor,ha_washdata,a6114b1064027ac6ecc2e1e52413f6c1,Vaatwasser,Keuken,device,diagnostic,,0,True,no labels at all,,
update.home_assistant_rflink_ui_update,Update,update,hacs,98ef5dc18faf04dce8e1c8d72bfde9ef,Home Assistant RFLink UI,Unknown,device,config,,0,True,no labels at all,,
switch.home_assistant_rflink_ui_pre_release,Pre-release,switch,hacs,98ef5dc18faf04dce8e1c8d72bfde9ef,Home Assistant RFLink UI,Unknown,device,diagnostic,,0,True,no labels at all,integration,
binary_sensor.digital_only_ev3_headlamp_status,Headlamp Status,binary_sensor,kia_uvo,a6208ccc2c783ccb8c28649eb60df6b6,EV3,Digital only,device,diagnostic,,0,True,no labels at all,,
binary_sensor.digital_only_ev3_front_left_lamp_fault,Front Left Lamp Fault,binary_sensor,kia_uvo,a6208ccc2c783ccb8c28649eb60df6b6,EV3,Digital only,device,diagnostic,,0,True,no labels at all,,
binary_sensor.digital_only_ev3_front_right_lamp_fault,Front Right Lamp Fault,binary_sensor,kia_uvo,a6208ccc2c783ccb8c28649eb60df6b6,EV3,Digital only,device,diagnostic,,0,True,no labels at all,,
binary_sensor.digital_only_ev3_rear_left_lamp_fault,Rear Left Lamp Fault,binary_sensor,kia_uvo,a6208ccc2c783ccb8c28649eb60df6b6,EV3,Digital only,device,diagnostic,,0,True,no labels at all,,
binary_sensor.digital_only_ev3_rear_right_lamp_fault,Rear Right Lamp Fault,binary_sensor,kia_uvo,a6208ccc2c783ccb8c28649eb60df6b6,EV3,Digital only,device,diagnostic,,0,True,no labels at all,,
binary_sensor.digital_only_ev3_turn_signal_left_front,Turn Signal Left Front,binary_sensor,kia_uvo,a6208ccc2c783ccb8c28649eb60df6b6,EV3,Digital only,device,diagnostic,,0,True,no labels at all,,
binary_sensor.digital_only_ev3_turn_signal_right_front,Turn Signal Right Front,binary_sensor,kia_uvo,a6208ccc2c783ccb8c28649eb60df6b6,EV3,Digital only,device,diagnostic,,0,True,no labels at all,,
binary_sensor.digital_only_ev3_turn_signal_left_rear,Turn Signal Left Rear,binary_sensor,kia_uvo,a6208ccc2c783ccb8c28649eb60df6b6,EV3,Digital only,device,diagnostic,,0,True,no labels at all,,
binary_sensor.digital_only_ev3_turn_signal_right_rear,Turn Signal Right Rear,binary_sensor,kia_uvo,a6208ccc2c783ccb8c28649eb60df6b6,EV3,Digital only,device,diagnostic,,0,True,no labels at all,,
binary_sensor.digital_only_ev3_ev_battery_winter_mode,EV Battery Winter Mode,binary_sensor,kia_uvo,a6208ccc2c783ccb8c28649eb60df6b6,EV3,Digital only,device,,,0,True,no labels at all,,
binary_sensor.digital_only_ev3_ev_battery_heating,EV battery heating,binary_sensor,kia_uvo,a6208ccc2c783ccb8c28649eb60df6b6,EV3,Digital only,device,diagnostic,,0,True,no labels at all,,
sensor.digital_only_ev3,,sensor,kia_uvo,a6208ccc2c783ccb8c28649eb60df6b6,EV3,Digital only,device,diagnostic,,0,True,no labels at all,,
sensor.digital_only_ev3_ev_battery_pack_voltage,EV Battery Pack Voltage,sensor,kia_uvo,a6208ccc2c783ccb8c28649eb60df6b6,EV3,Digital only,device,diagnostic,,0,True,no labels at all,,
sensor.digital_only_ev3_ev_battery_temperature_min,EV Battery Temperature Min,sensor,kia_uvo,a6208ccc2c783ccb8c28649eb60df6b6,EV3,Digital only,device,diagnostic,,0,True,no labels at all,,
sensor.digital_only_ev3_ev_battery_temperature_max,EV Battery Temperature Max,sensor,kia_uvo,a6208ccc2c783ccb8c28649eb60df6b6,EV3,Digital only,device,diagnostic,,0,True,no labels at all,,
sensor.digital_only_ev3_ev_battery_water_temperature,EV Battery Water Temperature,sensor,kia_uvo,a6208ccc2c783ccb8c28649eb60df6b6,EV3,Digital only,device,diagnostic,,0,True,no labels at all,,
sensor.digital_only_ev3_ev_power_consumption_battery_heater,EV Power Consumption Battery Heater,sensor,kia_uvo,a6208ccc2c783ccb8c28649eb60df6b6,EV3,Digital only,device,diagnostic,,0,True,no labels at all,,
input_number.ev_charging_max_charge_manual_green,EV charging: max % charge manual -> green,input_number,input_number,,,,,,"Digital only, EV, Enphase, Helper, Solar",5,False,missing category: protocol; uncategorized label(s): EV,,
input_boolean.ev_charging_charge_full_manual,EV charging: charge full manual,input_boolean,input_boolean,,,,,,"Digital only, EV, Enphase, Helper, Solar",5,False,missing category: protocol; uncategorized label(s): EV,,
input_boolean.ev_charging_max_charge_manual_to_green,EV charging: max % charge manual -> green,input_boolean,input_boolean,,,,,,"Digital only, EV, Enphase, Helper, Solar",5,False,missing category: protocol; uncategorized label(s): EV,,
zone.utrecht_cs,Utrecht CS,zone,zone,,,,,,,0,True,no labels at all,,
input_boolean.ev_charging_disable,EV charging: disable,input_boolean,input_boolean,,,Digital only,entity,,"Digital only, EV, Enphase, Helper, Solar",5,False,missing category: protocol; uncategorized label(s): EV,,
script.tv_power_tv,TV power and TV,script,script,,,,,,,0,True,no labels at all,,
input_select.ev_charging_modes_selector_buttons,EV charging: modes selector (buttons),input_select,input_select,,,,,,"Digital only, EV, Enphase, Helper, Solar",5,False,missing category: protocol; uncategorized label(s): EV,,
input_boolean.ev_charging_green,EV charging: green,input_boolean,input_boolean,,,,,,"Digital only, EV, Enphase, Helper, Solar",5,False,missing category: protocol; uncategorized label(s): EV,,
automation.ev_charging_mode_selector,EV charging: mode selector,automation,automation,,,,,,"Digital only, EV, Enphase",3,False,missing category: protocol; uncategorized label(s): EV,,
sensor.bilresa_scroll_wheel_battery_3,Battery,sensor,matter,1e1976649e7c1df4a78153cc491e88c6,Scroll wheel nachtkastje,Slaapkamer R/R,device,diagnostic,,0,True,no labels at all,,
sensor.bilresa_scroll_wheel_battery_voltage_3,Battery voltage,sensor,matter,1e1976649e7c1df4a78153cc491e88c6,Scroll wheel nachtkastje,Slaapkamer R/R,device,diagnostic,,0,True,no labels at all,,
sensor.bilresa_scroll_wheel_battery_type_3,Battery type,sensor,matter,1e1976649e7c1df4a78153cc491e88c6,Scroll wheel nachtkastje,Slaapkamer R/R,device,diagnostic,,0,True,no labels at all,,
update.bilresa_scroll_wheel_firmware_3,Firmware,update,matter,1e1976649e7c1df4a78153cc491e88c6,Scroll wheel nachtkastje,Slaapkamer R/R,device,config,,0,True,no labels at all,,
event.bilresa_scroll_wheel_button_1_3,Button (1),event,matter,1e1976649e7c1df4a78153cc491e88c6,Scroll wheel nachtkastje,Slaapkamer R/R,device,,,0,True,no labels at all,,
sensor.bilresa_scroll_wheel_current_switch_position_1_3,Current switch position (1),sensor,matter,1e1976649e7c1df4a78153cc491e88c6,Scroll wheel nachtkastje,Slaapkamer R/R,device,diagnostic,,0,True,no labels at all,integration,
event.bilresa_scroll_wheel_button_2_3,Button (2),event,matter,1e1976649e7c1df4a78153cc491e88c6,Scroll wheel nachtkastje,Slaapkamer R/R,device,,,0,True,no labels at all,,
sensor.bilresa_scroll_wheel_current_switch_position_2_3,Current switch position (2),sensor,matter,1e1976649e7c1df4a78153cc491e88c6,Scroll wheel nachtkastje,Slaapkamer R/R,device,diagnostic,,0,True,no labels at all,integration,
event.bilresa_scroll_wheel_button_3_3,Button (3),event,matter,1e1976649e7c1df4a78153cc491e88c6,Scroll wheel nachtkastje,Slaapkamer R/R,device,,,0,True,no labels at all,,
sensor.bilresa_scroll_wheel_current_switch_position_3_3,Current switch position (3),sensor,matter,1e1976649e7c1df4a78153cc491e88c6,Scroll wheel nachtkastje,Slaapkamer R/R,device,diagnostic,,0,True,no labels at all,integration,
event.bilresa_scroll_wheel_button_4_3,Button (4),event,matter,1e1976649e7c1df4a78153cc491e88c6,Scroll wheel nachtkastje,Slaapkamer R/R,device,,,0,True,no labels at all,,
sensor.bilresa_scroll_wheel_current_switch_position_4_3,Current switch position (4),sensor,matter,1e1976649e7c1df4a78153cc491e88c6,Scroll wheel nachtkastje,Slaapkamer R/R,device,diagnostic,,0,True,no labels at all,integration,
event.bilresa_scroll_wheel_button_5_3,Button (5),event,matter,1e1976649e7c1df4a78153cc491e88c6,Scroll wheel nachtkastje,Slaapkamer R/R,device,,,0,True,no labels at all,,
sensor.bilresa_scroll_wheel_current_switch_position_5_3,Current switch position (5),sensor,matter,1e1976649e7c1df4a78153cc491e88c6,Scroll wheel nachtkastje,Slaapkamer R/R,device,diagnostic,,0,True,no labels at all,integration,
event.bilresa_scroll_wheel_button_6_3,Button (6),event,matter,1e1976649e7c1df4a78153cc491e88c6,Scroll wheel nachtkastje,Slaapkamer R/R,device,,,0,True,no labels at all,,
sensor.bilresa_scroll_wheel_current_switch_position_6_3,Current switch position (6),sensor,matter,1e1976649e7c1df4a78153cc491e88c6,Scroll wheel nachtkastje,Slaapkamer R/R,device,diagnostic,,0,True,no labels at all,integration,
event.bilresa_scroll_wheel_button_7_3,Button (7),event,matter,1e1976649e7c1df4a78153cc491e88c6,Scroll wheel nachtkastje,Slaapkamer R/R,device,,,0,True,no labels at all,,
sensor.bilresa_scroll_wheel_current_switch_position_7_3,Current switch position (7),sensor,matter,1e1976649e7c1df4a78153cc491e88c6,Scroll wheel nachtkastje,Slaapkamer R/R,device,diagnostic,,0,True,no labels at all,integration,
event.bilresa_scroll_wheel_button_8_3,Button (8),event,matter,1e1976649e7c1df4a78153cc491e88c6,Scroll wheel nachtkastje,Slaapkamer R/R,device,,,0,True,no labels at all,,
sensor.bilresa_scroll_wheel_current_switch_position_8_3,Current switch position (8),sensor,matter,1e1976649e7c1df4a78153cc491e88c6,Scroll wheel nachtkastje,Slaapkamer R/R,device,diagnostic,,0,True,no labels at all,integration,
event.bilresa_scroll_wheel_button_9_3,Button (9),event,matter,1e1976649e7c1df4a78153cc491e88c6,Scroll wheel nachtkastje,Slaapkamer R/R,device,,,0,True,no labels at all,,
sensor.bilresa_scroll_wheel_current_switch_position_9_3,Current switch position (9),sensor,matter,1e1976649e7c1df4a78153cc491e88c6,Scroll wheel nachtkastje,Slaapkamer R/R,device,diagnostic,,0,True,no labels at all,integration,
openplantbook.search_result,,openplantbook,openplantbook,,,,,,,0,True,no labels at all,,
binary_sensor.digital_only_ev3_headlamp_left_high_fault,Headlamp Left High Fault,binary_sensor,kia_uvo,a6208ccc2c783ccb8c28649eb60df6b6,EV3,Digital only,device,diagnostic,,0,True,no labels at all,,
binary_sensor.digital_only_ev3_headlamp_right_high_fault,Headlamp Right High Fault,binary_sensor,kia_uvo,a6208ccc2c783ccb8c28649eb60df6b6,EV3,Digital only,device,diagnostic,,0,True,no labels at all,,
binary_sensor.digital_only_ev3_ev_battery_precondition,EV battery precondition,binary_sensor,kia_uvo,a6208ccc2c783ccb8c28649eb60df6b6,EV3,Digital only,device,diagnostic,,0,True,no labels at all,,
button.digital_only_ev3_start_hazard_lights,Start Hazard Lights,button,kia_uvo,a6208ccc2c783ccb8c28649eb60df6b6,EV3,Digital only,device,,,0,True,no labels at all,,
button.digital_only_ev3_start_hazard_lights_and_horn,Start Hazard Lights and Horn,button,kia_uvo,a6208ccc2c783ccb8c28649eb60df6b6,EV3,Digital only,device,,,0,True,no labels at all,,
button.digital_only_ev3_open_all_windows,Open All Windows,button,kia_uvo,a6208ccc2c783ccb8c28649eb60df6b6,EV3,Digital only,device,,,0,True,no labels at all,,
button.digital_only_ev3_close_all_windows,Close All Windows,button,kia_uvo,a6208ccc2c783ccb8c28649eb60df6b6,EV3,Digital only,device,,,0,True,no labels at all,,
button.digital_only_ev3_vent_all_windows,Vent All Windows,button,kia_uvo,a6208ccc2c783ccb8c28649eb60df6b6,EV3,Digital only,device,,,0,True,no labels at all,,
sensor.digital_only_ev3_last_scanned_at,Last Scanned At,sensor,kia_uvo,a6208ccc2c783ccb8c28649eb60df6b6,EV3,Digital only,device,diagnostic,,0,True,no labels at all,,
sensor.todos,To-do lists,sensor,spook,4e919f059b0251bfefa4b97c90f76ec4,Home Assistant,Digital only,device,diagnostic,,0,True,no labels at all,,
update.zolder_indoorunit_firmware_update,Firmware update,update,daikin_onecta,f48878a18012e396fe443f6b8754dc2c,Zolder IndoorUnit,,,diagnostic,,0,True,no labels at all,,
update.huiskamer_indoorunit_firmware_update,Firmware update,update,daikin_onecta,8d8a3157394454d385a36b4720294225,Huiskamer IndoorUnit,,,diagnostic,,0,True,no labels at all,,
update.bubble_card_update,Update,update,hacs,a02dd435c181b8dcf0565745239ab58d,Bubble Card,Unknown,device,config,,0,True,no labels at all,,
switch.bubble_card_pre_release,Pre-release,switch,hacs,a02dd435c181b8dcf0565745239ab58d,Bubble Card,Unknown,device,diagnostic,,0,True,no labels at all,integration,
ai_task.openai_ai_task,,ai_task,openai_conversation,8ef876d1c50a2814daca23105642ba9b,OpenAI AI Task,Unknown,device,,,0,True,no labels at all,,
conversation.openai_conversation,,conversation,openai_conversation,a8ab3ebdea45f820d0e3b9728ea7e3b0,OpenAI Conversation,Unknown,device,,,0,True,no labels at all,,
stt.openai_stt,,stt,openai_conversation,b74821c6b111c4e45c411f704303223b,OpenAI STT,Unknown,device,,,0,True,no labels at all,,
tts.openai_tts,,tts,openai_conversation,6cd2966fd17ab8fcb1e4eb45b18cc0ab,OpenAI TTS,Unknown,device,,,0,True,no labels at all,,
ai_task.openai_ai_task_2,,ai_task,openai_conversation,13b43ff2edbdd06034356fa93d7751b7,OpenAI AI Task,Unknown,device,,,0,True,no labels at all,,
ai_task.google_ai_task,,ai_task,google_generative_ai_conversation,b679eafef112288e2a9e2b340dfbdf54,Google AI Task,Unknown,device,,,0,True,no labels at all,,
conversation.google_ai_conversation,,conversation,google_generative_ai_conversation,700ce7a14b3f00d0d27aa837f5d8f93b,Google AI Conversation,Unknown,device,,,0,True,no labels at all,,
stt.google_ai_stt,,stt,google_generative_ai_conversation,0e6ee20e77806ac9afd3c47a41f61de7,Google AI STT,Unknown,device,,,0,True,no labels at all,,
tts.google_ai_tts,,tts,google_generative_ai_conversation,54d70a1a452511d61f899a98515b4e14,Google AI TTS,Unknown,device,,,0,True,no labels at all,,
tts.piper,piper,tts,wyoming,,,,,,,0,True,no labels at all,,
binary_sensor.piper_running,Running,binary_sensor,hassio,3de9a6b9bfd404a98be2793ad6f1b20a,Piper,Digital only,device,,,0,True,no labels at all,integration,
binary_sensor.speech_to_phrase_running,Running,binary_sensor,hassio,6082603402fb2bcc35d294f2a5802bd8,Speech-to-Phrase,Unknown,device,,,0,True,no labels at all,integration,
sensor.piper_version,Version,sensor,hassio,3de9a6b9bfd404a98be2793ad6f1b20a,Piper,Digital only,device,,,0,True,no labels at all,integration,
sensor.piper_newest_version,Newest version,sensor,hassio,3de9a6b9bfd404a98be2793ad6f1b20a,Piper,Digital only,device,,,0,True,no labels at all,integration,
sensor.speech_to_phrase_version,Version,sensor,hassio,6082603402fb2bcc35d294f2a5802bd8,Speech-to-Phrase,Unknown,device,,,0,True,no labels at all,integration,
sensor.speech_to_phrase_newest_version,Newest version,sensor,hassio,6082603402fb2bcc35d294f2a5802bd8,Speech-to-Phrase,Unknown,device,,,0,True,no labels at all,integration,
sensor.piper_cpu_percent,CPU percent,sensor,hassio,3de9a6b9bfd404a98be2793ad6f1b20a,Piper,Digital only,device,,,0,True,no labels at all,integration,
sensor.piper_memory_percent,Memory percent,sensor,hassio,3de9a6b9bfd404a98be2793ad6f1b20a,Piper,Digital only,device,,,0,True,no labels at all,integration,
sensor.speech_to_phrase_cpu_percent,CPU percent,sensor,hassio,6082603402fb2bcc35d294f2a5802bd8,Speech-to-Phrase,Unknown,device,,,0,True,no labels at all,integration,
sensor.speech_to_phrase_memory_percent,Memory percent,sensor,hassio,6082603402fb2bcc35d294f2a5802bd8,Speech-to-Phrase,Unknown,device,,,0,True,no labels at all,integration,
switch.piper,,switch,hassio,3de9a6b9bfd404a98be2793ad6f1b20a,Piper,Digital only,device,,,0,True,no labels at all,integration,
switch.speech_to_phrase,,switch,hassio,6082603402fb2bcc35d294f2a5802bd8,Speech-to-Phrase,Unknown,device,,,0,True,no labels at all,integration,
update.piper_update,Update,update,hassio,3de9a6b9bfd404a98be2793ad6f1b20a,Piper,Digital only,device,config,,0,True,no labels at all,,
update.speech_to_phrase_update,Update,update,hassio,6082603402fb2bcc35d294f2a5802bd8,Speech-to-Phrase,Unknown,device,config,,0,True,no labels at all,,
stt.speech_to_phrase,speech-to-phrase,stt,wyoming,,,,,,,0,True,no labels at all,,
update.floor_surface_thermostat,,update,mqtt,b9db7b75138fb7d7b5ed27b04fa3caaa,Floor surface thermostat,Woonkamer,device,config,,0,True,no labels at all,,
update.bedroom_ir_panel_thermostat,,update,mqtt,4fe5da3d0b6a0ec9145a971d3f1c6e6d,Bedroom IR panel thermostat,Slaapkamer R/R,device,config,,0,True,no labels at all,,
assist_satellite.woonkamer_home_assistant_voice_woonkamer_assist_satellite,Assist satellite,assist_satellite,esphome,1eb2066a8d612e0a1fea11e9737afde2,Home Assistant Voice Woonkamer,Woonkamer,device,,,0,True,no labels at all,,
select.woonkamer_home_assistant_voice_woonkamer_assistant,Assistant,select,esphome,1eb2066a8d612e0a1fea11e9737afde2,Home Assistant Voice Woonkamer,Woonkamer,device,config,,0,True,no labels at all,,
select.woonkamer_home_assistant_voice_woonkamer_assistant_2,Assistant 2,select,esphome,1eb2066a8d612e0a1fea11e9737afde2,Home Assistant Voice Woonkamer,Woonkamer,device,config,,0,True,no labels at all,,
switch.woonkamer_home_assistant_voice_woonkamer_beta_firmware,Beta firmware,switch,esphome,1eb2066a8d612e0a1fea11e9737afde2,Home Assistant Voice Woonkamer,Woonkamer,device,config,,0,True,no labels at all,integration,
event.woonkamer_home_assistant_voice_woonkamer_button_press,Button press,event,esphome,1eb2066a8d612e0a1fea11e9737afde2,Home Assistant Voice Woonkamer,Woonkamer,device,,,0,True,no labels at all,,
select.woonkamer_home_assistant_voice_woonkamer_finished_speaking_detection,Finished speaking detection,select,esphome,1eb2066a8d612e0a1fea11e9737afde2,Home Assistant Voice Woonkamer,Woonkamer,device,config,,0,True,no labels at all,,
update.woonkamer_home_assistant_voice_woonkamer,,update,esphome,1eb2066a8d612e0a1fea11e9737afde2,Home Assistant Voice Woonkamer,Woonkamer,device,config,,0,True,no labels at all,,
light.woonkamer_home_assistant_voice_woonkamer_led_ring,LED Ring,light,esphome,1eb2066a8d612e0a1fea11e9737afde2,Home Assistant Voice Woonkamer,Woonkamer,device,config,,0,True,no labels at all,,
media_player.woonkamer_home_assistant_voice_woonkamer_media_player,Media Player,media_player,esphome,1eb2066a8d612e0a1fea11e9737afde2,Home Assistant Voice Woonkamer,Woonkamer,device,,,0,True,no labels at all,,
switch.woonkamer_home_assistant_voice_woonkamer_mute,Mute,switch,esphome,1eb2066a8d612e0a1fea11e9737afde2,Home Assistant Voice Woonkamer,Woonkamer,device,config,,0,True,no labels at all,,
button.woonkamer_home_assistant_voice_woonkamer_restart,Restart,button,esphome,1eb2066a8d612e0a1fea11e9737afde2,Home Assistant Voice Woonkamer,Woonkamer,device,config,,0,True,no labels at all,integration,
switch.woonkamer_home_assistant_voice_woonkamer_wake_sound,Wake sound,switch,esphome,1eb2066a8d612e0a1fea11e9737afde2,Home Assistant Voice Woonkamer,Woonkamer,device,config,,0,True,no labels at all,,
select.woonkamer_home_assistant_voice_woonkamer_wake_word,Wake word,select,esphome,1eb2066a8d612e0a1fea11e9737afde2,Home Assistant Voice Woonkamer,Woonkamer,device,config,,0,True,no labels at all,,
select.woonkamer_home_assistant_voice_woonkamer_wake_word_2,Wake word 2,select,esphome,1eb2066a8d612e0a1fea11e9737afde2,Home Assistant Voice Woonkamer,Woonkamer,device,config,,0,True,no labels at all,,
select.woonkamer_home_assistant_voice_woonkamer_wake_word_sensitivity,Wake word sensitivity,select,esphome,1eb2066a8d612e0a1fea11e9737afde2,Home Assistant Voice Woonkamer,Woonkamer,device,config,,0,True,no labels at all,,
sensor.ev3_set_temperature,Set Temperature,sensor,kia_uvo,a6208ccc2c783ccb8c28649eb60df6b6,EV3,Digital only,device,,"Sensor, WiFi, haghs_ignore",3,False,missing category: brand,,
binary_sensor.badkamer_badkamerlicht_hardware_faults,Hardware faults,binary_sensor,matter,470fc37ac146f9ab82cf89cd3e30918b,Badkamerlicht,Badkamer,device,diagnostic,,0,True,no labels at all,integration,
binary_sensor.badkamer_badkamerlicht_radio_faults,Radio faults,binary_sensor,matter,470fc37ac146f9ab82cf89cd3e30918b,Badkamerlicht,Badkamer,device,diagnostic,,0,True,no labels at all,integration,
binary_sensor.badkamer_badkamerlicht_network_faults,Network faults,binary_sensor,matter,470fc37ac146f9ab82cf89cd3e30918b,Badkamerlicht,Badkamer,device,diagnostic,,0,True,no labels at all,integration,
sensor.badkamer_badkamerlicht_thread_channel,Thread channel,sensor,matter,470fc37ac146f9ab82cf89cd3e30918b,Badkamerlicht,Badkamer,device,diagnostic,,0,True,no labels at all,integration,
sensor.badkamer_badkamerlicht_thread_routing_role,Thread routing role,sensor,matter,470fc37ac146f9ab82cf89cd3e30918b,Badkamerlicht,Badkamer,device,diagnostic,,0,True,no labels at all,integration,
sensor.badkamer_badkamerlicht_thread_network_name,Thread network name,sensor,matter,470fc37ac146f9ab82cf89cd3e30918b,Badkamerlicht,Badkamer,device,diagnostic,,0,True,no labels at all,integration,
sensor.badkamer_badkamerlicht_reboot_count,Reboot count,sensor,matter,470fc37ac146f9ab82cf89cd3e30918b,Badkamerlicht,Badkamer,device,diagnostic,,0,True,no labels at all,integration,
sensor.badkamer_badkamerlicht_uptime,Uptime,sensor,matter,470fc37ac146f9ab82cf89cd3e30918b,Badkamerlicht,Badkamer,device,diagnostic,,0,True,no labels at all,integration,
sensor.badkamer_badkamerlicht_boot_reason,Boot reason,sensor,matter,470fc37ac146f9ab82cf89cd3e30918b,Badkamerlicht,Badkamer,device,diagnostic,,0,True,no labels at all,integration,
binary_sensor.woonkamer_schemerlamp_hardware_faults,Hardware faults,binary_sensor,matter,302375777dfc42619a19124d4cda57b7,Schemerlamp,Woonkamer,device,diagnostic,,0,True,no labels at all,integration,
binary_sensor.woonkamer_schemerlamp_radio_faults,Radio faults,binary_sensor,matter,302375777dfc42619a19124d4cda57b7,Schemerlamp,Woonkamer,device,diagnostic,,0,True,no labels at all,integration,
binary_sensor.woonkamer_schemerlamp_network_faults,Network faults,binary_sensor,matter,302375777dfc42619a19124d4cda57b7,Schemerlamp,Woonkamer,device,diagnostic,,0,True,no labels at all,integration,
sensor.woonkamer_schemerlamp_thread_channel,Thread channel,sensor,matter,302375777dfc42619a19124d4cda57b7,Schemerlamp,Woonkamer,device,diagnostic,,0,True,no labels at all,integration,
sensor.woonkamer_schemerlamp_thread_routing_role,Thread routing role,sensor,matter,302375777dfc42619a19124d4cda57b7,Schemerlamp,Woonkamer,device,diagnostic,,0,True,no labels at all,integration,
sensor.woonkamer_schemerlamp_thread_network_name,Thread network name,sensor,matter,302375777dfc42619a19124d4cda57b7,Schemerlamp,Woonkamer,device,diagnostic,,0,True,no labels at all,integration,
sensor.woonkamer_schemerlamp_reboot_count,Reboot count,sensor,matter,302375777dfc42619a19124d4cda57b7,Schemerlamp,Woonkamer,device,diagnostic,,0,True,no labels at all,integration,
sensor.woonkamer_schemerlamp_uptime,Uptime,sensor,matter,302375777dfc42619a19124d4cda57b7,Schemerlamp,Woonkamer,device,diagnostic,,0,True,no labels at all,integration,
sensor.woonkamer_schemerlamp_boot_reason,Boot reason,sensor,matter,302375777dfc42619a19124d4cda57b7,Schemerlamp,Woonkamer,device,diagnostic,,0,True,no labels at all,integration,
binary_sensor.woonkamer_wijnrek_lamp_hardware_faults,Hardware faults,binary_sensor,matter,a9fcfd899c59485dc2b43efc0aa1c3a7,Wijnrek lamp,Woonkamer,device,diagnostic,,0,True,no labels at all,integration,
binary_sensor.woonkamer_wijnrek_lamp_radio_faults,Radio faults,binary_sensor,matter,a9fcfd899c59485dc2b43efc0aa1c3a7,Wijnrek lamp,Woonkamer,device,diagnostic,,0,True,no labels at all,integration,
binary_sensor.woonkamer_wijnrek_lamp_network_faults,Network faults,binary_sensor,matter,a9fcfd899c59485dc2b43efc0aa1c3a7,Wijnrek lamp,Woonkamer,device,diagnostic,,0,True,no labels at all,integration,
sensor.woonkamer_wijnrek_lamp_thread_channel,Thread channel,sensor,matter,a9fcfd899c59485dc2b43efc0aa1c3a7,Wijnrek lamp,Woonkamer,device,diagnostic,,0,True,no labels at all,integration,
sensor.woonkamer_wijnrek_lamp_thread_routing_role,Thread routing role,sensor,matter,a9fcfd899c59485dc2b43efc0aa1c3a7,Wijnrek lamp,Woonkamer,device,diagnostic,,0,True,no labels at all,integration,
sensor.woonkamer_wijnrek_lamp_thread_network_name,Thread network name,sensor,matter,a9fcfd899c59485dc2b43efc0aa1c3a7,Wijnrek lamp,Woonkamer,device,diagnostic,,0,True,no labels at all,integration,
sensor.woonkamer_wijnrek_lamp_reboot_count,Reboot count,sensor,matter,a9fcfd899c59485dc2b43efc0aa1c3a7,Wijnrek lamp,Woonkamer,device,diagnostic,,0,True,no labels at all,integration,
sensor.woonkamer_wijnrek_lamp_uptime,Uptime,sensor,matter,a9fcfd899c59485dc2b43efc0aa1c3a7,Wijnrek lamp,Woonkamer,device,diagnostic,,0,True,no labels at all,integration,
sensor.woonkamer_wijnrek_lamp_boot_reason,Boot reason,sensor,matter,a9fcfd899c59485dc2b43efc0aa1c3a7,Wijnrek lamp,Woonkamer,device,diagnostic,,0,True,no labels at all,integration,
binary_sensor.hal_boven_hal_boven_plafondlamp_1_hardware_faults,Hardware faults,binary_sensor,matter,61e2ea981e6afbd050d73be31cfc3bd1,Hal boven - plafondlamp 1,Hal boven,device,diagnostic,,0,True,no labels at all,integration,
binary_sensor.hal_boven_hal_boven_plafondlamp_1_radio_faults,Radio faults,binary_sensor,matter,61e2ea981e6afbd050d73be31cfc3bd1,Hal boven - plafondlamp 1,Hal boven,device,diagnostic,,0,True,no labels at all,integration,
binary_sensor.hal_boven_hal_boven_plafondlamp_1_network_faults,Network faults,binary_sensor,matter,61e2ea981e6afbd050d73be31cfc3bd1,Hal boven - plafondlamp 1,Hal boven,device,diagnostic,,0,True,no labels at all,integration,
sensor.hal_boven_hal_boven_plafondlamp_1_thread_channel,Thread channel,sensor,matter,61e2ea981e6afbd050d73be31cfc3bd1,Hal boven - plafondlamp 1,Hal boven,device,diagnostic,,0,True,no labels at all,integration,
sensor.hal_boven_hal_boven_plafondlamp_1_thread_routing_role,Thread routing role,sensor,matter,61e2ea981e6afbd050d73be31cfc3bd1,Hal boven - plafondlamp 1,Hal boven,device,diagnostic,,0,True,no labels at all,integration,
sensor.hal_boven_hal_boven_plafondlamp_1_thread_network_name,Thread network name,sensor,matter,61e2ea981e6afbd050d73be31cfc3bd1,Hal boven - plafondlamp 1,Hal boven,device,diagnostic,,0,True,no labels at all,integration,
sensor.hal_boven_hal_boven_plafondlamp_1_reboot_count,Reboot count,sensor,matter,61e2ea981e6afbd050d73be31cfc3bd1,Hal boven - plafondlamp 1,Hal boven,device,diagnostic,,0,True,no labels at all,integration,
sensor.hal_boven_hal_boven_plafondlamp_1_uptime,Uptime,sensor,matter,61e2ea981e6afbd050d73be31cfc3bd1,Hal boven - plafondlamp 1,Hal boven,device,diagnostic,,0,True,no labels at all,integration,
sensor.hal_boven_hal_boven_plafondlamp_1_boot_reason,Boot reason,sensor,matter,61e2ea981e6afbd050d73be31cfc3bd1,Hal boven - plafondlamp 1,Hal boven,device,diagnostic,,0,True,no labels at all,integration,
binary_sensor.hal_boven_hal_boven_plafondlamp_2_hardware_faults,Hardware faults,binary_sensor,matter,acb9ecb40a9127df19dc923deea3e47f,Hal boven - plafondlamp 2,Hal boven,device,diagnostic,,0,True,no labels at all,integration,
binary_sensor.hal_boven_hal_boven_plafondlamp_2_radio_faults,Radio faults,binary_sensor,matter,acb9ecb40a9127df19dc923deea3e47f,Hal boven - plafondlamp 2,Hal boven,device,diagnostic,,0,True,no labels at all,integration,
binary_sensor.hal_boven_hal_boven_plafondlamp_2_network_faults,Network faults,binary_sensor,matter,acb9ecb40a9127df19dc923deea3e47f,Hal boven - plafondlamp 2,Hal boven,device,diagnostic,,0,True,no labels at all,integration,
sensor.hal_boven_hal_boven_plafondlamp_2_thread_channel,Thread channel,sensor,matter,acb9ecb40a9127df19dc923deea3e47f,Hal boven - plafondlamp 2,Hal boven,device,diagnostic,,0,True,no labels at all,integration,
sensor.hal_boven_hal_boven_plafondlamp_2_thread_routing_role,Thread routing role,sensor,matter,acb9ecb40a9127df19dc923deea3e47f,Hal boven - plafondlamp 2,Hal boven,device,diagnostic,,0,True,no labels at all,integration,
sensor.hal_boven_hal_boven_plafondlamp_2_thread_network_name,Thread network name,sensor,matter,acb9ecb40a9127df19dc923deea3e47f,Hal boven - plafondlamp 2,Hal boven,device,diagnostic,,0,True,no labels at all,integration,
sensor.hal_boven_hal_boven_plafondlamp_2_reboot_count,Reboot count,sensor,matter,acb9ecb40a9127df19dc923deea3e47f,Hal boven - plafondlamp 2,Hal boven,device,diagnostic,,0,True,no labels at all,integration,
sensor.hal_boven_hal_boven_plafondlamp_2_uptime,Uptime,sensor,matter,acb9ecb40a9127df19dc923deea3e47f,Hal boven - plafondlamp 2,Hal boven,device,diagnostic,,0,True,no labels at all,integration,
sensor.hal_boven_hal_boven_plafondlamp_2_boot_reason,Boot reason,sensor,matter,acb9ecb40a9127df19dc923deea3e47f,Hal boven - plafondlamp 2,Hal boven,device,diagnostic,,0,True,no labels at all,integration,
binary_sensor.hal_boven_hal_boven_plafondlamp_3_hardware_faults,Hardware faults,binary_sensor,matter,97e5a7b923135aac9a34277d3ffbb2cc,Hal boven - plafondlamp 3,Hal boven,device,diagnostic,,0,True,no labels at all,integration,
binary_sensor.hal_boven_hal_boven_plafondlamp_3_radio_faults,Radio faults,binary_sensor,matter,97e5a7b923135aac9a34277d3ffbb2cc,Hal boven - plafondlamp 3,Hal boven,device,diagnostic,,0,True,no labels at all,integration,
binary_sensor.hal_boven_hal_boven_plafondlamp_3_network_faults,Network faults,binary_sensor,matter,97e5a7b923135aac9a34277d3ffbb2cc,Hal boven - plafondlamp 3,Hal boven,device,diagnostic,,0,True,no labels at all,integration,
sensor.hal_boven_hal_boven_plafondlamp_3_thread_channel,Thread channel,sensor,matter,97e5a7b923135aac9a34277d3ffbb2cc,Hal boven - plafondlamp 3,Hal boven,device,diagnostic,,0,True,no labels at all,integration,
sensor.hal_boven_hal_boven_plafondlamp_3_thread_routing_role,Thread routing role,sensor,matter,97e5a7b923135aac9a34277d3ffbb2cc,Hal boven - plafondlamp 3,Hal boven,device,diagnostic,,0,True,no labels at all,integration,
sensor.hal_boven_hal_boven_plafondlamp_3_thread_network_name,Thread network name,sensor,matter,97e5a7b923135aac9a34277d3ffbb2cc,Hal boven - plafondlamp 3,Hal boven,device,diagnostic,,0,True,no labels at all,integration,
sensor.hal_boven_hal_boven_plafondlamp_3_reboot_count,Reboot count,sensor,matter,97e5a7b923135aac9a34277d3ffbb2cc,Hal boven - plafondlamp 3,Hal boven,device,diagnostic,,0,True,no labels at all,integration,
sensor.hal_boven_hal_boven_plafondlamp_3_uptime,Uptime,sensor,matter,97e5a7b923135aac9a34277d3ffbb2cc,Hal boven - plafondlamp 3,Hal boven,device,diagnostic,,0,True,no labels at all,integration,
sensor.hal_boven_hal_boven_plafondlamp_3_boot_reason,Boot reason,sensor,matter,97e5a7b923135aac9a34277d3ffbb2cc,Hal boven - plafondlamp 3,Hal boven,device,diagnostic,,0,True,no labels at all,integration,
binary_sensor.toilet_beneden_toilet_beneden_plafondlamp_1_hardware_faults,Hardware faults,binary_sensor,matter,bcb51227a88e5fcb5fc68c6ac3face21,Toilet beneden - plafondlamp 1,Toilet beneden,device,diagnostic,,0,True,no labels at all,integration,
binary_sensor.toilet_beneden_toilet_beneden_plafondlamp_1_radio_faults,Radio faults,binary_sensor,matter,bcb51227a88e5fcb5fc68c6ac3face21,Toilet beneden - plafondlamp 1,Toilet beneden,device,diagnostic,,0,True,no labels at all,integration,
binary_sensor.toilet_beneden_toilet_beneden_plafondlamp_1_network_faults,Network faults,binary_sensor,matter,bcb51227a88e5fcb5fc68c6ac3face21,Toilet beneden - plafondlamp 1,Toilet beneden,device,diagnostic,,0,True,no labels at all,integration,
sensor.toilet_beneden_toilet_beneden_plafondlamp_1_thread_channel,Thread channel,sensor,matter,bcb51227a88e5fcb5fc68c6ac3face21,Toilet beneden - plafondlamp 1,Toilet beneden,device,diagnostic,,0,True,no labels at all,integration,
sensor.toilet_beneden_toilet_beneden_plafondlamp_1_thread_routing_role,Thread routing role,sensor,matter,bcb51227a88e5fcb5fc68c6ac3face21,Toilet beneden - plafondlamp 1,Toilet beneden,device,diagnostic,,0,True,no labels at all,integration,
sensor.toilet_beneden_toilet_beneden_plafondlamp_1_thread_network_name,Thread network name,sensor,matter,bcb51227a88e5fcb5fc68c6ac3face21,Toilet beneden - plafondlamp 1,Toilet beneden,device,diagnostic,,0,True,no labels at all,integration,
sensor.toilet_beneden_toilet_beneden_plafondlamp_1_reboot_count,Reboot count,sensor,matter,bcb51227a88e5fcb5fc68c6ac3face21,Toilet beneden - plafondlamp 1,Toilet beneden,device,diagnostic,,0,True,no labels at all,integration,
sensor.toilet_beneden_toilet_beneden_plafondlamp_1_uptime,Uptime,sensor,matter,bcb51227a88e5fcb5fc68c6ac3face21,Toilet beneden - plafondlamp 1,Toilet beneden,device,diagnostic,,0,True,no labels at all,integration,
sensor.toilet_beneden_toilet_beneden_plafondlamp_1_boot_reason,Boot reason,sensor,matter,bcb51227a88e5fcb5fc68c6ac3face21,Toilet beneden - plafondlamp 1,Toilet beneden,device,diagnostic,,0,True,no labels at all,integration,
binary_sensor.toilet_beneden_toilet_beneden_plafondlamp_2_hardware_faults,Hardware faults,binary_sensor,matter,a733afac6d56b20a8c5c567586b8a937,Toilet beneden - plafondlamp 2,Toilet beneden,device,diagnostic,,0,True,no labels at all,integration,
binary_sensor.toilet_beneden_toilet_beneden_plafondlamp_2_radio_faults,Radio faults,binary_sensor,matter,a733afac6d56b20a8c5c567586b8a937,Toilet beneden - plafondlamp 2,Toilet beneden,device,diagnostic,,0,True,no labels at all,integration,
binary_sensor.toilet_beneden_toilet_beneden_plafondlamp_2_network_faults,Network faults,binary_sensor,matter,a733afac6d56b20a8c5c567586b8a937,Toilet beneden - plafondlamp 2,Toilet beneden,device,diagnostic,,0,True,no labels at all,integration,
sensor.toilet_beneden_toilet_beneden_plafondlamp_2_thread_channel,Thread channel,sensor,matter,a733afac6d56b20a8c5c567586b8a937,Toilet beneden - plafondlamp 2,Toilet beneden,device,diagnostic,,0,True,no labels at all,integration,
sensor.toilet_beneden_toilet_beneden_plafondlamp_2_thread_routing_role,Thread routing role,sensor,matter,a733afac6d56b20a8c5c567586b8a937,Toilet beneden - plafondlamp 2,Toilet beneden,device,diagnostic,,0,True,no labels at all,integration,
sensor.toilet_beneden_toilet_beneden_plafondlamp_2_thread_network_name,Thread network name,sensor,matter,a733afac6d56b20a8c5c567586b8a937,Toilet beneden - plafondlamp 2,Toilet beneden,device,diagnostic,,0,True,no labels at all,integration,
sensor.toilet_beneden_toilet_beneden_plafondlamp_2_reboot_count,Reboot count,sensor,matter,a733afac6d56b20a8c5c567586b8a937,Toilet beneden - plafondlamp 2,Toilet beneden,device,diagnostic,,0,True,no labels at all,integration,
sensor.toilet_beneden_toilet_beneden_plafondlamp_2_uptime,Uptime,sensor,matter,a733afac6d56b20a8c5c567586b8a937,Toilet beneden - plafondlamp 2,Toilet beneden,device,diagnostic,,0,True,no labels at all,integration,
sensor.toilet_beneden_toilet_beneden_plafondlamp_2_boot_reason,Boot reason,sensor,matter,a733afac6d56b20a8c5c567586b8a937,Toilet beneden - plafondlamp 2,Toilet beneden,device,diagnostic,,0,True,no labels at all,integration,
binary_sensor.slaapkamer_r_r_nachtkastjelamp_hardware_faults,Hardware faults,binary_sensor,matter,4889dbae43b9ec5d7849966fd5007d25,Nachtkastjelamp,Slaapkamer R/R,device,diagnostic,,0,True,no labels at all,integration,
binary_sensor.slaapkamer_r_r_nachtkastjelamp_radio_faults,Radio faults,binary_sensor,matter,4889dbae43b9ec5d7849966fd5007d25,Nachtkastjelamp,Slaapkamer R/R,device,diagnostic,,0,True,no labels at all,integration,
binary_sensor.slaapkamer_r_r_nachtkastjelamp_network_faults,Network faults,binary_sensor,matter,4889dbae43b9ec5d7849966fd5007d25,Nachtkastjelamp,Slaapkamer R/R,device,diagnostic,,0,True,no labels at all,integration,
sensor.slaapkamer_r_r_nachtkastjelamp_thread_channel,Thread channel,sensor,matter,4889dbae43b9ec5d7849966fd5007d25,Nachtkastjelamp,Slaapkamer R/R,device,diagnostic,,0,True,no labels at all,integration,
sensor.slaapkamer_r_r_nachtkastjelamp_thread_routing_role,Thread routing role,sensor,matter,4889dbae43b9ec5d7849966fd5007d25,Nachtkastjelamp,Slaapkamer R/R,device,diagnostic,,0,True,no labels at all,integration,
sensor.slaapkamer_r_r_nachtkastjelamp_thread_network_name,Thread network name,sensor,matter,4889dbae43b9ec5d7849966fd5007d25,Nachtkastjelamp,Slaapkamer R/R,device,diagnostic,,0,True,no labels at all,integration,
sensor.slaapkamer_r_r_nachtkastjelamp_reboot_count,Reboot count,sensor,matter,4889dbae43b9ec5d7849966fd5007d25,Nachtkastjelamp,Slaapkamer R/R,device,diagnostic,,0,True,no labels at all,integration,
sensor.slaapkamer_r_r_nachtkastjelamp_uptime,Uptime,sensor,matter,4889dbae43b9ec5d7849966fd5007d25,Nachtkastjelamp,Slaapkamer R/R,device,diagnostic,,0,True,no labels at all,integration,
sensor.slaapkamer_r_r_nachtkastjelamp_boot_reason,Boot reason,sensor,matter,4889dbae43b9ec5d7849966fd5007d25,Nachtkastjelamp,Slaapkamer R/R,device,diagnostic,,0,True,no labels at all,integration,
binary_sensor.kajplats_e27_cws_globe_1055lm_hardware_faults,Hardware faults,binary_sensor,matter,f216e37629dad992fa362f7ab58b7e15,KAJPLATS E27 CWS globe 1055lm,Unknown,device,diagnostic,,0,True,no labels at all,integration,
binary_sensor.kajplats_e27_cws_globe_1055lm_radio_faults,Radio faults,binary_sensor,matter,f216e37629dad992fa362f7ab58b7e15,KAJPLATS E27 CWS globe 1055lm,Unknown,device,diagnostic,,0,True,no labels at all,integration,
binary_sensor.kajplats_e27_cws_globe_1055lm_network_faults,Network faults,binary_sensor,matter,f216e37629dad992fa362f7ab58b7e15,KAJPLATS E27 CWS globe 1055lm,Unknown,device,diagnostic,,0,True,no labels at all,integration,
sensor.kajplats_e27_cws_globe_1055lm_thread_channel,Thread channel,sensor,matter,f216e37629dad992fa362f7ab58b7e15,KAJPLATS E27 CWS globe 1055lm,Unknown,device,diagnostic,,0,True,no labels at all,integration,
sensor.kajplats_e27_cws_globe_1055lm_thread_routing_role,Thread routing role,sensor,matter,f216e37629dad992fa362f7ab58b7e15,KAJPLATS E27 CWS globe 1055lm,Unknown,device,diagnostic,,0,True,no labels at all,integration,
sensor.kajplats_e27_cws_globe_1055lm_thread_network_name,Thread network name,sensor,matter,f216e37629dad992fa362f7ab58b7e15,KAJPLATS E27 CWS globe 1055lm,Unknown,device,diagnostic,,0,True,no labels at all,integration,
sensor.kajplats_e27_cws_globe_1055lm_reboot_count,Reboot count,sensor,matter,f216e37629dad992fa362f7ab58b7e15,KAJPLATS E27 CWS globe 1055lm,Unknown,device,diagnostic,,0,True,no labels at all,integration,
sensor.kajplats_e27_cws_globe_1055lm_uptime,Uptime,sensor,matter,f216e37629dad992fa362f7ab58b7e15,KAJPLATS E27 CWS globe 1055lm,Unknown,device,diagnostic,,0,True,no labels at all,integration,
sensor.kajplats_e27_cws_globe_1055lm_boot_reason,Boot reason,sensor,matter,f216e37629dad992fa362f7ab58b7e15,KAJPLATS E27 CWS globe 1055lm,Unknown,device,diagnostic,,0,True,no labels at all,integration,
binary_sensor.woonkamer_donut_hardware_faults,Hardware faults,binary_sensor,matter,77dadfcf6e74c3b26e957a773a27acf3,Donut,Woonkamer,device,diagnostic,,0,True,no labels at all,integration,
binary_sensor.woonkamer_donut_radio_faults,Radio faults,binary_sensor,matter,77dadfcf6e74c3b26e957a773a27acf3,Donut,Woonkamer,device,diagnostic,,0,True,no labels at all,integration,
binary_sensor.woonkamer_donut_network_faults,Network faults,binary_sensor,matter,77dadfcf6e74c3b26e957a773a27acf3,Donut,Woonkamer,device,diagnostic,,0,True,no labels at all,integration,
sensor.woonkamer_donut_thread_channel,Thread channel,sensor,matter,77dadfcf6e74c3b26e957a773a27acf3,Donut,Woonkamer,device,diagnostic,,0,True,no labels at all,integration,
sensor.woonkamer_donut_thread_routing_role,Thread routing role,sensor,matter,77dadfcf6e74c3b26e957a773a27acf3,Donut,Woonkamer,device,diagnostic,,0,True,no labels at all,integration,
sensor.woonkamer_donut_thread_network_name,Thread network name,sensor,matter,77dadfcf6e74c3b26e957a773a27acf3,Donut,Woonkamer,device,diagnostic,,0,True,no labels at all,integration,
sensor.woonkamer_donut_reboot_count,Reboot count,sensor,matter,77dadfcf6e74c3b26e957a773a27acf3,Donut,Woonkamer,device,diagnostic,,0,True,no labels at all,integration,
sensor.woonkamer_donut_uptime,Uptime,sensor,matter,77dadfcf6e74c3b26e957a773a27acf3,Donut,Woonkamer,device,diagnostic,,0,True,no labels at all,integration,
sensor.woonkamer_donut_boot_reason,Boot reason,sensor,matter,77dadfcf6e74c3b26e957a773a27acf3,Donut,Woonkamer,device,diagnostic,,0,True,no labels at all,integration,
binary_sensor.woonkamer_tuindeur_hardware_faults,Hardware faults,binary_sensor,matter,2f4c636879199e19f1bc8e7902d1ec70,Tuindeur,Woonkamer,device,diagnostic,,0,True,no labels at all,integration,
binary_sensor.woonkamer_tuindeur_radio_faults,Radio faults,binary_sensor,matter,2f4c636879199e19f1bc8e7902d1ec70,Tuindeur,Woonkamer,device,diagnostic,,0,True,no labels at all,integration,
binary_sensor.woonkamer_tuindeur_network_faults,Network faults,binary_sensor,matter,2f4c636879199e19f1bc8e7902d1ec70,Tuindeur,Woonkamer,device,diagnostic,,0,True,no labels at all,integration,
sensor.woonkamer_tuindeur_thread_channel,Thread channel,sensor,matter,2f4c636879199e19f1bc8e7902d1ec70,Tuindeur,Woonkamer,device,diagnostic,,0,True,no labels at all,integration,
sensor.woonkamer_tuindeur_thread_routing_role,Thread routing role,sensor,matter,2f4c636879199e19f1bc8e7902d1ec70,Tuindeur,Woonkamer,device,diagnostic,,0,True,no labels at all,integration,
sensor.woonkamer_tuindeur_thread_network_name,Thread network name,sensor,matter,2f4c636879199e19f1bc8e7902d1ec70,Tuindeur,Woonkamer,device,diagnostic,,0,True,no labels at all,integration,
sensor.woonkamer_tuindeur_reboot_count,Reboot count,sensor,matter,2f4c636879199e19f1bc8e7902d1ec70,Tuindeur,Woonkamer,device,diagnostic,,0,True,no labels at all,integration,
sensor.woonkamer_tuindeur_uptime,Uptime,sensor,matter,2f4c636879199e19f1bc8e7902d1ec70,Tuindeur,Woonkamer,device,diagnostic,,0,True,no labels at all,integration,
sensor.woonkamer_tuindeur_boot_reason,Boot reason,sensor,matter,2f4c636879199e19f1bc8e7902d1ec70,Tuindeur,Woonkamer,device,diagnostic,,0,True,no labels at all,integration,
sensor.bilresa_scroll_wheel_thread_channel,Thread channel,sensor,matter,2ed03c9a3bf1f0b469138ed2a66ef287,BILRESA scroll wheel,Unknown,device,diagnostic,,0,True,no labels at all,integration,
sensor.bilresa_scroll_wheel_thread_routing_role,Thread routing role,sensor,matter,2ed03c9a3bf1f0b469138ed2a66ef287,BILRESA scroll wheel,Unknown,device,diagnostic,,0,True,no labels at all,integration,
sensor.bilresa_scroll_wheel_thread_network_name,Thread network name,sensor,matter,2ed03c9a3bf1f0b469138ed2a66ef287,BILRESA scroll wheel,Unknown,device,diagnostic,,0,True,no labels at all,integration,
sensor.bilresa_scroll_wheel_reboot_count,Reboot count,sensor,matter,2ed03c9a3bf1f0b469138ed2a66ef287,BILRESA scroll wheel,Unknown,device,diagnostic,,0,True,no labels at all,integration,
sensor.bilresa_scroll_wheel_uptime,Uptime,sensor,matter,2ed03c9a3bf1f0b469138ed2a66ef287,BILRESA scroll wheel,Unknown,device,diagnostic,,0,True,no labels at all,integration,
sensor.bilresa_scroll_wheel_thread_channel_2,Thread channel,sensor,matter,ec5d7f9725948bdc9bcd0f01c3be2384,BILRESA scroll wheel,Unknown,device,diagnostic,,0,True,no labels at all,integration,
sensor.bilresa_scroll_wheel_thread_routing_role_2,Thread routing role,sensor,matter,ec5d7f9725948bdc9bcd0f01c3be2384,BILRESA scroll wheel,Unknown,device,diagnostic,,0,True,no labels at all,integration,
sensor.bilresa_scroll_wheel_thread_network_name_2,Thread network name,sensor,matter,ec5d7f9725948bdc9bcd0f01c3be2384,BILRESA scroll wheel,Unknown,device,diagnostic,,0,True,no labels at all,integration,
sensor.bilresa_scroll_wheel_reboot_count_2,Reboot count,sensor,matter,ec5d7f9725948bdc9bcd0f01c3be2384,BILRESA scroll wheel,Unknown,device,diagnostic,,0,True,no labels at all,integration,
sensor.bilresa_scroll_wheel_uptime_2,Uptime,sensor,matter,ec5d7f9725948bdc9bcd0f01c3be2384,BILRESA scroll wheel,Unknown,device,diagnostic,,0,True,no labels at all,integration,
sensor.bilresa_dual_button_thread_channel,Thread channel,sensor,matter,93e774a7b822d4efecf15128f8796177,BILRESA dual button,Unknown,device,diagnostic,,0,True,no labels at all,integration,
sensor.bilresa_dual_button_thread_routing_role,Thread routing role,sensor,matter,93e774a7b822d4efecf15128f8796177,BILRESA dual button,Unknown,device,diagnostic,,0,True,no labels at all,integration,
sensor.bilresa_dual_button_thread_network_name,Thread network name,sensor,matter,93e774a7b822d4efecf15128f8796177,BILRESA dual button,Unknown,device,diagnostic,,0,True,no labels at all,integration,
sensor.bilresa_dual_button_reboot_count,Reboot count,sensor,matter,93e774a7b822d4efecf15128f8796177,BILRESA dual button,Unknown,device,diagnostic,,0,True,no labels at all,integration,
sensor.bilresa_dual_button_uptime,Uptime,sensor,matter,93e774a7b822d4efecf15128f8796177,BILRESA dual button,Unknown,device,diagnostic,,0,True,no labels at all,integration,
sensor.bilresa_dual_button_boot_reason,Boot reason,sensor,matter,93e774a7b822d4efecf15128f8796177,BILRESA dual button,Unknown,device,diagnostic,,0,True,no labels at all,integration,
binary_sensor.slaapkamer_r_r_slaapkamerraam_rr_hardware_faults,Hardware faults,binary_sensor,matter,6aec27084b51b43c2abe566b97a11f5e,Slaapkamerraam RR,Slaapkamer R/R,device,diagnostic,,0,True,no labels at all,integration,
binary_sensor.slaapkamer_r_r_slaapkamerraam_rr_radio_faults,Radio faults,binary_sensor,matter,6aec27084b51b43c2abe566b97a11f5e,Slaapkamerraam RR,Slaapkamer R/R,device,diagnostic,,0,True,no labels at all,integration,
binary_sensor.slaapkamer_r_r_slaapkamerraam_rr_network_faults,Network faults,binary_sensor,matter,6aec27084b51b43c2abe566b97a11f5e,Slaapkamerraam RR,Slaapkamer R/R,device,diagnostic,,0,True,no labels at all,integration,
sensor.slaapkamer_r_r_slaapkamerraam_rr_thread_channel,Thread channel,sensor,matter,6aec27084b51b43c2abe566b97a11f5e,Slaapkamerraam RR,Slaapkamer R/R,device,diagnostic,,0,True,no labels at all,integration,
sensor.slaapkamer_r_r_slaapkamerraam_rr_thread_routing_role,Thread routing role,sensor,matter,6aec27084b51b43c2abe566b97a11f5e,Slaapkamerraam RR,Slaapkamer R/R,device,diagnostic,,0,True,no labels at all,integration,
sensor.slaapkamer_r_r_slaapkamerraam_rr_thread_network_name,Thread network name,sensor,matter,6aec27084b51b43c2abe566b97a11f5e,Slaapkamerraam RR,Slaapkamer R/R,device,diagnostic,,0,True,no labels at all,integration,
sensor.slaapkamer_r_r_slaapkamerraam_rr_reboot_count,Reboot count,sensor,matter,6aec27084b51b43c2abe566b97a11f5e,Slaapkamerraam RR,Slaapkamer R/R,device,diagnostic,,0,True,no labels at all,integration,
sensor.slaapkamer_r_r_slaapkamerraam_rr_uptime,Uptime,sensor,matter,6aec27084b51b43c2abe566b97a11f5e,Slaapkamerraam RR,Slaapkamer R/R,device,diagnostic,,0,True,no labels at all,integration,
sensor.slaapkamer_r_r_slaapkamerraam_rr_boot_reason,Boot reason,sensor,matter,6aec27084b51b43c2abe566b97a11f5e,Slaapkamerraam RR,Slaapkamer R/R,device,diagnostic,,0,True,no labels at all,integration,
binary_sensor.unassigned_hardware_faults,Hardware faults,binary_sensor,matter,91cfaea656c580648ac873f9e91dabf6,Unassigned,Unknown,device,diagnostic,,0,True,no labels at all,integration,
binary_sensor.unassigned_radio_faults,Radio faults,binary_sensor,matter,91cfaea656c580648ac873f9e91dabf6,Unassigned,Unknown,device,diagnostic,,0,True,no labels at all,integration,
binary_sensor.unassigned_network_faults,Network faults,binary_sensor,matter,91cfaea656c580648ac873f9e91dabf6,Unassigned,Unknown,device,diagnostic,,0,True,no labels at all,integration,
sensor.unassigned_thread_channel,Thread channel,sensor,matter,91cfaea656c580648ac873f9e91dabf6,Unassigned,Unknown,device,diagnostic,,0,True,no labels at all,integration,
sensor.unassigned_thread_routing_role,Thread routing role,sensor,matter,91cfaea656c580648ac873f9e91dabf6,Unassigned,Unknown,device,diagnostic,,0,True,no labels at all,integration,
sensor.unassigned_thread_network_name,Thread network name,sensor,matter,91cfaea656c580648ac873f9e91dabf6,Unassigned,Unknown,device,diagnostic,,0,True,no labels at all,integration,
sensor.unassigned_reboot_count,Reboot count,sensor,matter,91cfaea656c580648ac873f9e91dabf6,Unassigned,Unknown,device,diagnostic,,0,True,no labels at all,integration,
sensor.unassigned_uptime,Uptime,sensor,matter,91cfaea656c580648ac873f9e91dabf6,Unassigned,Unknown,device,diagnostic,,0,True,no labels at all,integration,
sensor.unassigned_boot_reason,Boot reason,sensor,matter,91cfaea656c580648ac873f9e91dabf6,Unassigned,Unknown,device,diagnostic,,0,True,no labels at all,integration,
binary_sensor.woonkamer_huiskamerdeur_hardware_faults,Hardware faults,binary_sensor,matter,e17056e82687d602bb61f09769e79574,Huiskamerdeur,Woonkamer,device,diagnostic,,0,True,no labels at all,integration,
binary_sensor.woonkamer_huiskamerdeur_radio_faults,Radio faults,binary_sensor,matter,e17056e82687d602bb61f09769e79574,Huiskamerdeur,Woonkamer,device,diagnostic,,0,True,no labels at all,integration,
binary_sensor.woonkamer_huiskamerdeur_network_faults,Network faults,binary_sensor,matter,e17056e82687d602bb61f09769e79574,Huiskamerdeur,Woonkamer,device,diagnostic,,0,True,no labels at all,integration,
sensor.woonkamer_huiskamerdeur_thread_channel,Thread channel,sensor,matter,e17056e82687d602bb61f09769e79574,Huiskamerdeur,Woonkamer,device,diagnostic,,0,True,no labels at all,integration,
sensor.woonkamer_huiskamerdeur_thread_routing_role,Thread routing role,sensor,matter,e17056e82687d602bb61f09769e79574,Huiskamerdeur,Woonkamer,device,diagnostic,,0,True,no labels at all,integration,
sensor.woonkamer_huiskamerdeur_thread_network_name,Thread network name,sensor,matter,e17056e82687d602bb61f09769e79574,Huiskamerdeur,Woonkamer,device,diagnostic,,0,True,no labels at all,integration,
sensor.woonkamer_huiskamerdeur_reboot_count,Reboot count,sensor,matter,e17056e82687d602bb61f09769e79574,Huiskamerdeur,Woonkamer,device,diagnostic,,0,True,no labels at all,integration,
sensor.woonkamer_huiskamerdeur_uptime,Uptime,sensor,matter,e17056e82687d602bb61f09769e79574,Huiskamerdeur,Woonkamer,device,diagnostic,,0,True,no labels at all,integration,
sensor.woonkamer_huiskamerdeur_boot_reason,Boot reason,sensor,matter,e17056e82687d602bb61f09769e79574,Huiskamerdeur,Woonkamer,device,diagnostic,,0,True,no labels at all,integration,
binary_sensor.hal_beneden_voordeur_hardware_faults,Hardware faults,binary_sensor,matter,113bfaed9b050ba9e47d2a340081d3ad,Voordeur,Hal beneden,device,diagnostic,,0,True,no labels at all,integration,
binary_sensor.hal_beneden_voordeur_radio_faults,Radio faults,binary_sensor,matter,113bfaed9b050ba9e47d2a340081d3ad,Voordeur,Hal beneden,device,diagnostic,,0,True,no labels at all,integration,
binary_sensor.hal_beneden_voordeur_network_faults,Network faults,binary_sensor,matter,113bfaed9b050ba9e47d2a340081d3ad,Voordeur,Hal beneden,device,diagnostic,,0,True,no labels at all,integration,
sensor.hal_beneden_voordeur_thread_channel,Thread channel,sensor,matter,113bfaed9b050ba9e47d2a340081d3ad,Voordeur,Hal beneden,device,diagnostic,,0,True,no labels at all,integration,
sensor.hal_beneden_voordeur_thread_routing_role,Thread routing role,sensor,matter,113bfaed9b050ba9e47d2a340081d3ad,Voordeur,Hal beneden,device,diagnostic,,0,True,no labels at all,integration,
sensor.hal_beneden_voordeur_thread_network_name,Thread network name,sensor,matter,113bfaed9b050ba9e47d2a340081d3ad,Voordeur,Hal beneden,device,diagnostic,,0,True,no labels at all,integration,
sensor.hal_beneden_voordeur_reboot_count,Reboot count,sensor,matter,113bfaed9b050ba9e47d2a340081d3ad,Voordeur,Hal beneden,device,diagnostic,,0,True,no labels at all,integration,
sensor.hal_beneden_voordeur_uptime,Uptime,sensor,matter,113bfaed9b050ba9e47d2a340081d3ad,Voordeur,Hal beneden,device,diagnostic,,0,True,no labels at all,integration,
sensor.hal_beneden_voordeur_boot_reason,Boot reason,sensor,matter,113bfaed9b050ba9e47d2a340081d3ad,Voordeur,Hal beneden,device,diagnostic,,0,True,no labels at all,integration,
binary_sensor.woonkamer_bollamp_hardware_faults,Hardware faults,binary_sensor,matter,21ab8b018b65f98b2c6b45b17a9b458e,Bollamp,Woonkamer,device,diagnostic,,0,True,no labels at all,integration,
binary_sensor.woonkamer_bollamp_radio_faults,Radio faults,binary_sensor,matter,21ab8b018b65f98b2c6b45b17a9b458e,Bollamp,Woonkamer,device,diagnostic,,0,True,no labels at all,integration,
binary_sensor.woonkamer_bollamp_network_faults,Network faults,binary_sensor,matter,21ab8b018b65f98b2c6b45b17a9b458e,Bollamp,Woonkamer,device,diagnostic,,0,True,no labels at all,integration,
sensor.woonkamer_bollamp_thread_channel,Thread channel,sensor,matter,21ab8b018b65f98b2c6b45b17a9b458e,Bollamp,Woonkamer,device,diagnostic,,0,True,no labels at all,integration,
sensor.woonkamer_bollamp_thread_routing_role,Thread routing role,sensor,matter,21ab8b018b65f98b2c6b45b17a9b458e,Bollamp,Woonkamer,device,diagnostic,,0,True,no labels at all,integration,
sensor.woonkamer_bollamp_thread_network_name,Thread network name,sensor,matter,21ab8b018b65f98b2c6b45b17a9b458e,Bollamp,Woonkamer,device,diagnostic,,0,True,no labels at all,integration,
sensor.woonkamer_bollamp_reboot_count,Reboot count,sensor,matter,21ab8b018b65f98b2c6b45b17a9b458e,Bollamp,Woonkamer,device,diagnostic,,0,True,no labels at all,integration,
sensor.woonkamer_bollamp_uptime,Uptime,sensor,matter,21ab8b018b65f98b2c6b45b17a9b458e,Bollamp,Woonkamer,device,diagnostic,,0,True,no labels at all,integration,
sensor.woonkamer_bollamp_boot_reason,Boot reason,sensor,matter,21ab8b018b65f98b2c6b45b17a9b458e,Bollamp,Woonkamer,device,diagnostic,,0,True,no labels at all,integration,
sensor.slaapkamer_r_r_scroll_wheel_nachtkastje_thread_channel,Thread channel,sensor,matter,1e1976649e7c1df4a78153cc491e88c6,Scroll wheel nachtkastje,Slaapkamer R/R,device,diagnostic,,0,True,no labels at all,integration,
sensor.slaapkamer_r_r_scroll_wheel_nachtkastje_thread_routing_role,Thread routing role,sensor,matter,1e1976649e7c1df4a78153cc491e88c6,Scroll wheel nachtkastje,Slaapkamer R/R,device,diagnostic,,0,True,no labels at all,integration,
sensor.slaapkamer_r_r_scroll_wheel_nachtkastje_thread_network_name,Thread network name,sensor,matter,1e1976649e7c1df4a78153cc491e88c6,Scroll wheel nachtkastje,Slaapkamer R/R,device,diagnostic,,0,True,no labels at all,integration,
sensor.slaapkamer_r_r_scroll_wheel_nachtkastje_reboot_count,Reboot count,sensor,matter,1e1976649e7c1df4a78153cc491e88c6,Scroll wheel nachtkastje,Slaapkamer R/R,device,diagnostic,,0,True,no labels at all,integration,
sensor.slaapkamer_r_r_scroll_wheel_nachtkastje_uptime,Uptime,sensor,matter,1e1976649e7c1df4a78153cc491e88c6,Scroll wheel nachtkastje,Slaapkamer R/R,device,diagnostic,,0,True,no labels at all,integration,
update.raspberry_pi_5_firmware,Firmware,update,raspberry_pi,68e4147cd06057815ccaaccf033a48d8,Raspberry Pi 5,Unknown,device,config,,0,True,no labels at all,,
switch.zonnescherm_stroom,,switch,mqtt,eae9fc7744239463afe2bc506399567b,Zonnescherm stroom,,,,,0,True,no labels at all,,
select.zonnescherm_stroom_power_on_behavior,Power-on behavior,select,mqtt,eae9fc7744239463afe2bc506399567b,Zonnescherm stroom,,,config,,0,True,no labels at all,,
switch.zonnescherm_stroom_child_lock,Child lock,switch,mqtt,eae9fc7744239463afe2bc506399567b,Zonnescherm stroom,,,config,,0,True,no labels at all,,
switch.zonnescherm_stroom_led_enable,Led enable,switch,mqtt,eae9fc7744239463afe2bc506399567b,Zonnescherm stroom,,,config,,0,True,no labels at all,,
button.zonnescherm_stroom_identify,Identify,button,mqtt,eae9fc7744239463afe2bc506399567b,Zonnescherm stroom,,,config,,0,True,no labels at all,,
sensor.0x348d13fffec83610_linkquality,Linkquality,sensor,mqtt,eae9fc7744239463afe2bc506399567b,Zonnescherm stroom,,,diagnostic,,0,True,no labels at all,integration,
update.zonnescherm_stroom,,update,mqtt,eae9fc7744239463afe2bc506399567b,Zonnescherm stroom,,,config,,0,True,no labels at all,,
sensor.bilresa_scroll_wheel_boot_reason,Boot reason,sensor,matter,ec5d7f9725948bdc9bcd0f01c3be2384,BILRESA scroll wheel,Unknown,device,diagnostic,,0,True,no labels at all,integration,
button.bilresa_scroll_wheel_identify_1,Identify (1),button,matter,ec5d7f9725948bdc9bcd0f01c3be2384,BILRESA scroll wheel,Unknown,device,diagnostic,,0,True,no labels at all,,
sensor.slaapkamer_r_r_scroll_wheel_nachtkastje_boot_reason,Boot reason,sensor,matter,1e1976649e7c1df4a78153cc491e88c6,Scroll wheel nachtkastje,Slaapkamer R/R,device,diagnostic,,0,True,no labels at all,integration,
button.slaapkamer_r_r_scroll_wheel_nachtkastje_identify_1,Identify (1),button,matter,1e1976649e7c1df4a78153cc491e88c6,Scroll wheel nachtkastje,Slaapkamer R/R,device,diagnostic,,0,True,no labels at all,,
automation.zonnescherm_stroom_aan,Zonnescherm stroom - aan,automation,automation,,,,,,Automation,1,False,"missing category: brand, protocol, function; uncategorized label(s): Automation",,
automation.zonnescherm_stroom_uit,Zonnescherm stroom - uit,automation,automation,,,,,,Automation,1,False,"missing category: brand, protocol, function; uncategorized label(s): Automation",,
switch.vijverpompen,,switch,mqtt,8fe80584eb33dae33b0ef4280e6058a6,Vijverpompen,Veranda,device,,,0,True,no labels at all,,
select.vijverpompen_power_on_behavior,Power-on behavior,select,mqtt,8fe80584eb33dae33b0ef4280e6058a6,Vijverpompen,Veranda,device,config,,0,True,no labels at all,,
switch.vijverpompen_child_lock,Child lock,switch,mqtt,8fe80584eb33dae33b0ef4280e6058a6,Vijverpompen,Veranda,device,config,,0,True,no labels at all,,
switch.vijverpompen_led_enable,Led enable,switch,mqtt,8fe80584eb33dae33b0ef4280e6058a6,Vijverpompen,Veranda,device,config,,0,True,no labels at all,,
button.vijverpompen_identify,Identify,button,mqtt,8fe80584eb33dae33b0ef4280e6058a6,Vijverpompen,Veranda,device,config,,0,True,no labels at all,,
sensor.vijverpompen_linkquality,Linkquality,sensor,mqtt,8fe80584eb33dae33b0ef4280e6058a6,Vijverpompen,Veranda,device,diagnostic,,0,True,no labels at all,,
update.vijverpompen,,update,mqtt,8fe80584eb33dae33b0ef4280e6058a6,Vijverpompen,Veranda,device,config,,0,True,no labels at all,,
switch.luchtpomp,,switch,mqtt,51590876446f2a4f434270c166d9eba8,Luchtpomp,Veranda,device,,,0,True,no labels at all,,
select.luchtpomp_power_on_behavior,Power-on behavior,select,mqtt,51590876446f2a4f434270c166d9eba8,Luchtpomp,Veranda,device,config,,0,True,no labels at all,,
switch.luchtpomp_child_lock,Child lock,switch,mqtt,51590876446f2a4f434270c166d9eba8,Luchtpomp,Veranda,device,config,,0,True,no labels at all,,
switch.luchtpomp_led_enable,Led enable,switch,mqtt,51590876446f2a4f434270c166d9eba8,Luchtpomp,Veranda,device,config,,0,True,no labels at all,,
button.luchtpomp_identify,Identify,button,mqtt,51590876446f2a4f434270c166d9eba8,Luchtpomp,Veranda,device,config,,0,True,no labels at all,,
sensor.0x348d13fffec85a1b_linkquality,Linkquality,sensor,mqtt,51590876446f2a4f434270c166d9eba8,Luchtpomp,Veranda,device,diagnostic,,0,True,no labels at all,integration,
update.luchtpomp,,update,mqtt,51590876446f2a4f434270c166d9eba8,Luchtpomp,Veranda,device,config,,0,True,no labels at all,,
button.digital_only_ev3_start_valet_mode,Start Valet Mode,button,kia_uvo,a6208ccc2c783ccb8c28649eb60df6b6,EV3,Digital only,device,,,0,True,no labels at all,,
button.digital_only_ev3_stop_valet_mode,Stop Valet Mode,button,kia_uvo,a6208ccc2c783ccb8c28649eb60df6b6,EV3,Digital only,device,,,0,True,no labels at all,,
sensor.digital_only_ev3_tire_pressure_front_left,Tire Pressure - Front Left,sensor,kia_uvo,a6208ccc2c783ccb8c28649eb60df6b6,EV3,Digital only,device,,,0,True,no labels at all,,
sensor.digital_only_ev3_tire_pressure_front_right,Tire Pressure - Front Right,sensor,kia_uvo,a6208ccc2c783ccb8c28649eb60df6b6,EV3,Digital only,device,,,0,True,no labels at all,,
sensor.digital_only_ev3_tire_pressure_rear_left,Tire Pressure - Rear Left,sensor,kia_uvo,a6208ccc2c783ccb8c28649eb60df6b6,EV3,Digital only,device,,,0,True,no labels at all,,
sensor.digital_only_ev3_tire_pressure_rear_right,Tire Pressure - Rear Right,sensor,kia_uvo,a6208ccc2c783ccb8c28649eb60df6b6,EV3,Digital only,device,,,0,True,no labels at all,,
sensor.digital_only_ev3_drive_mode,Drive Mode,sensor,kia_uvo,a6208ccc2c783ccb8c28649eb60df6b6,EV3,Digital only,device,,,0,True,no labels at all,,
update.notify_studio_update,Update,update,hacs,60838264a8f30cc7b6beb0cf2580cd72,Notify Studio,,,config,,0,True,no labels at all,,
switch.notify_studio_pre_release,Pre-release,switch,hacs,60838264a8f30cc7b6beb0cf2580cd72,Notify Studio,,,diagnostic,,0,True,no labels at all,integration,
sensor.mobiel_rudi_tablet_accent_color,Rudi tablet Accent color,sensor,mobile_app,58b2b81b9aa033a7291a0ec1e59f7be1,Rudi tablet,Mobiel,device,diagnostic,,0,True,no labels at all,integration,
sensor.mobiel_rudi_tablet_active_calories_burned,Rudi tablet Active calories burned,sensor,mobile_app,58b2b81b9aa033a7291a0ec1e59f7be1,Rudi tablet,Mobiel,device,diagnostic,,0,True,no labels at all,integration,
binary_sensor.mobiel_rudi_tablet_android_auto,Rudi tablet Android Auto,binary_sensor,mobile_app,58b2b81b9aa033a7291a0ec1e59f7be1,Rudi tablet,Mobiel,device,,,0,True,no labels at all,integration,
sensor.mobiel_rudi_tablet_app_importance,Rudi tablet App importance,sensor,mobile_app,58b2b81b9aa033a7291a0ec1e59f7be1,Rudi tablet,Mobiel,device,diagnostic,,0,True,no labels at all,integration,
binary_sensor.mobiel_rudi_tablet_app_inactive,Rudi tablet App inactive,binary_sensor,mobile_app,58b2b81b9aa033a7291a0ec1e59f7be1,Rudi tablet,Mobiel,device,diagnostic,,0,True,no labels at all,integration,
sensor.mobiel_rudi_tablet_app_memory,Rudi tablet App memory,sensor,mobile_app,58b2b81b9aa033a7291a0ec1e59f7be1,Rudi tablet,Mobiel,device,diagnostic,,0,True,no labels at all,integration,
sensor.mobiel_rudi_tablet_app_rx_gb,Rudi tablet App Rx GB,sensor,mobile_app,58b2b81b9aa033a7291a0ec1e59f7be1,Rudi tablet,Mobiel,device,diagnostic,,0,True,no labels at all,integration,
sensor.mobiel_rudi_tablet_app_standby_bucket,Rudi tablet App standby bucket,sensor,mobile_app,58b2b81b9aa033a7291a0ec1e59f7be1,Rudi tablet,Mobiel,device,diagnostic,,0,True,no labels at all,integration,
sensor.mobiel_rudi_tablet_app_tx_gb,Rudi tablet App Tx GB,sensor,mobile_app,58b2b81b9aa033a7291a0ec1e59f7be1,Rudi tablet,Mobiel,device,diagnostic,,0,True,no labels at all,integration,
sensor.mobiel_rudi_tablet_audio_mode,Rudi tablet Audio mode,sensor,mobile_app,58b2b81b9aa033a7291a0ec1e59f7be1,Rudi tablet,Mobiel,device,,,0,True,no labels at all,integration,
sensor.mobiel_rudi_tablet_basal_body_temperature,Rudi tablet Basal body temperature,sensor,mobile_app,58b2b81b9aa033a7291a0ec1e59f7be1,Rudi tablet,Mobiel,device,diagnostic,,0,True,no labels at all,integration,
sensor.mobiel_rudi_tablet_basal_metabolic_rate,Rudi tablet Basal metabolic rate,sensor,mobile_app,58b2b81b9aa033a7291a0ec1e59f7be1,Rudi tablet,Mobiel,device,diagnostic,,0,True,no labels at all,integration,
sensor.mobiel_rudi_tablet_battery_cycle_count,Rudi tablet Battery cycle count,sensor,mobile_app,58b2b81b9aa033a7291a0ec1e59f7be1,Rudi tablet,Mobiel,device,diagnostic,,0,True,no labels at all,integration,
sensor.mobiel_rudi_tablet_battery_health,Rudi tablet Battery health,sensor,mobile_app,58b2b81b9aa033a7291a0ec1e59f7be1,Rudi tablet,Mobiel,device,diagnostic,,0,True,no labels at all,integration,
sensor.mobiel_rudi_tablet_battery_level,Rudi tablet Battery level,sensor,mobile_app,58b2b81b9aa033a7291a0ec1e59f7be1,Rudi tablet,Mobiel,device,diagnostic,,0,True,no labels at all,,
sensor.mobiel_rudi_tablet_battery_power,Rudi tablet Battery power,sensor,mobile_app,58b2b81b9aa033a7291a0ec1e59f7be1,Rudi tablet,Mobiel,device,diagnostic,,0,True,no labels at all,integration,
sensor.mobiel_rudi_tablet_battery_state,Rudi tablet Battery state,sensor,mobile_app,58b2b81b9aa033a7291a0ec1e59f7be1,Rudi tablet,Mobiel,device,diagnostic,,0,True,no labels at all,,
sensor.mobiel_rudi_tablet_battery_temperature,Rudi tablet Battery temperature,sensor,mobile_app,58b2b81b9aa033a7291a0ec1e59f7be1,Rudi tablet,Mobiel,device,diagnostic,,0,True,no labels at all,integration,
sensor.mobiel_rudi_tablet_beacon_monitor,Rudi tablet Beacon monitor,sensor,mobile_app,58b2b81b9aa033a7291a0ec1e59f7be1,Rudi tablet,Mobiel,device,diagnostic,,0,True,no labels at all,integration,
sensor.mobiel_rudi_tablet_ble_transmitter,Rudi tablet BLE transmitter,sensor,mobile_app,58b2b81b9aa033a7291a0ec1e59f7be1,Rudi tablet,Mobiel,device,diagnostic,,0,True,no labels at all,integration,
sensor.mobiel_rudi_tablet_blood_glucose,Rudi tablet Blood glucose,sensor,mobile_app,58b2b81b9aa033a7291a0ec1e59f7be1,Rudi tablet,Mobiel,device,diagnostic,,0,True,no labels at all,integration,
sensor.mobiel_rudi_tablet_bluetooth_connection,Rudi tablet Bluetooth connection,sensor,mobile_app,58b2b81b9aa033a7291a0ec1e59f7be1,Rudi tablet,Mobiel,device,,,0,True,no labels at all,integration,
binary_sensor.mobiel_rudi_tablet_bluetooth_state,Rudi tablet Bluetooth state,binary_sensor,mobile_app,58b2b81b9aa033a7291a0ec1e59f7be1,Rudi tablet,Mobiel,device,diagnostic,,0,True,no labels at all,integration,
sensor.mobiel_rudi_tablet_body_fat,Rudi tablet Body fat,sensor,mobile_app,58b2b81b9aa033a7291a0ec1e59f7be1,Rudi tablet,Mobiel,device,diagnostic,,0,True,no labels at all,integration,
sensor.mobiel_rudi_tablet_body_temperature,Rudi tablet Body temperature,sensor,mobile_app,58b2b81b9aa033a7291a0ec1e59f7be1,Rudi tablet,Mobiel,device,diagnostic,,0,True,no labels at all,integration,
sensor.mobiel_rudi_tablet_body_water_mass,Rudi tablet Body water mass,sensor,mobile_app,58b2b81b9aa033a7291a0ec1e59f7be1,Rudi tablet,Mobiel,device,diagnostic,,0,True,no labels at all,integration,
sensor.mobiel_rudi_tablet_bone_mass,Rudi tablet Bone mass,sensor,mobile_app,58b2b81b9aa033a7291a0ec1e59f7be1,Rudi tablet,Mobiel,device,diagnostic,,0,True,no labels at all,integration,
sensor.mobiel_rudi_tablet_car_battery,Rudi tablet Car battery,sensor,mobile_app,58b2b81b9aa033a7291a0ec1e59f7be1,Rudi tablet,Mobiel,device,diagnostic,,0,True,no labels at all,integration,
sensor.mobiel_rudi_tablet_car_charging_status,Rudi tablet Car charging status,sensor,mobile_app,58b2b81b9aa033a7291a0ec1e59f7be1,Rudi tablet,Mobiel,device,,,0,True,no labels at all,integration,
sensor.mobiel_rudi_tablet_car_ev_connector_type,Rudi tablet Car EV connector type,sensor,mobile_app,58b2b81b9aa033a7291a0ec1e59f7be1,Rudi tablet,Mobiel,device,diagnostic,,0,True,no labels at all,integration,
sensor.mobiel_rudi_tablet_car_fuel,Rudi tablet Car fuel,sensor,mobile_app,58b2b81b9aa033a7291a0ec1e59f7be1,Rudi tablet,Mobiel,device,,,0,True,no labels at all,integration,
sensor.mobiel_rudi_tablet_car_fuel_type,Rudi tablet Car fuel type,sensor,mobile_app,58b2b81b9aa033a7291a0ec1e59f7be1,Rudi tablet,Mobiel,device,diagnostic,,0,True,no labels at all,integration,
sensor.mobiel_rudi_tablet_car_name,Rudi tablet Car name,sensor,mobile_app,58b2b81b9aa033a7291a0ec1e59f7be1,Rudi tablet,Mobiel,device,,,0,True,no labels at all,integration,
sensor.mobiel_rudi_tablet_car_odometer,Rudi tablet Car odometer,sensor,mobile_app,58b2b81b9aa033a7291a0ec1e59f7be1,Rudi tablet,Mobiel,device,,,0,True,no labels at all,integration,
sensor.mobiel_rudi_tablet_car_range_remaining,Rudi tablet Car range remaining,sensor,mobile_app,58b2b81b9aa033a7291a0ec1e59f7be1,Rudi tablet,Mobiel,device,diagnostic,,0,True,no labels at all,integration,
sensor.mobiel_rudi_tablet_car_speed,Rudi tablet Car speed,sensor,mobile_app,58b2b81b9aa033a7291a0ec1e59f7be1,Rudi tablet,Mobiel,device,,,0,True,no labels at all,integration,
sensor.mobiel_rudi_tablet_charger_type,Rudi tablet Charger type,sensor,mobile_app,58b2b81b9aa033a7291a0ec1e59f7be1,Rudi tablet,Mobiel,device,diagnostic,,0,True,no labels at all,,
sensor.mobiel_rudi_tablet_current_time_zone,Rudi tablet Current time zone,sensor,mobile_app,58b2b81b9aa033a7291a0ec1e59f7be1,Rudi tablet,Mobiel,device,diagnostic,,0,True,no labels at all,integration,
sensor.mobiel_rudi_tablet_current_version,Rudi tablet Current version,sensor,mobile_app,58b2b81b9aa033a7291a0ec1e59f7be1,Rudi tablet,Mobiel,device,diagnostic,,0,True,no labels at all,integration,
sensor.mobiel_rudi_tablet_daily_distance,Rudi tablet Daily distance,sensor,mobile_app,58b2b81b9aa033a7291a0ec1e59f7be1,Rudi tablet,Mobiel,device,diagnostic,,0,True,no labels at all,integration,
sensor.mobiel_rudi_tablet_daily_elevation_gained,Rudi tablet Daily elevation gained,sensor,mobile_app,58b2b81b9aa033a7291a0ec1e59f7be1,Rudi tablet,Mobiel,device,diagnostic,,0,True,no labels at all,integration,
sensor.mobiel_rudi_tablet_daily_floors,Rudi tablet Daily floors,sensor,mobile_app,58b2b81b9aa033a7291a0ec1e59f7be1,Rudi tablet,Mobiel,device,diagnostic,,0,True,no labels at all,integration,
sensor.mobiel_rudi_tablet_daily_hydration,Rudi tablet Daily hydration,sensor,mobile_app,58b2b81b9aa033a7291a0ec1e59f7be1,Rudi tablet,Mobiel,device,diagnostic,,0,True,no labels at all,integration,
sensor.mobiel_rudi_tablet_daily_steps,Rudi tablet Daily steps,sensor,mobile_app,58b2b81b9aa033a7291a0ec1e59f7be1,Rudi tablet,Mobiel,device,diagnostic,,0,True,no labels at all,integration,
sensor.mobiel_rudi_tablet_detected_activity,Rudi tablet Detected activity,sensor,mobile_app,58b2b81b9aa033a7291a0ec1e59f7be1,Rudi tablet,Mobiel,device,,,0,True,no labels at all,integration,
binary_sensor.mobiel_rudi_tablet_device_locked,Rudi tablet Device locked,binary_sensor,mobile_app,58b2b81b9aa033a7291a0ec1e59f7be1,Rudi tablet,Mobiel,device,diagnostic,,0,True,no labels at all,integration,
binary_sensor.mobiel_rudi_tablet_device_secure,Rudi tablet Device secure,binary_sensor,mobile_app,58b2b81b9aa033a7291a0ec1e59f7be1,Rudi tablet,Mobiel,device,diagnostic,,0,True,no labels at all,integration,
sensor.mobiel_rudi_tablet_diastolic_blood_pressure,Rudi tablet Diastolic blood pressure,sensor,mobile_app,58b2b81b9aa033a7291a0ec1e59f7be1,Rudi tablet,Mobiel,device,diagnostic,,0,True,no labels at all,integration,
sensor.mobiel_rudi_tablet_do_not_disturb_sensor,Rudi tablet Do Not Disturb sensor,sensor,mobile_app,58b2b81b9aa033a7291a0ec1e59f7be1,Rudi tablet,Mobiel,device,diagnostic,,0,True,no labels at all,integration,
binary_sensor.mobiel_rudi_tablet_doze_mode,Rudi tablet Doze mode,binary_sensor,mobile_app,58b2b81b9aa033a7291a0ec1e59f7be1,Rudi tablet,Mobiel,device,diagnostic,,0,True,no labels at all,integration,
sensor.mobiel_rudi_tablet_external_storage,Rudi tablet External storage,sensor,mobile_app,58b2b81b9aa033a7291a0ec1e59f7be1,Rudi tablet,Mobiel,device,diagnostic,,0,True,no labels at all,integration,
sensor.mobiel_rudi_tablet_geocoded_location,Rudi tablet Geocoded location,sensor,mobile_app,58b2b81b9aa033a7291a0ec1e59f7be1,Rudi tablet,Mobiel,device,,,0,True,no labels at all,integration,
binary_sensor.mobiel_rudi_tablet_headphones,Rudi tablet Headphones,binary_sensor,mobile_app,58b2b81b9aa033a7291a0ec1e59f7be1,Rudi tablet,Mobiel,device,,,0,True,no labels at all,integration,
sensor.mobiel_rudi_tablet_heart_rate,Rudi tablet Heart rate,sensor,mobile_app,58b2b81b9aa033a7291a0ec1e59f7be1,Rudi tablet,Mobiel,device,diagnostic,,0,True,no labels at all,integration,
sensor.mobiel_rudi_tablet_heart_rate_variability,Rudi tablet Heart rate variability,sensor,mobile_app,58b2b81b9aa033a7291a0ec1e59f7be1,Rudi tablet,Mobiel,device,diagnostic,,0,True,no labels at all,integration,
sensor.mobiel_rudi_tablet_height,Rudi tablet Height,sensor,mobile_app,58b2b81b9aa033a7291a0ec1e59f7be1,Rudi tablet,Mobiel,device,diagnostic,,0,True,no labels at all,integration,
binary_sensor.mobiel_rudi_tablet_hotspot_state,Rudi tablet Hotspot state,binary_sensor,mobile_app,58b2b81b9aa033a7291a0ec1e59f7be1,Rudi tablet,Mobiel,device,diagnostic,,0,True,no labels at all,integration,
binary_sensor.mobiel_rudi_tablet_interactive,Rudi tablet Interactive,binary_sensor,mobile_app,58b2b81b9aa033a7291a0ec1e59f7be1,Rudi tablet,Mobiel,device,diagnostic,,0,True,no labels at all,integration,
sensor.mobiel_rudi_tablet_internal_storage,Rudi tablet Internal storage,sensor,mobile_app,58b2b81b9aa033a7291a0ec1e59f7be1,Rudi tablet,Mobiel,device,diagnostic,,0,True,no labels at all,integration,
sensor.mobiel_rudi_tablet_ipv6_addresses,Rudi tablet IPv6 addresses,sensor,mobile_app,58b2b81b9aa033a7291a0ec1e59f7be1,Rudi tablet,Mobiel,device,diagnostic,,0,True,no labels at all,integration,
binary_sensor.mobiel_rudi_tablet_is_charging,Rudi tablet Is charging,binary_sensor,mobile_app,58b2b81b9aa033a7291a0ec1e59f7be1,Rudi tablet,Mobiel,device,diagnostic,,0,True,no labels at all,integration,
binary_sensor.mobiel_rudi_tablet_keyguard_locked,Rudi tablet Keyguard locked,binary_sensor,mobile_app,58b2b81b9aa033a7291a0ec1e59f7be1,Rudi tablet,Mobiel,device,diagnostic,,0,True,no labels at all,integration,
binary_sensor.mobiel_rudi_tablet_keyguard_secure,Rudi tablet Keyguard secure,binary_sensor,mobile_app,58b2b81b9aa033a7291a0ec1e59f7be1,Rudi tablet,Mobiel,device,diagnostic,,0,True,no labels at all,integration,
sensor.mobiel_rudi_tablet_last_reboot,Rudi tablet Last reboot,sensor,mobile_app,58b2b81b9aa033a7291a0ec1e59f7be1,Rudi tablet,Mobiel,device,diagnostic,,0,True,no labels at all,integration,
sensor.mobiel_rudi_tablet_last_used_app,Rudi tablet Last used app,sensor,mobile_app,58b2b81b9aa033a7291a0ec1e59f7be1,Rudi tablet,Mobiel,device,,,0,True,no labels at all,integration,
sensor.mobiel_rudi_tablet_lean_body_mass,Rudi tablet Lean body mass,sensor,mobile_app,58b2b81b9aa033a7291a0ec1e59f7be1,Rudi tablet,Mobiel,device,diagnostic,,0,True,no labels at all,integration,
sensor.mobiel_rudi_tablet_light_sensor,Rudi tablet Light sensor,sensor,mobile_app,58b2b81b9aa033a7291a0ec1e59f7be1,Rudi tablet,Mobiel,device,,,0,True,no labels at all,integration,
sensor.mobiel_rudi_tablet_media_session,Rudi tablet Media session,sensor,mobile_app,58b2b81b9aa033a7291a0ec1e59f7be1,Rudi tablet,Mobiel,device,,,0,True,no labels at all,integration,
binary_sensor.mobiel_rudi_tablet_mic_muted,Rudi tablet Mic muted,binary_sensor,mobile_app,58b2b81b9aa033a7291a0ec1e59f7be1,Rudi tablet,Mobiel,device,,,0,True,no labels at all,integration,
binary_sensor.mobiel_rudi_tablet_music_active,Rudi tablet Music active,binary_sensor,mobile_app,58b2b81b9aa033a7291a0ec1e59f7be1,Rudi tablet,Mobiel,device,,,0,True,no labels at all,integration,
sensor.mobiel_rudi_tablet_network_type,Rudi tablet Network type,sensor,mobile_app,58b2b81b9aa033a7291a0ec1e59f7be1,Rudi tablet,Mobiel,device,diagnostic,,0,True,no labels at all,integration,
sensor.mobiel_rudi_tablet_next_alarm,Rudi tablet Next alarm,sensor,mobile_app,58b2b81b9aa033a7291a0ec1e59f7be1,Rudi tablet,Mobiel,device,,,0,True,no labels at all,integration,
sensor.mobiel_rudi_tablet_os_version,Rudi tablet OS version,sensor,mobile_app,58b2b81b9aa033a7291a0ec1e59f7be1,Rudi tablet,Mobiel,device,diagnostic,,0,True,no labels at all,integration,
sensor.mobiel_rudi_tablet_oxygen_saturation,Rudi tablet Oxygen saturation,sensor,mobile_app,58b2b81b9aa033a7291a0ec1e59f7be1,Rudi tablet,Mobiel,device,diagnostic,,0,True,no labels at all,integration,
binary_sensor.mobiel_rudi_tablet_power_save,Rudi tablet Power save,binary_sensor,mobile_app,58b2b81b9aa033a7291a0ec1e59f7be1,Rudi tablet,Mobiel,device,diagnostic,,0,True,no labels at all,integration,
sensor.mobiel_rudi_tablet_public_ip_address,Rudi tablet Public IP address,sensor,mobile_app,58b2b81b9aa033a7291a0ec1e59f7be1,Rudi tablet,Mobiel,device,diagnostic,,0,True,no labels at all,integration,
sensor.mobiel_rudi_tablet_remaining_charge_time,Rudi tablet Remaining charge time,sensor,mobile_app,58b2b81b9aa033a7291a0ec1e59f7be1,Rudi tablet,Mobiel,device,diagnostic,,0,True,no labels at all,integration,
sensor.mobiel_rudi_tablet_respiratory_rate,Rudi tablet Respiratory rate,sensor,mobile_app,58b2b81b9aa033a7291a0ec1e59f7be1,Rudi tablet,Mobiel,device,diagnostic,,0,True,no labels at all,integration,
sensor.mobiel_rudi_tablet_resting_heart_rate,Rudi tablet Resting heart rate,sensor,mobile_app,58b2b81b9aa033a7291a0ec1e59f7be1,Rudi tablet,Mobiel,device,diagnostic,,0,True,no labels at all,integration,
sensor.mobiel_rudi_tablet_ringer_mode,Rudi tablet Ringer mode,sensor,mobile_app,58b2b81b9aa033a7291a0ec1e59f7be1,Rudi tablet,Mobiel,device,,,0,True,no labels at all,integration,
device_tracker.mobiel_rudi_tablet,Rudi tablet,device_tracker,mobile_app,58b2b81b9aa033a7291a0ec1e59f7be1,Rudi tablet,Mobiel,device,diagnostic,,0,True,no labels at all,,
notify.mobiel_rudi_tablet,,notify,mobile_app,58b2b81b9aa033a7291a0ec1e59f7be1,Rudi tablet,Mobiel,device,,,0,True,no labels at all,,
sensor.mobiel_rudi_tablet_screen_brightness,Rudi tablet Screen brightness,sensor,mobile_app,58b2b81b9aa033a7291a0ec1e59f7be1,Rudi tablet,Mobiel,device,,,0,True,no labels at all,integration,
sensor.mobiel_rudi_tablet_screen_off_timeout,Rudi tablet Screen off timeout,sensor,mobile_app,58b2b81b9aa033a7291a0ec1e59f7be1,Rudi tablet,Mobiel,device,,,0,True,no labels at all,integration,
sensor.mobiel_rudi_tablet_screen_orientation,Rudi tablet Screen orientation,sensor,mobile_app,58b2b81b9aa033a7291a0ec1e59f7be1,Rudi tablet,Mobiel,device,,,0,True,no labels at all,integration,
sensor.mobiel_rudi_tablet_screen_rotation,Rudi tablet Screen rotation,sensor,mobile_app,58b2b81b9aa033a7291a0ec1e59f7be1,Rudi tablet,Mobiel,device,,,0,True,no labels at all,integration,
sensor.mobiel_rudi_tablet_security_patch,Rudi tablet Security patch,sensor,mobile_app,58b2b81b9aa033a7291a0ec1e59f7be1,Rudi tablet,Mobiel,device,diagnostic,,0,True,no labels at all,integration,
sensor.mobiel_rudi_tablet_sleep_confidence,Rudi tablet Sleep confidence,sensor,mobile_app,58b2b81b9aa033a7291a0ec1e59f7be1,Rudi tablet,Mobiel,device,,,0,True,no labels at all,integration,
sensor.mobiel_rudi_tablet_sleep_duration,Rudi tablet Sleep duration,sensor,mobile_app,58b2b81b9aa033a7291a0ec1e59f7be1,Rudi tablet,Mobiel,device,diagnostic,,0,True,no labels at all,integration,
sensor.mobiel_rudi_tablet_sleep_segment,Rudi tablet Sleep segment,sensor,mobile_app,58b2b81b9aa033a7291a0ec1e59f7be1,Rudi tablet,Mobiel,device,,,0,True,no labels at all,integration,
binary_sensor.mobiel_rudi_tablet_speakerphone,Rudi tablet Speakerphone,binary_sensor,mobile_app,58b2b81b9aa033a7291a0ec1e59f7be1,Rudi tablet,Mobiel,device,,,0,True,no labels at all,integration,
sensor.mobiel_rudi_tablet_steps_sensor,Rudi tablet Steps sensor,sensor,mobile_app,58b2b81b9aa033a7291a0ec1e59f7be1,Rudi tablet,Mobiel,device,,,0,True,no labels at all,integration,
sensor.mobiel_rudi_tablet_systolic_blood_pressure,Rudi tablet Systolic blood pressure,sensor,mobile_app,58b2b81b9aa033a7291a0ec1e59f7be1,Rudi tablet,Mobiel,device,diagnostic,,0,True,no labels at all,integration,
sensor.mobiel_rudi_tablet_total_calories_burned,Rudi tablet Total calories burned,sensor,mobile_app,58b2b81b9aa033a7291a0ec1e59f7be1,Rudi tablet,Mobiel,device,diagnostic,,0,True,no labels at all,integration,
sensor.mobiel_rudi_tablet_total_rx_gb,Rudi tablet Total Rx GB,sensor,mobile_app,58b2b81b9aa033a7291a0ec1e59f7be1,Rudi tablet,Mobiel,device,diagnostic,,0,True,no labels at all,integration,
sensor.mobiel_rudi_tablet_total_tx_gb,Rudi tablet Total Tx GB,sensor,mobile_app,58b2b81b9aa033a7291a0ec1e59f7be1,Rudi tablet,Mobiel,device,diagnostic,,0,True,no labels at all,integration,
sensor.mobiel_rudi_tablet_vo2_max,Rudi tablet VO2 max,sensor,mobile_app,58b2b81b9aa033a7291a0ec1e59f7be1,Rudi tablet,Mobiel,device,diagnostic,,0,True,no labels at all,integration,
sensor.mobiel_rudi_tablet_volume_level_accessibility,Rudi tablet Volume level accessibility,sensor,mobile_app,58b2b81b9aa033a7291a0ec1e59f7be1,Rudi tablet,Mobiel,device,diagnostic,,0,True,no labels at all,integration,
sensor.mobiel_rudi_tablet_volume_level_alarm,Rudi tablet Volume level alarm,sensor,mobile_app,58b2b81b9aa033a7291a0ec1e59f7be1,Rudi tablet,Mobiel,device,diagnostic,,0,True,no labels at all,integration,
sensor.mobiel_rudi_tablet_volume_level_call,Rudi tablet Volume level call,sensor,mobile_app,58b2b81b9aa033a7291a0ec1e59f7be1,Rudi tablet,Mobiel,device,diagnostic,,0,True,no labels at all,integration,
sensor.mobiel_rudi_tablet_volume_level_dtmf,Rudi tablet Volume level DTMF,sensor,mobile_app,58b2b81b9aa033a7291a0ec1e59f7be1,Rudi tablet,Mobiel,device,diagnostic,,0,True,no labels at all,integration,
sensor.mobiel_rudi_tablet_volume_level_music,Rudi tablet Volume level music,sensor,mobile_app,58b2b81b9aa033a7291a0ec1e59f7be1,Rudi tablet,Mobiel,device,diagnostic,,0,True,no labels at all,integration,
sensor.mobiel_rudi_tablet_volume_level_notification,Rudi tablet Volume level notification,sensor,mobile_app,58b2b81b9aa033a7291a0ec1e59f7be1,Rudi tablet,Mobiel,device,diagnostic,,0,True,no labels at all,integration,
sensor.mobiel_rudi_tablet_volume_level_ringer,Rudi tablet Volume level ringer,sensor,mobile_app,58b2b81b9aa033a7291a0ec1e59f7be1,Rudi tablet,Mobiel,device,diagnostic,,0,True,no labels at all,integration,
sensor.mobiel_rudi_tablet_volume_level_system,Rudi tablet Volume level system,sensor,mobile_app,58b2b81b9aa033a7291a0ec1e59f7be1,Rudi tablet,Mobiel,device,diagnostic,,0,True,no labels at all,integration,
sensor.mobiel_rudi_tablet_weight,Rudi tablet Weight,sensor,mobile_app,58b2b81b9aa033a7291a0ec1e59f7be1,Rudi tablet,Mobiel,device,diagnostic,,0,True,no labels at all,integration,
sensor.mobiel_rudi_tablet_wi_fi_bssid,Rudi tablet Wi-Fi BSSID,sensor,mobile_app,58b2b81b9aa033a7291a0ec1e59f7be1,Rudi tablet,Mobiel,device,diagnostic,,0,True,no labels at all,integration,
sensor.mobiel_rudi_tablet_wi_fi_connection,Rudi tablet Wi-Fi connection,sensor,mobile_app,58b2b81b9aa033a7291a0ec1e59f7be1,Rudi tablet,Mobiel,device,diagnostic,,0,True,no labels at all,integration,
sensor.mobiel_rudi_tablet_wi_fi_frequency,Rudi tablet Wi-Fi frequency,sensor,mobile_app,58b2b81b9aa033a7291a0ec1e59f7be1,Rudi tablet,Mobiel,device,diagnostic,,0,True,no labels at all,integration,
sensor.mobiel_rudi_tablet_wi_fi_ip_address,Rudi tablet Wi-Fi IP address,sensor,mobile_app,58b2b81b9aa033a7291a0ec1e59f7be1,Rudi tablet,Mobiel,device,diagnostic,,0,True,no labels at all,integration,
sensor.mobiel_rudi_tablet_wi_fi_link_speed,Rudi tablet Wi-Fi link speed,sensor,mobile_app,58b2b81b9aa033a7291a0ec1e59f7be1,Rudi tablet,Mobiel,device,diagnostic,,0,True,no labels at all,integration,
sensor.mobiel_rudi_tablet_wi_fi_signal_strength,Rudi tablet Wi-Fi signal strength,sensor,mobile_app,58b2b81b9aa033a7291a0ec1e59f7be1,Rudi tablet,Mobiel,device,diagnostic,,0,True,no labels at all,integration,
binary_sensor.mobiel_rudi_tablet_wi_fi_state,Rudi tablet Wi-Fi state,binary_sensor,mobile_app,58b2b81b9aa033a7291a0ec1e59f7be1,Rudi tablet,Mobiel,device,diagnostic,,0,True,no labels at all,integration,
binary_sensor.mobiel_rudi_tablet_work_profile,Rudi tablet Work profile,binary_sensor,mobile_app,58b2b81b9aa033a7291a0ec1e59f7be1,Rudi tablet,Mobiel,device,,,0,True,no labels at all,integration,
sensor.mobiel_julius_smartphone_battery_level,Julius smartphone Battery Level,sensor,mobile_app,d3d4a1e564cde98d93cd13e634221160,Julius smartphone,Mobiel,device,diagnostic,Sensor,1,False,"missing category: brand, protocol",,
sensor.mobiel_julius_smartphone_battery_state,Julius smartphone Battery State,sensor,mobile_app,d3d4a1e564cde98d93cd13e634221160,Julius smartphone,Mobiel,device,diagnostic,Sensor,1,False,"missing category: brand, protocol",,
sensor.mobiel_julius_smartphone_charger_type,Julius smartphone Charger Type,sensor,mobile_app,d3d4a1e564cde98d93cd13e634221160,Julius smartphone,Mobiel,device,diagnostic,Sensor,1,False,"missing category: brand, protocol",,
sensor.mobiel_julius_smartphone_julius_accent_color,Julius Accent color,sensor,mobile_app,d3d4a1e564cde98d93cd13e634221160,Julius smartphone,Mobiel,device,diagnostic,,0,True,no labels at all,integration,
sensor.mobiel_julius_smartphone_julius_active_notification_count,Julius Active notification count,sensor,mobile_app,d3d4a1e564cde98d93cd13e634221160,Julius smartphone,Mobiel,device,,,0,True,no labels at all,integration,
binary_sensor.mobiel_julius_smartphone_julius_android_auto,Julius Android Auto,binary_sensor,mobile_app,d3d4a1e564cde98d93cd13e634221160,Julius smartphone,Mobiel,device,,,0,True,no labels at all,integration,
sensor.mobiel_julius_smartphone_julius_app_importance,Julius App importance,sensor,mobile_app,d3d4a1e564cde98d93cd13e634221160,Julius smartphone,Mobiel,device,diagnostic,,0,True,no labels at all,integration,
binary_sensor.mobiel_julius_smartphone_julius_app_inactive,Julius App inactive,binary_sensor,mobile_app,d3d4a1e564cde98d93cd13e634221160,Julius smartphone,Mobiel,device,diagnostic,,0,True,no labels at all,integration,
sensor.mobiel_julius_smartphone_julius_app_memory,Julius App memory,sensor,mobile_app,d3d4a1e564cde98d93cd13e634221160,Julius smartphone,Mobiel,device,diagnostic,,0,True,no labels at all,integration,
sensor.mobiel_julius_smartphone_julius_app_rx_gb,Julius App Rx GB,sensor,mobile_app,d3d4a1e564cde98d93cd13e634221160,Julius smartphone,Mobiel,device,diagnostic,,0,True,no labels at all,integration,
sensor.mobiel_julius_smartphone_julius_app_standby_bucket,Julius App standby bucket,sensor,mobile_app,d3d4a1e564cde98d93cd13e634221160,Julius smartphone,Mobiel,device,diagnostic,,0,True,no labels at all,integration,
sensor.mobiel_julius_smartphone_julius_app_tx_gb,Julius App Tx GB,sensor,mobile_app,d3d4a1e564cde98d93cd13e634221160,Julius smartphone,Mobiel,device,diagnostic,,0,True,no labels at all,integration,
sensor.mobiel_julius_smartphone_julius_audio_mode,Julius Audio mode,sensor,mobile_app,d3d4a1e564cde98d93cd13e634221160,Julius smartphone,Mobiel,device,,,0,True,no labels at all,integration,
sensor.mobiel_julius_smartphone_julius_battery_health,Julius Battery health,sensor,mobile_app,d3d4a1e564cde98d93cd13e634221160,Julius smartphone,Mobiel,device,diagnostic,,0,True,no labels at all,integration,
sensor.mobiel_julius_smartphone_julius_battery_power,Julius Battery power,sensor,mobile_app,d3d4a1e564cde98d93cd13e634221160,Julius smartphone,Mobiel,device,diagnostic,,0,True,no labels at all,integration,
sensor.mobiel_julius_smartphone_julius_battery_temperature,Julius Battery temperature,sensor,mobile_app,d3d4a1e564cde98d93cd13e634221160,Julius smartphone,Mobiel,device,diagnostic,,0,True,no labels at all,integration,
sensor.mobiel_julius_smartphone_julius_beacon_monitor,Julius Beacon monitor,sensor,mobile_app,d3d4a1e564cde98d93cd13e634221160,Julius smartphone,Mobiel,device,diagnostic,,0,True,no labels at all,integration,
sensor.mobiel_julius_smartphone_julius_ble_transmitter,Julius BLE transmitter,sensor,mobile_app,d3d4a1e564cde98d93cd13e634221160,Julius smartphone,Mobiel,device,diagnostic,,0,True,no labels at all,integration,
sensor.mobiel_julius_smartphone_julius_bluetooth_connection,Julius Bluetooth connection,sensor,mobile_app,d3d4a1e564cde98d93cd13e634221160,Julius smartphone,Mobiel,device,,,0,True,no labels at all,integration,
binary_sensor.mobiel_julius_smartphone_julius_bluetooth_state,Julius Bluetooth state,binary_sensor,mobile_app,d3d4a1e564cde98d93cd13e634221160,Julius smartphone,Mobiel,device,diagnostic,,0,True,no labels at all,integration,
sensor.mobiel_julius_smartphone_julius_car_battery,Julius Car battery,sensor,mobile_app,d3d4a1e564cde98d93cd13e634221160,Julius smartphone,Mobiel,device,diagnostic,,0,True,no labels at all,integration,
sensor.mobiel_julius_smartphone_julius_car_charging_status,Julius Car charging status,sensor,mobile_app,d3d4a1e564cde98d93cd13e634221160,Julius smartphone,Mobiel,device,,,0,True,no labels at all,integration,
sensor.mobiel_julius_smartphone_julius_car_ev_connector_type,Julius Car EV connector type,sensor,mobile_app,d3d4a1e564cde98d93cd13e634221160,Julius smartphone,Mobiel,device,diagnostic,,0,True,no labels at all,integration,
sensor.mobiel_julius_smartphone_julius_car_fuel,Julius Car fuel,sensor,mobile_app,d3d4a1e564cde98d93cd13e634221160,Julius smartphone,Mobiel,device,,,0,True,no labels at all,integration,
sensor.mobiel_julius_smartphone_julius_car_fuel_type,Julius Car fuel type,sensor,mobile_app,d3d4a1e564cde98d93cd13e634221160,Julius smartphone,Mobiel,device,diagnostic,,0,True,no labels at all,integration,
sensor.mobiel_julius_smartphone_julius_car_name,Julius Car name,sensor,mobile_app,d3d4a1e564cde98d93cd13e634221160,Julius smartphone,Mobiel,device,,,0,True,no labels at all,integration,
sensor.mobiel_julius_smartphone_julius_car_odometer,Julius Car odometer,sensor,mobile_app,d3d4a1e564cde98d93cd13e634221160,Julius smartphone,Mobiel,device,,,0,True,no labels at all,integration,
sensor.mobiel_julius_smartphone_julius_car_range_remaining,Julius Car range remaining,sensor,mobile_app,d3d4a1e564cde98d93cd13e634221160,Julius smartphone,Mobiel,device,diagnostic,,0,True,no labels at all,integration,
sensor.mobiel_julius_smartphone_julius_car_speed,Julius Car speed,sensor,mobile_app,d3d4a1e564cde98d93cd13e634221160,Julius smartphone,Mobiel,device,,,0,True,no labels at all,integration,
sensor.mobiel_julius_smartphone_julius_current_time_zone,Julius Current time zone,sensor,mobile_app,d3d4a1e564cde98d93cd13e634221160,Julius smartphone,Mobiel,device,diagnostic,,0,True,no labels at all,integration,
sensor.mobiel_julius_smartphone_julius_current_version,Julius Current version,sensor,mobile_app,d3d4a1e564cde98d93cd13e634221160,Julius smartphone,Mobiel,device,diagnostic,,0,True,no labels at all,integration,
sensor.mobiel_julius_smartphone_julius_data_network_type_sim_1,Julius Data network type (SIM 1),sensor,mobile_app,d3d4a1e564cde98d93cd13e634221160,Julius smartphone,Mobiel,device,diagnostic,,0,True,no labels at all,integration,
sensor.mobiel_julius_smartphone_julius_data_network_type_sim_2,Julius Data network type (SIM 2),sensor,mobile_app,d3d4a1e564cde98d93cd13e634221160,Julius smartphone,Mobiel,device,diagnostic,,0,True,no labels at all,integration,
sensor.mobiel_julius_smartphone_julius_detected_activity,Julius Detected activity,sensor,mobile_app,d3d4a1e564cde98d93cd13e634221160,Julius smartphone,Mobiel,device,,,0,True,no labels at all,integration,
binary_sensor.mobiel_julius_smartphone_julius_device_locked,Julius Device locked,binary_sensor,mobile_app,d3d4a1e564cde98d93cd13e634221160,Julius smartphone,Mobiel,device,diagnostic,,0,True,no labels at all,integration,
binary_sensor.mobiel_julius_smartphone_julius_device_secure,Julius Device secure,binary_sensor,mobile_app,d3d4a1e564cde98d93cd13e634221160,Julius smartphone,Mobiel,device,diagnostic,,0,True,no labels at all,integration,
sensor.mobiel_julius_smartphone_julius_do_not_disturb_sensor,Julius Do Not Disturb sensor,sensor,mobile_app,d3d4a1e564cde98d93cd13e634221160,Julius smartphone,Mobiel,device,diagnostic,,0,True,no labels at all,integration,
binary_sensor.mobiel_julius_smartphone_julius_doze_mode,Julius Doze mode,binary_sensor,mobile_app,d3d4a1e564cde98d93cd13e634221160,Julius smartphone,Mobiel,device,diagnostic,,0,True,no labels at all,integration,
sensor.mobiel_julius_smartphone_julius_external_storage,Julius External storage,sensor,mobile_app,d3d4a1e564cde98d93cd13e634221160,Julius smartphone,Mobiel,device,diagnostic,,0,True,no labels at all,integration,
sensor.mobiel_julius_smartphone_julius_geocoded_location,Julius Geocoded location,sensor,mobile_app,d3d4a1e564cde98d93cd13e634221160,Julius smartphone,Mobiel,device,,Sensor,1,False,"missing category: brand, protocol",,
binary_sensor.mobiel_julius_smartphone_julius_headphones,Julius Headphones,binary_sensor,mobile_app,d3d4a1e564cde98d93cd13e634221160,Julius smartphone,Mobiel,device,,,0,True,no labels at all,integration,
binary_sensor.mobiel_julius_smartphone_julius_high_accuracy_mode,Julius High accuracy mode,binary_sensor,mobile_app,d3d4a1e564cde98d93cd13e634221160,Julius smartphone,Mobiel,device,diagnostic,,0,True,no labels at all,integration,
sensor.mobiel_julius_smartphone_julius_high_accuracy_update_interval,Julius High accuracy update interval,sensor,mobile_app,d3d4a1e564cde98d93cd13e634221160,Julius smartphone,Mobiel,device,diagnostic,,0,True,no labels at all,integration,
binary_sensor.mobiel_julius_smartphone_julius_hotspot_state,Julius Hotspot state,binary_sensor,mobile_app,d3d4a1e564cde98d93cd13e634221160,Julius smartphone,Mobiel,device,diagnostic,,0,True,no labels at all,integration,
binary_sensor.mobiel_julius_smartphone_julius_interactive,Julius Interactive,binary_sensor,mobile_app,d3d4a1e564cde98d93cd13e634221160,Julius smartphone,Mobiel,device,diagnostic,,0,True,no labels at all,integration,
sensor.mobiel_julius_smartphone_julius_internal_storage,Julius Internal storage,sensor,mobile_app,d3d4a1e564cde98d93cd13e634221160,Julius smartphone,Mobiel,device,diagnostic,,0,True,no labels at all,integration,
sensor.mobiel_julius_smartphone_julius_ipv6_addresses,Julius IPv6 addresses,sensor,mobile_app,d3d4a1e564cde98d93cd13e634221160,Julius smartphone,Mobiel,device,diagnostic,,0,True,no labels at all,integration,
binary_sensor.mobiel_julius_smartphone_julius_is_charging,Julius Is charging,binary_sensor,mobile_app,d3d4a1e564cde98d93cd13e634221160,Julius smartphone,Mobiel,device,diagnostic,,0,True,no labels at all,integration,
binary_sensor.mobiel_julius_smartphone_julius_keyguard_locked,Julius Keyguard locked,binary_sensor,mobile_app,d3d4a1e564cde98d93cd13e634221160,Julius smartphone,Mobiel,device,diagnostic,,0,True,no labels at all,integration,
binary_sensor.mobiel_julius_smartphone_julius_keyguard_secure,Julius Keyguard secure,binary_sensor,mobile_app,d3d4a1e564cde98d93cd13e634221160,Julius smartphone,Mobiel,device,diagnostic,,0,True,no labels at all,integration,
sensor.mobiel_julius_smartphone_julius_last_notification,Julius Last notification,sensor,mobile_app,d3d4a1e564cde98d93cd13e634221160,Julius smartphone,Mobiel,device,,,0,True,no labels at all,integration,
sensor.mobiel_julius_smartphone_julius_last_reboot,Julius Last reboot,sensor,mobile_app,d3d4a1e564cde98d93cd13e634221160,Julius smartphone,Mobiel,device,diagnostic,,0,True,no labels at all,integration,
sensor.mobiel_julius_smartphone_julius_last_removed_notification,Julius Last removed notification,sensor,mobile_app,d3d4a1e564cde98d93cd13e634221160,Julius smartphone,Mobiel,device,,,0,True,no labels at all,integration,
sensor.mobiel_julius_smartphone_julius_last_update_trigger,Julius Last update trigger,sensor,mobile_app,d3d4a1e564cde98d93cd13e634221160,Julius smartphone,Mobiel,device,diagnostic,,0,True,no labels at all,integration,
sensor.mobiel_julius_smartphone_julius_last_used_app,Julius Last used app,sensor,mobile_app,d3d4a1e564cde98d93cd13e634221160,Julius smartphone,Mobiel,device,,,0,True,no labels at all,integration,
sensor.mobiel_julius_smartphone_julius_light_sensor,Julius Light sensor,sensor,mobile_app,d3d4a1e564cde98d93cd13e634221160,Julius smartphone,Mobiel,device,,,0,True,no labels at all,integration,
sensor.mobiel_julius_smartphone_julius_media_session,Julius Media session,sensor,mobile_app,d3d4a1e564cde98d93cd13e634221160,Julius smartphone,Mobiel,device,,,0,True,no labels at all,integration,
binary_sensor.mobiel_julius_smartphone_julius_mic_muted,Julius Mic muted,binary_sensor,mobile_app,d3d4a1e564cde98d93cd13e634221160,Julius smartphone,Mobiel,device,,,0,True,no labels at all,integration,
binary_sensor.mobiel_julius_smartphone_julius_mobile_data,Julius Mobile data,binary_sensor,mobile_app,d3d4a1e564cde98d93cd13e634221160,Julius smartphone,Mobiel,device,diagnostic,,0,True,no labels at all,integration,
binary_sensor.mobiel_julius_smartphone_julius_mobile_data_roaming,Julius Mobile data roaming,binary_sensor,mobile_app,d3d4a1e564cde98d93cd13e634221160,Julius smartphone,Mobiel,device,diagnostic,,0,True,no labels at all,integration,
sensor.mobiel_julius_smartphone_julius_mobile_rx_gb,Julius Mobile Rx GB,sensor,mobile_app,d3d4a1e564cde98d93cd13e634221160,Julius smartphone,Mobiel,device,diagnostic,,0,True,no labels at all,integration,
sensor.mobiel_julius_smartphone_julius_mobile_tx_gb,Julius Mobile Tx GB,sensor,mobile_app,d3d4a1e564cde98d93cd13e634221160,Julius smartphone,Mobiel,device,diagnostic,,0,True,no labels at all,integration,
binary_sensor.mobiel_julius_smartphone_julius_music_active,Julius Music active,binary_sensor,mobile_app,d3d4a1e564cde98d93cd13e634221160,Julius smartphone,Mobiel,device,,,0,True,no labels at all,integration,
sensor.mobiel_julius_smartphone_julius_network_type,Julius Network type,sensor,mobile_app,d3d4a1e564cde98d93cd13e634221160,Julius smartphone,Mobiel,device,diagnostic,,0,True,no labels at all,integration,
sensor.mobiel_julius_smartphone_julius_next_alarm,Julius Next alarm,sensor,mobile_app,d3d4a1e564cde98d93cd13e634221160,Julius smartphone,Mobiel,device,,,0,True,no labels at all,integration,
binary_sensor.mobiel_julius_smartphone_julius_nfc_state,Julius NFC state,binary_sensor,mobile_app,d3d4a1e564cde98d93cd13e634221160,Julius smartphone,Mobiel,device,diagnostic,,0,True,no labels at all,integration,
sensor.mobiel_julius_smartphone_julius_os_version,Julius OS version,sensor,mobile_app,d3d4a1e564cde98d93cd13e634221160,Julius smartphone,Mobiel,device,diagnostic,,0,True,no labels at all,integration,
sensor.mobiel_julius_smartphone_julius_phone_state,Julius Phone state,sensor,mobile_app,d3d4a1e564cde98d93cd13e634221160,Julius smartphone,Mobiel,device,,,0,True,no labels at all,integration,
binary_sensor.mobiel_julius_smartphone_julius_power_save,Julius Power save,binary_sensor,mobile_app,d3d4a1e564cde98d93cd13e634221160,Julius smartphone,Mobiel,device,diagnostic,,0,True,no labels at all,integration,
sensor.mobiel_julius_smartphone_julius_proximity_sensor,Julius Proximity sensor,sensor,mobile_app,d3d4a1e564cde98d93cd13e634221160,Julius smartphone,Mobiel,device,diagnostic,,0,True,no labels at all,integration,
sensor.mobiel_julius_smartphone_julius_public_ip_address,Julius Public IP address,sensor,mobile_app,d3d4a1e564cde98d93cd13e634221160,Julius smartphone,Mobiel,device,diagnostic,,0,True,no labels at all,integration,
sensor.mobiel_julius_smartphone_julius_remaining_charge_time,Julius Remaining charge time,sensor,mobile_app,d3d4a1e564cde98d93cd13e634221160,Julius smartphone,Mobiel,device,diagnostic,,0,True,no labels at all,integration,
sensor.mobiel_julius_smartphone_julius_ringer_mode,Julius Ringer mode,sensor,mobile_app,d3d4a1e564cde98d93cd13e634221160,Julius smartphone,Mobiel,device,,,0,True,no labels at all,integration,
sensor.mobiel_julius_smartphone_julius_screen_brightness,Julius Screen brightness,sensor,mobile_app,d3d4a1e564cde98d93cd13e634221160,Julius smartphone,Mobiel,device,,,0,True,no labels at all,integration,
sensor.mobiel_julius_smartphone_julius_screen_off_timeout,Julius Screen off timeout,sensor,mobile_app,d3d4a1e564cde98d93cd13e634221160,Julius smartphone,Mobiel,device,,,0,True,no labels at all,integration,
sensor.mobiel_julius_smartphone_julius_screen_orientation,Julius Screen orientation,sensor,mobile_app,d3d4a1e564cde98d93cd13e634221160,Julius smartphone,Mobiel,device,,,0,True,no labels at all,integration,
sensor.mobiel_julius_smartphone_julius_screen_rotation,Julius Screen rotation,sensor,mobile_app,d3d4a1e564cde98d93cd13e634221160,Julius smartphone,Mobiel,device,,,0,True,no labels at all,integration,
sensor.mobiel_julius_smartphone_julius_security_patch,Julius Security patch,sensor,mobile_app,d3d4a1e564cde98d93cd13e634221160,Julius smartphone,Mobiel,device,diagnostic,,0,True,no labels at all,integration,
sensor.mobiel_julius_smartphone_julius_signal_strength_sim_1,Julius Signal strength (SIM 1),sensor,mobile_app,d3d4a1e564cde98d93cd13e634221160,Julius smartphone,Mobiel,device,diagnostic,,0,True,no labels at all,integration,
sensor.mobiel_julius_smartphone_julius_signal_strength_sim_2,Julius Signal strength (SIM 2),sensor,mobile_app,d3d4a1e564cde98d93cd13e634221160,Julius smartphone,Mobiel,device,diagnostic,,0,True,no labels at all,integration,
sensor.mobiel_julius_smartphone_julius_sim_1,Julius SIM 1,sensor,mobile_app,d3d4a1e564cde98d93cd13e634221160,Julius smartphone,Mobiel,device,diagnostic,,0,True,no labels at all,integration,
sensor.mobiel_julius_smartphone_julius_sim_2,Julius SIM 2,sensor,mobile_app,d3d4a1e564cde98d93cd13e634221160,Julius smartphone,Mobiel,device,diagnostic,,0,True,no labels at all,integration,
sensor.mobiel_julius_smartphone_julius_sleep_confidence,Julius Sleep confidence,sensor,mobile_app,d3d4a1e564cde98d93cd13e634221160,Julius smartphone,Mobiel,device,,,0,True,no labels at all,integration,
sensor.mobiel_julius_smartphone_julius_sleep_segment,Julius Sleep segment,sensor,mobile_app,d3d4a1e564cde98d93cd13e634221160,Julius smartphone,Mobiel,device,,,0,True,no labels at all,integration,
device_tracker.mobiel_julius_smartphone,Julius smartphone,device_tracker,mobile_app,d3d4a1e564cde98d93cd13e634221160,Julius smartphone,Mobiel,device,diagnostic,,0,True,no labels at all,,
notify.mobiel_julius_smartphone,,notify,mobile_app,d3d4a1e564cde98d93cd13e634221160,Julius smartphone,Mobiel,device,,,0,True,no labels at all,,
binary_sensor.mobiel_julius_smartphone_julius_speakerphone,Julius Speakerphone,binary_sensor,mobile_app,d3d4a1e564cde98d93cd13e634221160,Julius smartphone,Mobiel,device,,,0,True,no labels at all,integration,
sensor.mobiel_julius_smartphone_julius_steps_sensor,Julius Steps sensor,sensor,mobile_app,d3d4a1e564cde98d93cd13e634221160,Julius smartphone,Mobiel,device,,,0,True,no labels at all,integration,
sensor.mobiel_julius_smartphone_julius_total_rx_gb,Julius Total Rx GB,sensor,mobile_app,d3d4a1e564cde98d93cd13e634221160,Julius smartphone,Mobiel,device,diagnostic,,0,True,no labels at all,integration,
sensor.mobiel_julius_smartphone_julius_total_tx_gb,Julius Total Tx GB,sensor,mobile_app,d3d4a1e564cde98d93cd13e634221160,Julius smartphone,Mobiel,device,diagnostic,,0,True,no labels at all,integration,
sensor.mobiel_julius_smartphone_julius_volume_level_accessibility,Julius Volume level accessibility,sensor,mobile_app,d3d4a1e564cde98d93cd13e634221160,Julius smartphone,Mobiel,device,diagnostic,,0,True,no labels at all,integration,
sensor.mobiel_julius_smartphone_julius_volume_level_alarm,Julius Volume level alarm,sensor,mobile_app,d3d4a1e564cde98d93cd13e634221160,Julius smartphone,Mobiel,device,diagnostic,,0,True,no labels at all,integration,
sensor.mobiel_julius_smartphone_julius_volume_level_call,Julius Volume level call,sensor,mobile_app,d3d4a1e564cde98d93cd13e634221160,Julius smartphone,Mobiel,device,diagnostic,,0,True,no labels at all,integration,
sensor.mobiel_julius_smartphone_julius_volume_level_dtmf,Julius Volume level DTMF,sensor,mobile_app,d3d4a1e564cde98d93cd13e634221160,Julius smartphone,Mobiel,device,diagnostic,,0,True,no labels at all,integration,
sensor.mobiel_julius_smartphone_julius_volume_level_music,Julius Volume level music,sensor,mobile_app,d3d4a1e564cde98d93cd13e634221160,Julius smartphone,Mobiel,device,diagnostic,,0,True,no labels at all,integration,
sensor.mobiel_julius_smartphone_julius_volume_level_notification,Julius Volume level notification,sensor,mobile_app,d3d4a1e564cde98d93cd13e634221160,Julius smartphone,Mobiel,device,diagnostic,,0,True,no labels at all,integration,
sensor.mobiel_julius_smartphone_julius_volume_level_ringer,Julius Volume level ringer,sensor,mobile_app,d3d4a1e564cde98d93cd13e634221160,Julius smartphone,Mobiel,device,diagnostic,,0,True,no labels at all,integration,
sensor.mobiel_julius_smartphone_julius_volume_level_system,Julius Volume level system,sensor,mobile_app,d3d4a1e564cde98d93cd13e634221160,Julius smartphone,Mobiel,device,diagnostic,,0,True,no labels at all,integration,
sensor.mobiel_julius_smartphone_julius_wi_fi_bssid,Julius Wi-Fi BSSID,sensor,mobile_app,d3d4a1e564cde98d93cd13e634221160,Julius smartphone,Mobiel,device,diagnostic,,0,True,no labels at all,integration,
sensor.mobiel_julius_smartphone_julius_wi_fi_connection,Julius Wi-Fi connection,sensor,mobile_app,d3d4a1e564cde98d93cd13e634221160,Julius smartphone,Mobiel,device,diagnostic,,0,True,no labels at all,integration,
sensor.mobiel_julius_smartphone_julius_wi_fi_frequency,Julius Wi-Fi frequency,sensor,mobile_app,d3d4a1e564cde98d93cd13e634221160,Julius smartphone,Mobiel,device,diagnostic,,0,True,no labels at all,integration,
sensor.mobiel_julius_smartphone_julius_wi_fi_ip_address,Julius Wi-Fi IP address,sensor,mobile_app,d3d4a1e564cde98d93cd13e634221160,Julius smartphone,Mobiel,device,diagnostic,,0,True,no labels at all,integration,
sensor.mobiel_julius_smartphone_julius_wi_fi_link_speed,Julius Wi-Fi link speed,sensor,mobile_app,d3d4a1e564cde98d93cd13e634221160,Julius smartphone,Mobiel,device,diagnostic,,0,True,no labels at all,integration,
sensor.mobiel_julius_smartphone_julius_wi_fi_signal_strength,Julius Wi-Fi signal strength,sensor,mobile_app,d3d4a1e564cde98d93cd13e634221160,Julius smartphone,Mobiel,device,diagnostic,,0,True,no labels at all,integration,
binary_sensor.mobiel_julius_smartphone_julius_wi_fi_state,Julius Wi-Fi state,binary_sensor,mobile_app,d3d4a1e564cde98d93cd13e634221160,Julius smartphone,Mobiel,device,diagnostic,,0,True,no labels at all,integration,
binary_sensor.mobiel_julius_smartphone_julius_work_profile,Julius Work profile,binary_sensor,mobile_app,d3d4a1e564cde98d93cd13e634221160,Julius smartphone,Mobiel,device,,,0,True,no labels at all,integration,
sensor.woonkamer_klein_tablet_active_notification_count,Klein tablet Active notification count,sensor,mobile_app,724653b129153fad51b38581abdbd030,Klein tablet,Woonkamer,device,,,0,True,no labels at all,integration,
binary_sensor.woonkamer_klein_tablet_android_auto,Klein tablet Android Auto,binary_sensor,mobile_app,724653b129153fad51b38581abdbd030,Klein tablet,Woonkamer,device,,,0,True,no labels at all,integration,
sensor.woonkamer_klein_tablet_app_importance,Klein tablet App importance,sensor,mobile_app,724653b129153fad51b38581abdbd030,Klein tablet,Woonkamer,device,diagnostic,,0,True,no labels at all,integration,
binary_sensor.woonkamer_klein_tablet_app_inactive,Klein tablet App inactive,binary_sensor,mobile_app,724653b129153fad51b38581abdbd030,Klein tablet,Woonkamer,device,diagnostic,,0,True,no labels at all,integration,
sensor.woonkamer_klein_tablet_app_memory,Klein tablet App memory,sensor,mobile_app,724653b129153fad51b38581abdbd030,Klein tablet,Woonkamer,device,diagnostic,,0,True,no labels at all,integration,
sensor.woonkamer_klein_tablet_app_rx_gb,Klein tablet App Rx GB,sensor,mobile_app,724653b129153fad51b38581abdbd030,Klein tablet,Woonkamer,device,diagnostic,,0,True,no labels at all,integration,
sensor.woonkamer_klein_tablet_app_standby_bucket,Klein tablet App standby bucket,sensor,mobile_app,724653b129153fad51b38581abdbd030,Klein tablet,Woonkamer,device,diagnostic,,0,True,no labels at all,integration,
sensor.woonkamer_klein_tablet_app_tx_gb,Klein tablet App Tx GB,sensor,mobile_app,724653b129153fad51b38581abdbd030,Klein tablet,Woonkamer,device,diagnostic,,0,True,no labels at all,integration,
sensor.woonkamer_klein_tablet_audio_mode,Klein tablet Audio mode,sensor,mobile_app,724653b129153fad51b38581abdbd030,Klein tablet,Woonkamer,device,,,0,True,no labels at all,integration,
sensor.woonkamer_klein_tablet_battery_health,Klein tablet Battery health,sensor,mobile_app,724653b129153fad51b38581abdbd030,Klein tablet,Woonkamer,device,diagnostic,,0,True,no labels at all,integration,
sensor.woonkamer_klein_tablet_battery_level,Klein tablet Battery level,sensor,mobile_app,724653b129153fad51b38581abdbd030,Klein tablet,Woonkamer,device,diagnostic,Sensor,1,False,"missing category: brand, protocol",,
sensor.woonkamer_klein_tablet_battery_power,Klein tablet Battery power,sensor,mobile_app,724653b129153fad51b38581abdbd030,Klein tablet,Woonkamer,device,diagnostic,,0,True,no labels at all,integration,
sensor.woonkamer_klein_tablet_battery_state,Klein tablet Battery state,sensor,mobile_app,724653b129153fad51b38581abdbd030,Klein tablet,Woonkamer,device,diagnostic,Sensor,1,False,"missing category: brand, protocol",,
sensor.woonkamer_klein_tablet_battery_temperature,Klein tablet Battery temperature,sensor,mobile_app,724653b129153fad51b38581abdbd030,Klein tablet,Woonkamer,device,diagnostic,,0,True,no labels at all,integration,
sensor.woonkamer_klein_tablet_beacon_monitor,Klein tablet Beacon monitor,sensor,mobile_app,724653b129153fad51b38581abdbd030,Klein tablet,Woonkamer,device,diagnostic,,0,True,no labels at all,integration,
sensor.woonkamer_klein_tablet_ble_transmitter,Klein tablet BLE transmitter,sensor,mobile_app,724653b129153fad51b38581abdbd030,Klein tablet,Woonkamer,device,diagnostic,,0,True,no labels at all,integration,
sensor.woonkamer_klein_tablet_bluetooth_connection,Klein tablet Bluetooth connection,sensor,mobile_app,724653b129153fad51b38581abdbd030,Klein tablet,Woonkamer,device,,,0,True,no labels at all,integration,
binary_sensor.woonkamer_klein_tablet_bluetooth_state,Klein tablet Bluetooth state,binary_sensor,mobile_app,724653b129153fad51b38581abdbd030,Klein tablet,Woonkamer,device,diagnostic,,0,True,no labels at all,integration,
sensor.woonkamer_klein_tablet_car_battery,Klein tablet Car battery,sensor,mobile_app,724653b129153fad51b38581abdbd030,Klein tablet,Woonkamer,device,diagnostic,,0,True,no labels at all,integration,
sensor.woonkamer_klein_tablet_car_charging_status,Klein tablet Car charging status,sensor,mobile_app,724653b129153fad51b38581abdbd030,Klein tablet,Woonkamer,device,,,0,True,no labels at all,integration,
sensor.woonkamer_klein_tablet_car_ev_connector_type,Klein tablet Car EV connector type,sensor,mobile_app,724653b129153fad51b38581abdbd030,Klein tablet,Woonkamer,device,diagnostic,,0,True,no labels at all,integration,
sensor.woonkamer_klein_tablet_car_fuel,Klein tablet Car fuel,sensor,mobile_app,724653b129153fad51b38581abdbd030,Klein tablet,Woonkamer,device,,,0,True,no labels at all,integration,
sensor.woonkamer_klein_tablet_car_fuel_type,Klein tablet Car fuel type,sensor,mobile_app,724653b129153fad51b38581abdbd030,Klein tablet,Woonkamer,device,diagnostic,,0,True,no labels at all,integration,
sensor.woonkamer_klein_tablet_car_name,Klein tablet Car name,sensor,mobile_app,724653b129153fad51b38581abdbd030,Klein tablet,Woonkamer,device,,,0,True,no labels at all,integration,
sensor.woonkamer_klein_tablet_car_odometer,Klein tablet Car odometer,sensor,mobile_app,724653b129153fad51b38581abdbd030,Klein tablet,Woonkamer,device,,,0,True,no labels at all,integration,
sensor.woonkamer_klein_tablet_car_range_remaining,Klein tablet Car range remaining,sensor,mobile_app,724653b129153fad51b38581abdbd030,Klein tablet,Woonkamer,device,diagnostic,,0,True,no labels at all,integration,
sensor.woonkamer_klein_tablet_car_speed,Klein tablet Car speed,sensor,mobile_app,724653b129153fad51b38581abdbd030,Klein tablet,Woonkamer,device,,,0,True,no labels at all,integration,
sensor.woonkamer_klein_tablet_charger_type,Klein tablet Charger type,sensor,mobile_app,724653b129153fad51b38581abdbd030,Klein tablet,Woonkamer,device,diagnostic,Sensor,1,False,"missing category: brand, protocol",,
sensor.woonkamer_klein_tablet_current_time_zone,Klein tablet Current time zone,sensor,mobile_app,724653b129153fad51b38581abdbd030,Klein tablet,Woonkamer,device,diagnostic,,0,True,no labels at all,integration,
sensor.woonkamer_klein_tablet_current_version,Klein tablet Current version,sensor,mobile_app,724653b129153fad51b38581abdbd030,Klein tablet,Woonkamer,device,diagnostic,,0,True,no labels at all,integration,
sensor.woonkamer_klein_tablet_detected_activity,Klein tablet Detected activity,sensor,mobile_app,724653b129153fad51b38581abdbd030,Klein tablet,Woonkamer,device,,,0,True,no labels at all,integration,
binary_sensor.woonkamer_klein_tablet_device_locked,Klein tablet Device locked,binary_sensor,mobile_app,724653b129153fad51b38581abdbd030,Klein tablet,Woonkamer,device,diagnostic,,0,True,no labels at all,integration,
binary_sensor.woonkamer_klein_tablet_device_secure,Klein tablet Device secure,binary_sensor,mobile_app,724653b129153fad51b38581abdbd030,Klein tablet,Woonkamer,device,diagnostic,,0,True,no labels at all,integration,
sensor.woonkamer_klein_tablet_do_not_disturb_sensor,Klein tablet Do Not Disturb sensor,sensor,mobile_app,724653b129153fad51b38581abdbd030,Klein tablet,Woonkamer,device,diagnostic,,0,True,no labels at all,integration,
binary_sensor.woonkamer_klein_tablet_doze_mode,Klein tablet Doze mode,binary_sensor,mobile_app,724653b129153fad51b38581abdbd030,Klein tablet,Woonkamer,device,diagnostic,,0,True,no labels at all,integration,
sensor.woonkamer_klein_tablet_external_storage,Klein tablet External storage,sensor,mobile_app,724653b129153fad51b38581abdbd030,Klein tablet,Woonkamer,device,diagnostic,,0,True,no labels at all,integration,
sensor.woonkamer_klein_tablet_geocoded_location,Klein tablet Geocoded location,sensor,mobile_app,724653b129153fad51b38581abdbd030,Klein tablet,Woonkamer,device,,,0,True,no labels at all,integration,
binary_sensor.woonkamer_klein_tablet_headphones,Klein tablet Headphones,binary_sensor,mobile_app,724653b129153fad51b38581abdbd030,Klein tablet,Woonkamer,device,,,0,True,no labels at all,integration,
binary_sensor.woonkamer_klein_tablet_high_accuracy_mode,Klein tablet High accuracy mode,binary_sensor,mobile_app,724653b129153fad51b38581abdbd030,Klein tablet,Woonkamer,device,diagnostic,,0,True,no labels at all,integration,
sensor.woonkamer_klein_tablet_high_accuracy_update_interval,Klein tablet High accuracy update interval,sensor,mobile_app,724653b129153fad51b38581abdbd030,Klein tablet,Woonkamer,device,diagnostic,,0,True,no labels at all,integration,
binary_sensor.woonkamer_klein_tablet_hotspot_state,Klein tablet Hotspot state,binary_sensor,mobile_app,724653b129153fad51b38581abdbd030,Klein tablet,Woonkamer,device,diagnostic,,0,True,no labels at all,integration,
binary_sensor.woonkamer_klein_tablet_interactive,Klein tablet Interactive,binary_sensor,mobile_app,724653b129153fad51b38581abdbd030,Klein tablet,Woonkamer,device,diagnostic,,0,True,no labels at all,integration,
sensor.woonkamer_klein_tablet_internal_storage,Klein tablet Internal storage,sensor,mobile_app,724653b129153fad51b38581abdbd030,Klein tablet,Woonkamer,device,diagnostic,,0,True,no labels at all,integration,
sensor.woonkamer_klein_tablet_ipv6_addresses,Klein tablet IPv6 addresses,sensor,mobile_app,724653b129153fad51b38581abdbd030,Klein tablet,Woonkamer,device,diagnostic,,0,True,no labels at all,integration,
binary_sensor.woonkamer_klein_tablet_is_charging,Klein tablet Is charging,binary_sensor,mobile_app,724653b129153fad51b38581abdbd030,Klein tablet,Woonkamer,device,diagnostic,,0,True,no labels at all,integration,
binary_sensor.woonkamer_klein_tablet_keyguard_locked,Klein tablet Keyguard locked,binary_sensor,mobile_app,724653b129153fad51b38581abdbd030,Klein tablet,Woonkamer,device,diagnostic,,0,True,no labels at all,integration,
binary_sensor.woonkamer_klein_tablet_keyguard_secure,Klein tablet Keyguard secure,binary_sensor,mobile_app,724653b129153fad51b38581abdbd030,Klein tablet,Woonkamer,device,diagnostic,,0,True,no labels at all,integration,
device_tracker.woonkamer_klein_tablet,Klein tablet,device_tracker,mobile_app,724653b129153fad51b38581abdbd030,Klein tablet,Woonkamer,device,diagnostic,,0,True,no labels at all,,
notify.woonkamer_klein_tablet,,notify,mobile_app,724653b129153fad51b38581abdbd030,Klein tablet,Woonkamer,device,,,0,True,no labels at all,,
sensor.woonkamer_klein_tablet_last_notification,Klein tablet Last notification,sensor,mobile_app,724653b129153fad51b38581abdbd030,Klein tablet,Woonkamer,device,,,0,True,no labels at all,integration,
sensor.woonkamer_klein_tablet_last_reboot,Klein tablet Last reboot,sensor,mobile_app,724653b129153fad51b38581abdbd030,Klein tablet,Woonkamer,device,diagnostic,,0,True,no labels at all,integration,
sensor.woonkamer_klein_tablet_last_removed_notification,Klein tablet Last removed notification,sensor,mobile_app,724653b129153fad51b38581abdbd030,Klein tablet,Woonkamer,device,,,0,True,no labels at all,integration,
sensor.woonkamer_klein_tablet_last_update_trigger,Klein tablet Last update trigger,sensor,mobile_app,724653b129153fad51b38581abdbd030,Klein tablet,Woonkamer,device,diagnostic,,0,True,no labels at all,integration,
sensor.woonkamer_klein_tablet_last_used_app,Klein tablet Last used app,sensor,mobile_app,724653b129153fad51b38581abdbd030,Klein tablet,Woonkamer,device,,,0,True,no labels at all,integration,
sensor.woonkamer_klein_tablet_light_sensor,Klein tablet Light sensor,sensor,mobile_app,724653b129153fad51b38581abdbd030,Klein tablet,Woonkamer,device,,,0,True,no labels at all,integration,
sensor.woonkamer_klein_tablet_media_session,Klein tablet Media session,sensor,mobile_app,724653b129153fad51b38581abdbd030,Klein tablet,Woonkamer,device,,,0,True,no labels at all,integration,
binary_sensor.woonkamer_klein_tablet_mic_muted,Klein tablet Mic muted,binary_sensor,mobile_app,724653b129153fad51b38581abdbd030,Klein tablet,Woonkamer,device,,,0,True,no labels at all,integration,
binary_sensor.woonkamer_klein_tablet_music_active,Klein tablet Music active,binary_sensor,mobile_app,724653b129153fad51b38581abdbd030,Klein tablet,Woonkamer,device,,,0,True,no labels at all,integration,
sensor.woonkamer_klein_tablet_network_type,Klein tablet Network type,sensor,mobile_app,724653b129153fad51b38581abdbd030,Klein tablet,Woonkamer,device,diagnostic,,0,True,no labels at all,integration,
sensor.woonkamer_klein_tablet_next_alarm,Klein tablet Next alarm,sensor,mobile_app,724653b129153fad51b38581abdbd030,Klein tablet,Woonkamer,device,,,0,True,no labels at all,integration,
sensor.woonkamer_klein_tablet_os_version,Klein tablet OS version,sensor,mobile_app,724653b129153fad51b38581abdbd030,Klein tablet,Woonkamer,device,diagnostic,,0,True,no labels at all,integration,
binary_sensor.woonkamer_klein_tablet_power_save,Klein tablet Power save,binary_sensor,mobile_app,724653b129153fad51b38581abdbd030,Klein tablet,Woonkamer,device,diagnostic,,0,True,no labels at all,integration,
sensor.woonkamer_klein_tablet_proximity_sensor,Klein tablet Proximity sensor,sensor,mobile_app,724653b129153fad51b38581abdbd030,Klein tablet,Woonkamer,device,diagnostic,,0,True,no labels at all,integration,
sensor.woonkamer_klein_tablet_public_ip_address,Klein tablet Public IP address,sensor,mobile_app,724653b129153fad51b38581abdbd030,Klein tablet,Woonkamer,device,diagnostic,,0,True,no labels at all,integration,
sensor.woonkamer_klein_tablet_remaining_charge_time,Klein tablet Remaining charge time,sensor,mobile_app,724653b129153fad51b38581abdbd030,Klein tablet,Woonkamer,device,diagnostic,,0,True,no labels at all,integration,
sensor.woonkamer_klein_tablet_ringer_mode,Klein tablet Ringer mode,sensor,mobile_app,724653b129153fad51b38581abdbd030,Klein tablet,Woonkamer,device,,,0,True,no labels at all,integration,
sensor.woonkamer_klein_tablet_screen_brightness,Klein tablet Screen brightness,sensor,mobile_app,724653b129153fad51b38581abdbd030,Klein tablet,Woonkamer,device,,,0,True,no labels at all,integration,
sensor.woonkamer_klein_tablet_screen_off_timeout,Klein tablet Screen off timeout,sensor,mobile_app,724653b129153fad51b38581abdbd030,Klein tablet,Woonkamer,device,,,0,True,no labels at all,integration,
sensor.woonkamer_klein_tablet_screen_orientation,Klein tablet Screen orientation,sensor,mobile_app,724653b129153fad51b38581abdbd030,Klein tablet,Woonkamer,device,,,0,True,no labels at all,integration,
sensor.woonkamer_klein_tablet_screen_rotation,Klein tablet Screen rotation,sensor,mobile_app,724653b129153fad51b38581abdbd030,Klein tablet,Woonkamer,device,,,0,True,no labels at all,integration,
sensor.woonkamer_klein_tablet_security_patch,Klein tablet Security patch,sensor,mobile_app,724653b129153fad51b38581abdbd030,Klein tablet,Woonkamer,device,diagnostic,,0,True,no labels at all,integration,
sensor.woonkamer_klein_tablet_sleep_confidence,Klein tablet Sleep confidence,sensor,mobile_app,724653b129153fad51b38581abdbd030,Klein tablet,Woonkamer,device,,,0,True,no labels at all,integration,
sensor.woonkamer_klein_tablet_sleep_segment,Klein tablet Sleep segment,sensor,mobile_app,724653b129153fad51b38581abdbd030,Klein tablet,Woonkamer,device,,,0,True,no labels at all,integration,
binary_sensor.woonkamer_klein_tablet_speakerphone,Klein tablet Speakerphone,binary_sensor,mobile_app,724653b129153fad51b38581abdbd030,Klein tablet,Woonkamer,device,,,0,True,no labels at all,integration,
sensor.woonkamer_klein_tablet_steps_sensor,Klein tablet Steps sensor,sensor,mobile_app,724653b129153fad51b38581abdbd030,Klein tablet,Woonkamer,device,,,0,True,no labels at all,integration,
sensor.woonkamer_klein_tablet_total_rx_gb,Klein tablet Total Rx GB,sensor,mobile_app,724653b129153fad51b38581abdbd030,Klein tablet,Woonkamer,device,diagnostic,,0,True,no labels at all,integration,
sensor.woonkamer_klein_tablet_total_tx_gb,Klein tablet Total Tx GB,sensor,mobile_app,724653b129153fad51b38581abdbd030,Klein tablet,Woonkamer,device,diagnostic,,0,True,no labels at all,integration,
sensor.woonkamer_klein_tablet_volume_level_accessibility,Klein tablet Volume level accessibility,sensor,mobile_app,724653b129153fad51b38581abdbd030,Klein tablet,Woonkamer,device,diagnostic,,0,True,no labels at all,integration,
sensor.woonkamer_klein_tablet_volume_level_alarm,Klein tablet Volume level alarm,sensor,mobile_app,724653b129153fad51b38581abdbd030,Klein tablet,Woonkamer,device,diagnostic,,0,True,no labels at all,integration,
sensor.woonkamer_klein_tablet_volume_level_call,Klein tablet Volume level call,sensor,mobile_app,724653b129153fad51b38581abdbd030,Klein tablet,Woonkamer,device,diagnostic,,0,True,no labels at all,integration,
sensor.woonkamer_klein_tablet_volume_level_dtmf,Klein tablet Volume level DTMF,sensor,mobile_app,724653b129153fad51b38581abdbd030,Klein tablet,Woonkamer,device,diagnostic,,0,True,no labels at all,integration,
sensor.woonkamer_klein_tablet_volume_level_music,Klein tablet Volume level music,sensor,mobile_app,724653b129153fad51b38581abdbd030,Klein tablet,Woonkamer,device,diagnostic,,0,True,no labels at all,integration,
sensor.woonkamer_klein_tablet_volume_level_notification,Klein tablet Volume level notification,sensor,mobile_app,724653b129153fad51b38581abdbd030,Klein tablet,Woonkamer,device,diagnostic,,0,True,no labels at all,integration,
sensor.woonkamer_klein_tablet_volume_level_ringer,Klein tablet Volume level ringer,sensor,mobile_app,724653b129153fad51b38581abdbd030,Klein tablet,Woonkamer,device,diagnostic,,0,True,no labels at all,integration,
sensor.woonkamer_klein_tablet_volume_level_system,Klein tablet Volume level system,sensor,mobile_app,724653b129153fad51b38581abdbd030,Klein tablet,Woonkamer,device,diagnostic,,0,True,no labels at all,integration,
sensor.woonkamer_klein_tablet_wi_fi_bssid,Klein tablet Wi-Fi BSSID,sensor,mobile_app,724653b129153fad51b38581abdbd030,Klein tablet,Woonkamer,device,diagnostic,,0,True,no labels at all,integration,
sensor.woonkamer_klein_tablet_wi_fi_connection,Klein tablet Wi-Fi connection,sensor,mobile_app,724653b129153fad51b38581abdbd030,Klein tablet,Woonkamer,device,diagnostic,,0,True,no labels at all,integration,
sensor.woonkamer_klein_tablet_wi_fi_frequency,Klein tablet Wi-Fi frequency,sensor,mobile_app,724653b129153fad51b38581abdbd030,Klein tablet,Woonkamer,device,diagnostic,,0,True,no labels at all,integration,
sensor.woonkamer_klein_tablet_wi_fi_ip_address,Klein tablet Wi-Fi IP address,sensor,mobile_app,724653b129153fad51b38581abdbd030,Klein tablet,Woonkamer,device,diagnostic,,0,True,no labels at all,integration,
sensor.woonkamer_klein_tablet_wi_fi_link_speed,Klein tablet Wi-Fi link speed,sensor,mobile_app,724653b129153fad51b38581abdbd030,Klein tablet,Woonkamer,device,diagnostic,,0,True,no labels at all,integration,
sensor.woonkamer_klein_tablet_wi_fi_signal_strength,Klein tablet Wi-Fi signal strength,sensor,mobile_app,724653b129153fad51b38581abdbd030,Klein tablet,Woonkamer,device,diagnostic,,0,True,no labels at all,integration,
binary_sensor.woonkamer_klein_tablet_wi_fi_state,Klein tablet Wi-Fi state,binary_sensor,mobile_app,724653b129153fad51b38581abdbd030,Klein tablet,Woonkamer,device,diagnostic,,0,True,no labels at all,integration,
binary_sensor.woonkamer_klein_tablet_work_profile,Klein tablet Work profile,binary_sensor,mobile_app,724653b129153fad51b38581abdbd030,Klein tablet,Woonkamer,device,,,0,True,no labels at all,integration,
sensor.mobiel_rolien_smartphone_werk_accent_color,Rolien smartphone werk Accent color,sensor,mobile_app,e0dd02f34c92058fc1df087dddcb7100,Rolien smartphone werk,Mobiel,device,diagnostic,"Mobile, Sensor",2,False,"missing category: brand, protocol",integration,
sensor.mobiel_rolien_smartphone_werk_active_calories_burned,Rolien smartphone werk Active calories burned,sensor,mobile_app,e0dd02f34c92058fc1df087dddcb7100,Rolien smartphone werk,Mobiel,device,diagnostic,"Mobile, Sensor",2,False,"missing category: brand, protocol",integration,
sensor.mobiel_rolien_smartphone_werk_active_notification_count,Rolien smartphone werk Active notification count,sensor,mobile_app,e0dd02f34c92058fc1df087dddcb7100,Rolien smartphone werk,Mobiel,device,,"Mobile, Sensor",2,False,"missing category: brand, protocol",integration,
binary_sensor.mobiel_rolien_smartphone_werk_android_auto,Rolien smartphone werk Android Auto,binary_sensor,mobile_app,e0dd02f34c92058fc1df087dddcb7100,Rolien smartphone werk,Mobiel,device,,"Mobile, Sensor",2,False,"missing category: brand, protocol",integration,
sensor.mobiel_rolien_smartphone_werk_app_importance,Rolien smartphone werk App importance,sensor,mobile_app,e0dd02f34c92058fc1df087dddcb7100,Rolien smartphone werk,Mobiel,device,diagnostic,"Mobile, Sensor",2,False,"missing category: brand, protocol",integration,
binary_sensor.mobiel_rolien_smartphone_werk_app_inactive,Rolien smartphone werk App inactive,binary_sensor,mobile_app,e0dd02f34c92058fc1df087dddcb7100,Rolien smartphone werk,Mobiel,device,diagnostic,"Mobile, Sensor",2,False,"missing category: brand, protocol",integration,
sensor.mobiel_rolien_smartphone_werk_app_memory,Rolien smartphone werk App memory,sensor,mobile_app,e0dd02f34c92058fc1df087dddcb7100,Rolien smartphone werk,Mobiel,device,diagnostic,"Mobile, Sensor",2,False,"missing category: brand, protocol",integration,
sensor.mobiel_rolien_smartphone_werk_app_rx_gb,Rolien smartphone werk App Rx GB,sensor,mobile_app,e0dd02f34c92058fc1df087dddcb7100,Rolien smartphone werk,Mobiel,device,diagnostic,"Mobile, Sensor",2,False,"missing category: brand, protocol",integration,
sensor.mobiel_rolien_smartphone_werk_app_standby_bucket,Rolien smartphone werk App standby bucket,sensor,mobile_app,e0dd02f34c92058fc1df087dddcb7100,Rolien smartphone werk,Mobiel,device,diagnostic,"Mobile, Sensor",2,False,"missing category: brand, protocol",integration,
sensor.mobiel_rolien_smartphone_werk_app_tx_gb,Rolien smartphone werk App Tx GB,sensor,mobile_app,e0dd02f34c92058fc1df087dddcb7100,Rolien smartphone werk,Mobiel,device,diagnostic,"Mobile, Sensor",2,False,"missing category: brand, protocol",integration,
sensor.mobiel_rolien_smartphone_werk_audio_mode,Rolien smartphone werk Audio mode,sensor,mobile_app,e0dd02f34c92058fc1df087dddcb7100,Rolien smartphone werk,Mobiel,device,,"Mobile, Sensor",2,False,"missing category: brand, protocol",integration,
sensor.mobiel_rolien_smartphone_werk_basal_body_temperature,Rolien smartphone werk Basal body temperature,sensor,mobile_app,e0dd02f34c92058fc1df087dddcb7100,Rolien smartphone werk,Mobiel,device,diagnostic,,0,True,no labels at all,integration,
sensor.mobiel_rolien_smartphone_werk_basal_metabolic_rate,Rolien smartphone werk Basal metabolic rate,sensor,mobile_app,e0dd02f34c92058fc1df087dddcb7100,Rolien smartphone werk,Mobiel,device,diagnostic,,0,True,no labels at all,integration,
sensor.mobiel_rolien_smartphone_werk_battery_cycle_count,Rolien smartphone werk Battery cycle count,sensor,mobile_app,e0dd02f34c92058fc1df087dddcb7100,Rolien smartphone werk,Mobiel,device,diagnostic,"Mobile, Sensor",2,False,"missing category: brand, protocol",integration,
sensor.mobiel_rolien_smartphone_werk_battery_health,Rolien smartphone werk Battery health,sensor,mobile_app,e0dd02f34c92058fc1df087dddcb7100,Rolien smartphone werk,Mobiel,device,diagnostic,"Mobile, Sensor",2,False,"missing category: brand, protocol",integration,
sensor.mobiel_rolien_smartphone_werk_battery_level,Rolien smartphone werk Battery level,sensor,mobile_app,e0dd02f34c92058fc1df087dddcb7100,Rolien smartphone werk,Mobiel,device,diagnostic,"Mobile, Sensor",2,False,"missing category: brand, protocol",,
sensor.mobiel_rolien_smartphone_werk_battery_power,Rolien smartphone werk Battery power,sensor,mobile_app,e0dd02f34c92058fc1df087dddcb7100,Rolien smartphone werk,Mobiel,device,diagnostic,"Mobile, Sensor",2,False,"missing category: brand, protocol",integration,
sensor.mobiel_rolien_smartphone_werk_battery_state,Rolien smartphone werk Battery state,sensor,mobile_app,e0dd02f34c92058fc1df087dddcb7100,Rolien smartphone werk,Mobiel,device,diagnostic,"Mobile, Sensor",2,False,"missing category: brand, protocol",,
sensor.mobiel_rolien_smartphone_werk_battery_temperature,Rolien smartphone werk Battery temperature,sensor,mobile_app,e0dd02f34c92058fc1df087dddcb7100,Rolien smartphone werk,Mobiel,device,diagnostic,"Mobile, Sensor",2,False,"missing category: brand, protocol",integration,
sensor.mobiel_rolien_smartphone_werk_beacon_monitor,Rolien smartphone werk Beacon monitor,sensor,mobile_app,e0dd02f34c92058fc1df087dddcb7100,Rolien smartphone werk,Mobiel,device,diagnostic,"Mobile, Sensor",2,False,"missing category: brand, protocol",integration,
sensor.mobiel_rolien_smartphone_werk_ble_transmitter,Rolien smartphone werk BLE transmitter,sensor,mobile_app,e0dd02f34c92058fc1df087dddcb7100,Rolien smartphone werk,Mobiel,device,diagnostic,"Mobile, Sensor",2,False,"missing category: brand, protocol",integration,
sensor.mobiel_rolien_smartphone_werk_blood_glucose,Rolien smartphone werk Blood glucose,sensor,mobile_app,e0dd02f34c92058fc1df087dddcb7100,Rolien smartphone werk,Mobiel,device,diagnostic,"Mobile, Sensor",2,False,"missing category: brand, protocol",integration,
sensor.mobiel_rolien_smartphone_werk_bluetooth_connection,Rolien smartphone werk Bluetooth connection,sensor,mobile_app,e0dd02f34c92058fc1df087dddcb7100,Rolien smartphone werk,Mobiel,device,,"Mobile, Sensor",2,False,"missing category: brand, protocol",integration,
binary_sensor.mobiel_rolien_smartphone_werk_bluetooth_state,Rolien smartphone werk Bluetooth state,binary_sensor,mobile_app,e0dd02f34c92058fc1df087dddcb7100,Rolien smartphone werk,Mobiel,device,diagnostic,"Mobile, Sensor",2,False,"missing category: brand, protocol",integration,
sensor.mobiel_rolien_smartphone_werk_body_fat,Rolien smartphone werk Body fat,sensor,mobile_app,e0dd02f34c92058fc1df087dddcb7100,Rolien smartphone werk,Mobiel,device,diagnostic,"Mobile, Sensor",2,False,"missing category: brand, protocol",integration,
sensor.mobiel_rolien_smartphone_werk_body_temperature,Rolien smartphone werk Body temperature,sensor,mobile_app,e0dd02f34c92058fc1df087dddcb7100,Rolien smartphone werk,Mobiel,device,diagnostic,,0,True,no labels at all,integration,
sensor.mobiel_rolien_smartphone_werk_body_water_mass,Rolien smartphone werk Body water mass,sensor,mobile_app,e0dd02f34c92058fc1df087dddcb7100,Rolien smartphone werk,Mobiel,device,diagnostic,,0,True,no labels at all,integration,
sensor.mobiel_rolien_smartphone_werk_bone_mass,Rolien smartphone werk Bone mass,sensor,mobile_app,e0dd02f34c92058fc1df087dddcb7100,Rolien smartphone werk,Mobiel,device,diagnostic,,0,True,no labels at all,integration,
sensor.mobiel_rolien_smartphone_werk_car_battery,Rolien smartphone werk Car battery,sensor,mobile_app,e0dd02f34c92058fc1df087dddcb7100,Rolien smartphone werk,Mobiel,device,diagnostic,"Mobile, Sensor",2,False,"missing category: brand, protocol",integration,
sensor.mobiel_rolien_smartphone_werk_car_charging_status,Rolien smartphone werk Car charging status,sensor,mobile_app,e0dd02f34c92058fc1df087dddcb7100,Rolien smartphone werk,Mobiel,device,,"Mobile, Sensor",2,False,"missing category: brand, protocol",integration,
sensor.mobiel_rolien_smartphone_werk_car_ev_connector_type,Rolien smartphone werk Car EV connector type,sensor,mobile_app,e0dd02f34c92058fc1df087dddcb7100,Rolien smartphone werk,Mobiel,device,diagnostic,"Mobile, Sensor",2,False,"missing category: brand, protocol",integration,
sensor.mobiel_rolien_smartphone_werk_car_fuel,Rolien smartphone werk Car fuel,sensor,mobile_app,e0dd02f34c92058fc1df087dddcb7100,Rolien smartphone werk,Mobiel,device,,"Mobile, Sensor",2,False,"missing category: brand, protocol",integration,
sensor.mobiel_rolien_smartphone_werk_car_fuel_type,Rolien smartphone werk Car fuel type,sensor,mobile_app,e0dd02f34c92058fc1df087dddcb7100,Rolien smartphone werk,Mobiel,device,diagnostic,"Mobile, Sensor",2,False,"missing category: brand, protocol",integration,
sensor.mobiel_rolien_smartphone_werk_car_name,Rolien smartphone werk Car name,sensor,mobile_app,e0dd02f34c92058fc1df087dddcb7100,Rolien smartphone werk,Mobiel,device,,"Mobile, Sensor",2,False,"missing category: brand, protocol",integration,
sensor.mobiel_rolien_smartphone_werk_car_odometer,Rolien smartphone werk Car odometer,sensor,mobile_app,e0dd02f34c92058fc1df087dddcb7100,Rolien smartphone werk,Mobiel,device,,"Mobile, Sensor",2,False,"missing category: brand, protocol",integration,
sensor.mobiel_rolien_smartphone_werk_car_range_remaining,Rolien smartphone werk Car range remaining,sensor,mobile_app,e0dd02f34c92058fc1df087dddcb7100,Rolien smartphone werk,Mobiel,device,diagnostic,"Mobile, Sensor",2,False,"missing category: brand, protocol",integration,
sensor.mobiel_rolien_smartphone_werk_car_speed,Rolien smartphone werk Car speed,sensor,mobile_app,e0dd02f34c92058fc1df087dddcb7100,Rolien smartphone werk,Mobiel,device,,"Mobile, Sensor",2,False,"missing category: brand, protocol",integration,
sensor.mobiel_rolien_smartphone_werk_charger_type,Rolien smartphone werk Charger type,sensor,mobile_app,e0dd02f34c92058fc1df087dddcb7100,Rolien smartphone werk,Mobiel,device,diagnostic,"Mobile, Sensor",2,False,"missing category: brand, protocol",,
sensor.mobiel_rolien_smartphone_werk_current_time_zone,Rolien smartphone werk Current time zone,sensor,mobile_app,e0dd02f34c92058fc1df087dddcb7100,Rolien smartphone werk,Mobiel,device,diagnostic,"Mobile, Sensor",2,False,"missing category: brand, protocol",integration,
sensor.mobiel_rolien_smartphone_werk_current_version,Rolien smartphone werk Current version,sensor,mobile_app,e0dd02f34c92058fc1df087dddcb7100,Rolien smartphone werk,Mobiel,device,diagnostic,"Mobile, Sensor",2,False,"missing category: brand, protocol",integration,
sensor.mobiel_rolien_smartphone_werk_daily_distance,Rolien smartphone werk Daily distance,sensor,mobile_app,e0dd02f34c92058fc1df087dddcb7100,Rolien smartphone werk,Mobiel,device,diagnostic,"Mobile, Sensor",2,False,"missing category: brand, protocol",integration,
sensor.mobiel_rolien_smartphone_werk_daily_elevation_gained,Rolien smartphone werk Daily elevation gained,sensor,mobile_app,e0dd02f34c92058fc1df087dddcb7100,Rolien smartphone werk,Mobiel,device,diagnostic,"Mobile, Sensor",2,False,"missing category: brand, protocol",integration,
sensor.mobiel_rolien_smartphone_werk_daily_floors,Rolien smartphone werk Daily floors,sensor,mobile_app,e0dd02f34c92058fc1df087dddcb7100,Rolien smartphone werk,Mobiel,device,diagnostic,"Mobile, Sensor",2,False,"missing category: brand, protocol",integration,
sensor.mobiel_rolien_smartphone_werk_daily_hydration,Rolien smartphone werk Daily hydration,sensor,mobile_app,e0dd02f34c92058fc1df087dddcb7100,Rolien smartphone werk,Mobiel,device,diagnostic,,0,True,no labels at all,integration,
sensor.mobiel_rolien_smartphone_werk_daily_steps,Rolien smartphone werk Daily steps,sensor,mobile_app,e0dd02f34c92058fc1df087dddcb7100,Rolien smartphone werk,Mobiel,device,diagnostic,"Mobile, Sensor",2,False,"missing category: brand, protocol",integration,
sensor.mobiel_rolien_smartphone_werk_data_network_type_sim_1,Rolien smartphone werk Data network type (SIM 1),sensor,mobile_app,e0dd02f34c92058fc1df087dddcb7100,Rolien smartphone werk,Mobiel,device,diagnostic,"Mobile, Sensor",2,False,"missing category: brand, protocol",integration,
sensor.mobiel_rolien_smartphone_werk_data_network_type_sim_2,Rolien smartphone werk Data network type (SIM 2),sensor,mobile_app,e0dd02f34c92058fc1df087dddcb7100,Rolien smartphone werk,Mobiel,device,diagnostic,"Mobile, Sensor",2,False,"missing category: brand, protocol",integration,
sensor.mobiel_rolien_smartphone_werk_detected_activity,Rolien smartphone werk Detected activity,sensor,mobile_app,e0dd02f34c92058fc1df087dddcb7100,Rolien smartphone werk,Mobiel,device,,"Mobile, Sensor",2,False,"missing category: brand, protocol",integration,
binary_sensor.mobiel_rolien_smartphone_werk_device_locked,Rolien smartphone werk Device locked,binary_sensor,mobile_app,e0dd02f34c92058fc1df087dddcb7100,Rolien smartphone werk,Mobiel,device,diagnostic,"Mobile, Sensor",2,False,"missing category: brand, protocol",integration,
binary_sensor.mobiel_rolien_smartphone_werk_device_secure,Rolien smartphone werk Device secure,binary_sensor,mobile_app,e0dd02f34c92058fc1df087dddcb7100,Rolien smartphone werk,Mobiel,device,diagnostic,"Mobile, Sensor",2,False,"missing category: brand, protocol",integration,
sensor.mobiel_rolien_smartphone_werk_diastolic_blood_pressure,Rolien smartphone werk Diastolic blood pressure,sensor,mobile_app,e0dd02f34c92058fc1df087dddcb7100,Rolien smartphone werk,Mobiel,device,diagnostic,"Mobile, Sensor",2,False,"missing category: brand, protocol",integration,
sensor.mobiel_rolien_smartphone_werk_do_not_disturb_sensor,Rolien smartphone werk Do Not Disturb sensor,sensor,mobile_app,e0dd02f34c92058fc1df087dddcb7100,Rolien smartphone werk,Mobiel,device,diagnostic,"Mobile, Sensor",2,False,"missing category: brand, protocol",integration,
binary_sensor.mobiel_rolien_smartphone_werk_doze_mode,Rolien smartphone werk Doze mode,binary_sensor,mobile_app,e0dd02f34c92058fc1df087dddcb7100,Rolien smartphone werk,Mobiel,device,diagnostic,"Mobile, Sensor",2,False,"missing category: brand, protocol",integration,
sensor.mobiel_rolien_smartphone_werk_external_storage,Rolien smartphone werk External storage,sensor,mobile_app,e0dd02f34c92058fc1df087dddcb7100,Rolien smartphone werk,Mobiel,device,diagnostic,"Mobile, Sensor",2,False,"missing category: brand, protocol",integration,
sensor.mobiel_rolien_smartphone_werk_geocoded_location,Rolien smartphone werk Geocoded location,sensor,mobile_app,e0dd02f34c92058fc1df087dddcb7100,Rolien smartphone werk,Mobiel,device,,"Mobile, Sensor",2,False,"missing category: brand, protocol",integration,
binary_sensor.mobiel_rolien_smartphone_werk_headphones,Rolien smartphone werk Headphones,binary_sensor,mobile_app,e0dd02f34c92058fc1df087dddcb7100,Rolien smartphone werk,Mobiel,device,,"Mobile, Sensor",2,False,"missing category: brand, protocol",integration,
sensor.mobiel_rolien_smartphone_werk_heart_rate,Rolien smartphone werk Heart rate,sensor,mobile_app,e0dd02f34c92058fc1df087dddcb7100,Rolien smartphone werk,Mobiel,device,diagnostic,"Mobile, Sensor",2,False,"missing category: brand, protocol",integration,
sensor.mobiel_rolien_smartphone_werk_heart_rate_variability,Rolien smartphone werk Heart rate variability,sensor,mobile_app,e0dd02f34c92058fc1df087dddcb7100,Rolien smartphone werk,Mobiel,device,diagnostic,"Mobile, Sensor",2,False,"missing category: brand, protocol",integration,
sensor.mobiel_rolien_smartphone_werk_height,Rolien smartphone werk Height,sensor,mobile_app,e0dd02f34c92058fc1df087dddcb7100,Rolien smartphone werk,Mobiel,device,diagnostic,,0,True,no labels at all,integration,
binary_sensor.mobiel_rolien_smartphone_werk_high_accuracy_mode,Rolien smartphone werk High accuracy mode,binary_sensor,mobile_app,e0dd02f34c92058fc1df087dddcb7100,Rolien smartphone werk,Mobiel,device,diagnostic,"Mobile, Sensor",2,False,"missing category: brand, protocol",integration,
sensor.mobiel_rolien_smartphone_werk_high_accuracy_update_interval,Rolien smartphone werk High accuracy update interval,sensor,mobile_app,e0dd02f34c92058fc1df087dddcb7100,Rolien smartphone werk,Mobiel,device,diagnostic,"Mobile, Sensor",2,False,"missing category: brand, protocol",integration,
binary_sensor.mobiel_rolien_smartphone_werk_hotspot_state,Rolien smartphone werk Hotspot state,binary_sensor,mobile_app,e0dd02f34c92058fc1df087dddcb7100,Rolien smartphone werk,Mobiel,device,diagnostic,"Mobile, Sensor",2,False,"missing category: brand, protocol",integration,
binary_sensor.mobiel_rolien_smartphone_werk_interactive,Rolien smartphone werk Interactive,binary_sensor,mobile_app,e0dd02f34c92058fc1df087dddcb7100,Rolien smartphone werk,Mobiel,device,diagnostic,"Mobile, Sensor",2,False,"missing category: brand, protocol",integration,
sensor.mobiel_rolien_smartphone_werk_internal_storage,Rolien smartphone werk Internal storage,sensor,mobile_app,e0dd02f34c92058fc1df087dddcb7100,Rolien smartphone werk,Mobiel,device,diagnostic,"Mobile, Sensor",2,False,"missing category: brand, protocol",integration,
sensor.mobiel_rolien_smartphone_werk_ipv6_addresses,Rolien smartphone werk IPv6 addresses,sensor,mobile_app,e0dd02f34c92058fc1df087dddcb7100,Rolien smartphone werk,Mobiel,device,diagnostic,"Mobile, Sensor",2,False,"missing category: brand, protocol",integration,
binary_sensor.mobiel_rolien_smartphone_werk_is_charging,Rolien smartphone werk Is charging,binary_sensor,mobile_app,e0dd02f34c92058fc1df087dddcb7100,Rolien smartphone werk,Mobiel,device,diagnostic,"Mobile, Sensor",2,False,"missing category: brand, protocol",integration,
binary_sensor.mobiel_rolien_smartphone_werk_keyguard_locked,Rolien smartphone werk Keyguard locked,binary_sensor,mobile_app,e0dd02f34c92058fc1df087dddcb7100,Rolien smartphone werk,Mobiel,device,diagnostic,"Mobile, Sensor",2,False,"missing category: brand, protocol",integration,
binary_sensor.mobiel_rolien_smartphone_werk_keyguard_secure,Rolien smartphone werk Keyguard secure,binary_sensor,mobile_app,e0dd02f34c92058fc1df087dddcb7100,Rolien smartphone werk,Mobiel,device,diagnostic,"Mobile, Sensor",2,False,"missing category: brand, protocol",integration,
sensor.mobiel_rolien_smartphone_werk_last_notification,Rolien smartphone werk Last notification,sensor,mobile_app,e0dd02f34c92058fc1df087dddcb7100,Rolien smartphone werk,Mobiel,device,,"Mobile, Sensor",2,False,"missing category: brand, protocol",integration,
sensor.mobiel_rolien_smartphone_werk_last_reboot,Rolien smartphone werk Last reboot,sensor,mobile_app,e0dd02f34c92058fc1df087dddcb7100,Rolien smartphone werk,Mobiel,device,diagnostic,"Mobile, Sensor",2,False,"missing category: brand, protocol",integration,
sensor.mobiel_rolien_smartphone_werk_last_removed_notification,Rolien smartphone werk Last removed notification,sensor,mobile_app,e0dd02f34c92058fc1df087dddcb7100,Rolien smartphone werk,Mobiel,device,,"Mobile, Sensor",2,False,"missing category: brand, protocol",integration,
sensor.mobiel_rolien_smartphone_werk_last_update_trigger,Rolien smartphone werk Last update trigger,sensor,mobile_app,e0dd02f34c92058fc1df087dddcb7100,Rolien smartphone werk,Mobiel,device,diagnostic,"Mobile, Sensor",2,False,"missing category: brand, protocol",integration,
sensor.mobiel_rolien_smartphone_werk_last_used_app,Rolien smartphone werk Last used app,sensor,mobile_app,e0dd02f34c92058fc1df087dddcb7100,Rolien smartphone werk,Mobiel,device,,"Mobile, Sensor",2,False,"missing category: brand, protocol",integration,
sensor.mobiel_rolien_smartphone_werk_lean_body_mass,Rolien smartphone werk Lean body mass,sensor,mobile_app,e0dd02f34c92058fc1df087dddcb7100,Rolien smartphone werk,Mobiel,device,diagnostic,,0,True,no labels at all,integration,
sensor.mobiel_rolien_smartphone_werk_light_sensor,Rolien smartphone werk Light sensor,sensor,mobile_app,e0dd02f34c92058fc1df087dddcb7100,Rolien smartphone werk,Mobiel,device,,"Mobile, Sensor",2,False,"missing category: brand, protocol",integration,
sensor.mobiel_rolien_smartphone_werk_media_session,Rolien smartphone werk Media session,sensor,mobile_app,e0dd02f34c92058fc1df087dddcb7100,Rolien smartphone werk,Mobiel,device,,"Mobile, Sensor",2,False,"missing category: brand, protocol",integration,
binary_sensor.mobiel_rolien_smartphone_werk_mic_muted,Rolien smartphone werk Mic muted,binary_sensor,mobile_app,e0dd02f34c92058fc1df087dddcb7100,Rolien smartphone werk,Mobiel,device,,"Mobile, Sensor",2,False,"missing category: brand, protocol",integration,
binary_sensor.mobiel_rolien_smartphone_werk_mobile_data,Rolien smartphone werk Mobile data,binary_sensor,mobile_app,e0dd02f34c92058fc1df087dddcb7100,Rolien smartphone werk,Mobiel,device,diagnostic,"Mobile, Sensor",2,False,"missing category: brand, protocol",integration,
binary_sensor.mobiel_rolien_smartphone_werk_mobile_data_roaming,Rolien smartphone werk Mobile data roaming,binary_sensor,mobile_app,e0dd02f34c92058fc1df087dddcb7100,Rolien smartphone werk,Mobiel,device,diagnostic,"Mobile, Sensor",2,False,"missing category: brand, protocol",integration,
sensor.mobiel_rolien_smartphone_werk_mobile_rx_gb,Rolien smartphone werk Mobile Rx GB,sensor,mobile_app,e0dd02f34c92058fc1df087dddcb7100,Rolien smartphone werk,Mobiel,device,diagnostic,"Mobile, Sensor",2,False,"missing category: brand, protocol",integration,
sensor.mobiel_rolien_smartphone_werk_mobile_tx_gb,Rolien smartphone werk Mobile Tx GB,sensor,mobile_app,e0dd02f34c92058fc1df087dddcb7100,Rolien smartphone werk,Mobiel,device,diagnostic,"Mobile, Sensor",2,False,"missing category: brand, protocol",integration,
binary_sensor.mobiel_rolien_smartphone_werk_music_active,Rolien smartphone werk Music active,binary_sensor,mobile_app,e0dd02f34c92058fc1df087dddcb7100,Rolien smartphone werk,Mobiel,device,,"Mobile, Sensor",2,False,"missing category: brand, protocol",integration,
sensor.mobiel_rolien_smartphone_werk_network_type,Rolien smartphone werk Network type,sensor,mobile_app,e0dd02f34c92058fc1df087dddcb7100,Rolien smartphone werk,Mobiel,device,diagnostic,"Mobile, Sensor",2,False,"missing category: brand, protocol",integration,
sensor.mobiel_rolien_smartphone_werk_next_alarm,Rolien smartphone werk Next alarm,sensor,mobile_app,e0dd02f34c92058fc1df087dddcb7100,Rolien smartphone werk,Mobiel,device,,"Mobile, Sensor",2,False,"missing category: brand, protocol",integration,
binary_sensor.mobiel_rolien_smartphone_werk_nfc_state,Rolien smartphone werk NFC state,binary_sensor,mobile_app,e0dd02f34c92058fc1df087dddcb7100,Rolien smartphone werk,Mobiel,device,diagnostic,"Mobile, Sensor",2,False,"missing category: brand, protocol",integration,
sensor.mobiel_rolien_smartphone_werk_os_version,Rolien smartphone werk OS version,sensor,mobile_app,e0dd02f34c92058fc1df087dddcb7100,Rolien smartphone werk,Mobiel,device,diagnostic,"Mobile, Sensor",2,False,"missing category: brand, protocol",integration,
sensor.mobiel_rolien_smartphone_werk_oxygen_saturation,Rolien smartphone werk Oxygen saturation,sensor,mobile_app,e0dd02f34c92058fc1df087dddcb7100,Rolien smartphone werk,Mobiel,device,diagnostic,"Mobile, Sensor",2,False,"missing category: brand, protocol",integration,
sensor.mobiel_rolien_smartphone_werk_phone_state,Rolien smartphone werk Phone state,sensor,mobile_app,e0dd02f34c92058fc1df087dddcb7100,Rolien smartphone werk,Mobiel,device,,"Mobile, Sensor",2,False,"missing category: brand, protocol",integration,
binary_sensor.mobiel_rolien_smartphone_werk_power_save,Rolien smartphone werk Power save,binary_sensor,mobile_app,e0dd02f34c92058fc1df087dddcb7100,Rolien smartphone werk,Mobiel,device,diagnostic,"Mobile, Sensor",2,False,"missing category: brand, protocol",integration,
sensor.mobiel_rolien_smartphone_werk_proximity_sensor,Rolien smartphone werk Proximity sensor,sensor,mobile_app,e0dd02f34c92058fc1df087dddcb7100,Rolien smartphone werk,Mobiel,device,diagnostic,"Mobile, Sensor",2,False,"missing category: brand, protocol",integration,
sensor.mobiel_rolien_smartphone_werk_public_ip_address,Rolien smartphone werk Public IP address,sensor,mobile_app,e0dd02f34c92058fc1df087dddcb7100,Rolien smartphone werk,Mobiel,device,diagnostic,"Mobile, Sensor",2,False,"missing category: brand, protocol",integration,
sensor.mobiel_rolien_smartphone_werk_remaining_charge_time,Rolien smartphone werk Remaining charge time,sensor,mobile_app,e0dd02f34c92058fc1df087dddcb7100,Rolien smartphone werk,Mobiel,device,diagnostic,"Mobile, Sensor",2,False,"missing category: brand, protocol",integration,
sensor.mobiel_rolien_smartphone_werk_respiratory_rate,Rolien smartphone werk Respiratory rate,sensor,mobile_app,e0dd02f34c92058fc1df087dddcb7100,Rolien smartphone werk,Mobiel,device,diagnostic,"Mobile, Sensor",2,False,"missing category: brand, protocol",integration,
sensor.mobiel_rolien_smartphone_werk_resting_heart_rate,Rolien smartphone werk Resting heart rate,sensor,mobile_app,e0dd02f34c92058fc1df087dddcb7100,Rolien smartphone werk,Mobiel,device,diagnostic,"Mobile, Sensor",2,False,"missing category: brand, protocol",integration,
sensor.mobiel_rolien_smartphone_werk_ringer_mode,Rolien smartphone werk Ringer mode,sensor,mobile_app,e0dd02f34c92058fc1df087dddcb7100,Rolien smartphone werk,Mobiel,device,,"Mobile, Sensor",2,False,"missing category: brand, protocol",integration,
device_tracker.mobiel_rolien_smartphone_werk,Rolien smartphone werk,device_tracker,mobile_app,e0dd02f34c92058fc1df087dddcb7100,Rolien smartphone werk,Mobiel,device,diagnostic,Mobile,1,False,"missing category: brand, protocol, function",,
notify.mobiel_rolien_smartphone_werk,,notify,mobile_app,e0dd02f34c92058fc1df087dddcb7100,Rolien smartphone werk,Mobiel,device,,,0,True,no labels at all,,
sensor.mobiel_rolien_smartphone_werk_screen_brightness,Rolien smartphone werk Screen brightness,sensor,mobile_app,e0dd02f34c92058fc1df087dddcb7100,Rolien smartphone werk,Mobiel,device,,"Mobile, Sensor",2,False,"missing category: brand, protocol",integration,
sensor.mobiel_rolien_smartphone_werk_screen_off_timeout,Rolien smartphone werk Screen off timeout,sensor,mobile_app,e0dd02f34c92058fc1df087dddcb7100,Rolien smartphone werk,Mobiel,device,,"Mobile, Sensor",2,False,"missing category: brand, protocol",integration,
sensor.mobiel_rolien_smartphone_werk_screen_orientation,Rolien smartphone werk Screen orientation,sensor,mobile_app,e0dd02f34c92058fc1df087dddcb7100,Rolien smartphone werk,Mobiel,device,,"Mobile, Sensor",2,False,"missing category: brand, protocol",integration,
sensor.mobiel_rolien_smartphone_werk_screen_rotation,Rolien smartphone werk Screen rotation,sensor,mobile_app,e0dd02f34c92058fc1df087dddcb7100,Rolien smartphone werk,Mobiel,device,,"Mobile, Sensor",2,False,"missing category: brand, protocol",integration,
sensor.mobiel_rolien_smartphone_werk_security_patch,Rolien smartphone werk Security patch,sensor,mobile_app,e0dd02f34c92058fc1df087dddcb7100,Rolien smartphone werk,Mobiel,device,diagnostic,"Mobile, Sensor",2,False,"missing category: brand, protocol",integration,
sensor.mobiel_rolien_smartphone_werk_signal_strength_sim_1,Rolien smartphone werk Signal strength (SIM 1),sensor,mobile_app,e0dd02f34c92058fc1df087dddcb7100,Rolien smartphone werk,Mobiel,device,diagnostic,"Mobile, Sensor",2,False,"missing category: brand, protocol",integration,
sensor.mobiel_rolien_smartphone_werk_signal_strength_sim_2,Rolien smartphone werk Signal strength (SIM 2),sensor,mobile_app,e0dd02f34c92058fc1df087dddcb7100,Rolien smartphone werk,Mobiel,device,diagnostic,"Mobile, Sensor",2,False,"missing category: brand, protocol",integration,
sensor.mobiel_rolien_smartphone_werk_sim_1,Rolien smartphone werk SIM 1,sensor,mobile_app,e0dd02f34c92058fc1df087dddcb7100,Rolien smartphone werk,Mobiel,device,diagnostic,"Mobile, Sensor",2,False,"missing category: brand, protocol",integration,
sensor.mobiel_rolien_smartphone_werk_sim_2,Rolien smartphone werk SIM 2,sensor,mobile_app,e0dd02f34c92058fc1df087dddcb7100,Rolien smartphone werk,Mobiel,device,diagnostic,"Mobile, Sensor",2,False,"missing category: brand, protocol",integration,
sensor.mobiel_rolien_smartphone_werk_sleep_confidence,Rolien smartphone werk Sleep confidence,sensor,mobile_app,e0dd02f34c92058fc1df087dddcb7100,Rolien smartphone werk,Mobiel,device,,"Mobile, Sensor",2,False,"missing category: brand, protocol",integration,
sensor.mobiel_rolien_smartphone_werk_sleep_duration,Rolien smartphone werk Sleep duration,sensor,mobile_app,e0dd02f34c92058fc1df087dddcb7100,Rolien smartphone werk,Mobiel,device,diagnostic,"Mobile, Sensor",2,False,"missing category: brand, protocol",integration,
sensor.mobiel_rolien_smartphone_werk_sleep_segment,Rolien smartphone werk Sleep segment,sensor,mobile_app,e0dd02f34c92058fc1df087dddcb7100,Rolien smartphone werk,Mobiel,device,,"Mobile, Sensor",2,False,"missing category: brand, protocol",integration,
binary_sensor.mobiel_rolien_smartphone_werk_speakerphone,Rolien smartphone werk Speakerphone,binary_sensor,mobile_app,e0dd02f34c92058fc1df087dddcb7100,Rolien smartphone werk,Mobiel,device,,"Mobile, Sensor",2,False,"missing category: brand, protocol",integration,
sensor.mobiel_rolien_smartphone_werk_steps_sensor,Rolien smartphone werk Steps sensor,sensor,mobile_app,e0dd02f34c92058fc1df087dddcb7100,Rolien smartphone werk,Mobiel,device,,"Mobile, Sensor",2,False,"missing category: brand, protocol",integration,
sensor.mobiel_rolien_smartphone_werk_systolic_blood_pressure,Rolien smartphone werk Systolic blood pressure,sensor,mobile_app,e0dd02f34c92058fc1df087dddcb7100,Rolien smartphone werk,Mobiel,device,diagnostic,"Mobile, Sensor",2,False,"missing category: brand, protocol",integration,
sensor.mobiel_rolien_smartphone_werk_total_calories_burned,Rolien smartphone werk Total calories burned,sensor,mobile_app,e0dd02f34c92058fc1df087dddcb7100,Rolien smartphone werk,Mobiel,device,diagnostic,"Mobile, Sensor",2,False,"missing category: brand, protocol",integration,
sensor.mobiel_rolien_smartphone_werk_total_rx_gb,Rolien smartphone werk Total Rx GB,sensor,mobile_app,e0dd02f34c92058fc1df087dddcb7100,Rolien smartphone werk,Mobiel,device,diagnostic,"Mobile, Sensor",2,False,"missing category: brand, protocol",integration,
sensor.mobiel_rolien_smartphone_werk_total_tx_gb,Rolien smartphone werk Total Tx GB,sensor,mobile_app,e0dd02f34c92058fc1df087dddcb7100,Rolien smartphone werk,Mobiel,device,diagnostic,"Mobile, Sensor",2,False,"missing category: brand, protocol",integration,
sensor.mobiel_rolien_smartphone_werk_vo2_max,Rolien smartphone werk VO2 max,sensor,mobile_app,e0dd02f34c92058fc1df087dddcb7100,Rolien smartphone werk,Mobiel,device,diagnostic,"Mobile, Sensor",2,False,"missing category: brand, protocol",integration,
sensor.mobiel_rolien_smartphone_werk_volume_level_accessibility,Rolien smartphone werk Volume level accessibility,sensor,mobile_app,e0dd02f34c92058fc1df087dddcb7100,Rolien smartphone werk,Mobiel,device,diagnostic,"Mobile, Sensor",2,False,"missing category: brand, protocol",integration,
sensor.mobiel_rolien_smartphone_werk_volume_level_alarm,Rolien smartphone werk Volume level alarm,sensor,mobile_app,e0dd02f34c92058fc1df087dddcb7100,Rolien smartphone werk,Mobiel,device,diagnostic,"Mobile, Sensor",2,False,"missing category: brand, protocol",integration,
sensor.mobiel_rolien_smartphone_werk_volume_level_call,Rolien smartphone werk Volume level call,sensor,mobile_app,e0dd02f34c92058fc1df087dddcb7100,Rolien smartphone werk,Mobiel,device,diagnostic,"Mobile, Sensor",2,False,"missing category: brand, protocol",integration,
sensor.mobiel_rolien_smartphone_werk_volume_level_dtmf,Rolien smartphone werk Volume level DTMF,sensor,mobile_app,e0dd02f34c92058fc1df087dddcb7100,Rolien smartphone werk,Mobiel,device,diagnostic,"Mobile, Sensor",2,False,"missing category: brand, protocol",integration,
sensor.mobiel_rolien_smartphone_werk_volume_level_music,Rolien smartphone werk Volume level music,sensor,mobile_app,e0dd02f34c92058fc1df087dddcb7100,Rolien smartphone werk,Mobiel,device,diagnostic,"Mobile, Sensor",2,False,"missing category: brand, protocol",integration,
sensor.mobiel_rolien_smartphone_werk_volume_level_notification,Rolien smartphone werk Volume level notification,sensor,mobile_app,e0dd02f34c92058fc1df087dddcb7100,Rolien smartphone werk,Mobiel,device,diagnostic,"Mobile, Sensor",2,False,"missing category: brand, protocol",integration,
sensor.mobiel_rolien_smartphone_werk_volume_level_ringer,Rolien smartphone werk Volume level ringer,sensor,mobile_app,e0dd02f34c92058fc1df087dddcb7100,Rolien smartphone werk,Mobiel,device,diagnostic,"Mobile, Sensor",2,False,"missing category: brand, protocol",integration,
sensor.mobiel_rolien_smartphone_werk_volume_level_system,Rolien smartphone werk Volume level system,sensor,mobile_app,e0dd02f34c92058fc1df087dddcb7100,Rolien smartphone werk,Mobiel,device,diagnostic,"Mobile, Sensor",2,False,"missing category: brand, protocol",integration,
sensor.mobiel_rolien_smartphone_werk_weight,Rolien smartphone werk Weight,sensor,mobile_app,e0dd02f34c92058fc1df087dddcb7100,Rolien smartphone werk,Mobiel,device,diagnostic,"Mobile, Sensor",2,False,"missing category: brand, protocol",integration,
sensor.mobiel_rolien_smartphone_werk_wi_fi_bssid,Rolien smartphone werk Wi-Fi BSSID,sensor,mobile_app,e0dd02f34c92058fc1df087dddcb7100,Rolien smartphone werk,Mobiel,device,diagnostic,"Mobile, Sensor",2,False,"missing category: brand, protocol",integration,
sensor.mobiel_rolien_smartphone_werk_wi_fi_connection,Rolien smartphone werk Wi-Fi connection,sensor,mobile_app,e0dd02f34c92058fc1df087dddcb7100,Rolien smartphone werk,Mobiel,device,diagnostic,"Mobile, Sensor",2,False,"missing category: brand, protocol",integration,
sensor.mobiel_rolien_smartphone_werk_wi_fi_frequency,Rolien smartphone werk Wi-Fi frequency,sensor,mobile_app,e0dd02f34c92058fc1df087dddcb7100,Rolien smartphone werk,Mobiel,device,diagnostic,"Mobile, Sensor",2,False,"missing category: brand, protocol",integration,
sensor.mobiel_rolien_smartphone_werk_wi_fi_ip_address,Rolien smartphone werk Wi-Fi IP address,sensor,mobile_app,e0dd02f34c92058fc1df087dddcb7100,Rolien smartphone werk,Mobiel,device,diagnostic,"Mobile, Sensor",2,False,"missing category: brand, protocol",integration,
sensor.mobiel_rolien_smartphone_werk_wi_fi_link_speed,Rolien smartphone werk Wi-Fi link speed,sensor,mobile_app,e0dd02f34c92058fc1df087dddcb7100,Rolien smartphone werk,Mobiel,device,diagnostic,"Mobile, Sensor",2,False,"missing category: brand, protocol",integration,
sensor.mobiel_rolien_smartphone_werk_wi_fi_signal_strength,Rolien smartphone werk Wi-Fi signal strength,sensor,mobile_app,e0dd02f34c92058fc1df087dddcb7100,Rolien smartphone werk,Mobiel,device,diagnostic,"Mobile, Sensor",2,False,"missing category: brand, protocol",integration,
binary_sensor.mobiel_rolien_smartphone_werk_wi_fi_state,Rolien smartphone werk Wi-Fi state,binary_sensor,mobile_app,e0dd02f34c92058fc1df087dddcb7100,Rolien smartphone werk,Mobiel,device,diagnostic,"Mobile, Sensor",2,False,"missing category: brand, protocol",integration,
binary_sensor.mobiel_rolien_smartphone_werk_work_profile,Rolien smartphone werk Work profile,binary_sensor,mobile_app,e0dd02f34c92058fc1df087dddcb7100,Rolien smartphone werk,Mobiel,device,,"Mobile, Sensor",2,False,"missing category: brand, protocol",integration,
device_tracker.mobiel_rudi_smartphone,Rudi smartphone,device_tracker,mobile_app,4c668be435eb5ac5eae8b29e160000f2,Rudi smartphone,Mobiel,device,diagnostic,,0,True,no labels at all,,
notify.mobiel_rudi_smartphone,,notify,mobile_app,4c668be435eb5ac5eae8b29e160000f2,Rudi smartphone,Mobiel,device,,,0,True,no labels at all,,
sensor.mobiel_rolien_smartphone_prive_accent_color,Rolien smartphone prive Accent color,sensor,mobile_app,fd4ec006a2ea1c62002c6b6b5a624173,Rolien smartphone prive,Mobiel,device,diagnostic,,0,True,no labels at all,integration,
sensor.mobiel_rolien_smartphone_prive_active_notification_count,Rolien smartphone prive Active notification count,sensor,mobile_app,fd4ec006a2ea1c62002c6b6b5a624173,Rolien smartphone prive,Mobiel,device,,,0,True,no labels at all,integration,
binary_sensor.mobiel_rolien_smartphone_prive_android_auto,Rolien smartphone prive Android Auto,binary_sensor,mobile_app,fd4ec006a2ea1c62002c6b6b5a624173,Rolien smartphone prive,Mobiel,device,,"Mobile, Sensor, WiFi",3,False,missing category: brand,,
sensor.mobiel_rolien_smartphone_prive_app_importance,Rolien smartphone prive App importance,sensor,mobile_app,fd4ec006a2ea1c62002c6b6b5a624173,Rolien smartphone prive,Mobiel,device,diagnostic,,0,True,no labels at all,integration,
binary_sensor.mobiel_rolien_smartphone_prive_app_inactive,Rolien smartphone prive App inactive,binary_sensor,mobile_app,fd4ec006a2ea1c62002c6b6b5a624173,Rolien smartphone prive,Mobiel,device,diagnostic,,0,True,no labels at all,integration,
sensor.mobiel_rolien_smartphone_prive_app_memory,Rolien smartphone prive App memory,sensor,mobile_app,fd4ec006a2ea1c62002c6b6b5a624173,Rolien smartphone prive,Mobiel,device,diagnostic,,0,True,no labels at all,integration,
sensor.mobiel_rolien_smartphone_prive_app_rx_gb,Rolien smartphone prive App Rx GB,sensor,mobile_app,fd4ec006a2ea1c62002c6b6b5a624173,Rolien smartphone prive,Mobiel,device,diagnostic,,0,True,no labels at all,integration,
sensor.mobiel_rolien_smartphone_prive_app_standby_bucket,Rolien smartphone prive App standby bucket,sensor,mobile_app,fd4ec006a2ea1c62002c6b6b5a624173,Rolien smartphone prive,Mobiel,device,diagnostic,,0,True,no labels at all,integration,
sensor.mobiel_rolien_smartphone_prive_app_tx_gb,Rolien smartphone prive App Tx GB,sensor,mobile_app,fd4ec006a2ea1c62002c6b6b5a624173,Rolien smartphone prive,Mobiel,device,diagnostic,,0,True,no labels at all,integration,
sensor.mobiel_rolien_smartphone_prive_audio_mode,Rolien smartphone prive Audio mode,sensor,mobile_app,fd4ec006a2ea1c62002c6b6b5a624173,Rolien smartphone prive,Mobiel,device,,,0,True,no labels at all,integration,
sensor.mobiel_rolien_smartphone_prive_battery_health,Rolien smartphone prive Battery health,sensor,mobile_app,fd4ec006a2ea1c62002c6b6b5a624173,Rolien smartphone prive,Mobiel,device,diagnostic,,0,True,no labels at all,integration,
sensor.mobiel_rolien_smartphone_prive_battery_level,Rolien smartphone prive Battery level,sensor,mobile_app,fd4ec006a2ea1c62002c6b6b5a624173,Rolien smartphone prive,Mobiel,device,diagnostic,"Mobile, Sensor, WiFi",3,False,missing category: brand,,
sensor.mobiel_rolien_smartphone_prive_battery_power,Rolien smartphone prive Battery power,sensor,mobile_app,fd4ec006a2ea1c62002c6b6b5a624173,Rolien smartphone prive,Mobiel,device,diagnostic,,0,True,no labels at all,integration,
sensor.mobiel_rolien_smartphone_prive_battery_state,Rolien smartphone prive Battery state,sensor,mobile_app,fd4ec006a2ea1c62002c6b6b5a624173,Rolien smartphone prive,Mobiel,device,diagnostic,"Mobile, Sensor, WiFi",3,False,missing category: brand,,
sensor.mobiel_rolien_smartphone_prive_battery_temperature,Rolien smartphone prive Battery temperature,sensor,mobile_app,fd4ec006a2ea1c62002c6b6b5a624173,Rolien smartphone prive,Mobiel,device,diagnostic,,0,True,no labels at all,integration,
sensor.mobiel_rolien_smartphone_prive_beacon_monitor,Rolien smartphone prive Beacon monitor,sensor,mobile_app,fd4ec006a2ea1c62002c6b6b5a624173,Rolien smartphone prive,Mobiel,device,diagnostic,,0,True,no labels at all,integration,
sensor.mobiel_rolien_smartphone_prive_ble_transmitter,Rolien smartphone prive BLE transmitter,sensor,mobile_app,fd4ec006a2ea1c62002c6b6b5a624173,Rolien smartphone prive,Mobiel,device,diagnostic,,0,True,no labels at all,integration,
sensor.mobiel_rolien_smartphone_prive_bluetooth_connection,Rolien smartphone prive Bluetooth connection,sensor,mobile_app,fd4ec006a2ea1c62002c6b6b5a624173,Rolien smartphone prive,Mobiel,device,,,0,True,no labels at all,integration,
binary_sensor.mobiel_rolien_smartphone_prive_bluetooth_state,Rolien smartphone prive Bluetooth state,binary_sensor,mobile_app,fd4ec006a2ea1c62002c6b6b5a624173,Rolien smartphone prive,Mobiel,device,diagnostic,,0,True,no labels at all,integration,
sensor.mobiel_rolien_smartphone_prive_car_battery,Rolien smartphone prive Car battery,sensor,mobile_app,fd4ec006a2ea1c62002c6b6b5a624173,Rolien smartphone prive,Mobiel,device,diagnostic,,0,True,no labels at all,integration,
sensor.mobiel_rolien_smartphone_prive_car_charging_status,Rolien smartphone prive Car charging status,sensor,mobile_app,fd4ec006a2ea1c62002c6b6b5a624173,Rolien smartphone prive,Mobiel,device,,,0,True,no labels at all,integration,
sensor.mobiel_rolien_smartphone_prive_car_ev_connector_type,Rolien smartphone prive Car EV connector type,sensor,mobile_app,fd4ec006a2ea1c62002c6b6b5a624173,Rolien smartphone prive,Mobiel,device,diagnostic,,0,True,no labels at all,integration,
sensor.mobiel_rolien_smartphone_prive_car_fuel,Rolien smartphone prive Car fuel,sensor,mobile_app,fd4ec006a2ea1c62002c6b6b5a624173,Rolien smartphone prive,Mobiel,device,,,0,True,no labels at all,integration,
sensor.mobiel_rolien_smartphone_prive_car_fuel_type,Rolien smartphone prive Car fuel type,sensor,mobile_app,fd4ec006a2ea1c62002c6b6b5a624173,Rolien smartphone prive,Mobiel,device,diagnostic,,0,True,no labels at all,integration,
sensor.mobiel_rolien_smartphone_prive_car_name,Rolien smartphone prive Car name,sensor,mobile_app,fd4ec006a2ea1c62002c6b6b5a624173,Rolien smartphone prive,Mobiel,device,,,0,True,no labels at all,integration,
sensor.mobiel_rolien_smartphone_prive_car_odometer,Rolien smartphone prive Car odometer,sensor,mobile_app,fd4ec006a2ea1c62002c6b6b5a624173,Rolien smartphone prive,Mobiel,device,,,0,True,no labels at all,integration,
sensor.mobiel_rolien_smartphone_prive_car_range_remaining,Rolien smartphone prive Car range remaining,sensor,mobile_app,fd4ec006a2ea1c62002c6b6b5a624173,Rolien smartphone prive,Mobiel,device,diagnostic,,0,True,no labels at all,integration,
sensor.mobiel_rolien_smartphone_prive_car_speed,Rolien smartphone prive Car speed,sensor,mobile_app,fd4ec006a2ea1c62002c6b6b5a624173,Rolien smartphone prive,Mobiel,device,,,0,True,no labels at all,integration,
sensor.mobiel_rolien_smartphone_prive_charger_type,Rolien smartphone prive Charger type,sensor,mobile_app,fd4ec006a2ea1c62002c6b6b5a624173,Rolien smartphone prive,Mobiel,device,diagnostic,"Mobile, Sensor, WiFi",3,False,missing category: brand,,
sensor.mobiel_rolien_smartphone_prive_current_time_zone,Rolien smartphone prive Current time zone,sensor,mobile_app,fd4ec006a2ea1c62002c6b6b5a624173,Rolien smartphone prive,Mobiel,device,diagnostic,,0,True,no labels at all,integration,
sensor.mobiel_rolien_smartphone_prive_current_version,Rolien smartphone prive Current version,sensor,mobile_app,fd4ec006a2ea1c62002c6b6b5a624173,Rolien smartphone prive,Mobiel,device,diagnostic,,0,True,no labels at all,integration,
sensor.mobiel_rolien_smartphone_prive_data_network_type_sim_1,Rolien smartphone prive Data network type (SIM 1),sensor,mobile_app,fd4ec006a2ea1c62002c6b6b5a624173,Rolien smartphone prive,Mobiel,device,diagnostic,,0,True,no labels at all,integration,
sensor.mobiel_rolien_smartphone_prive_data_network_type_sim_2,Rolien smartphone prive Data network type (SIM 2),sensor,mobile_app,fd4ec006a2ea1c62002c6b6b5a624173,Rolien smartphone prive,Mobiel,device,diagnostic,,0,True,no labels at all,integration,
sensor.mobiel_rolien_smartphone_prive_detected_activity,Rolien smartphone prive Detected activity,sensor,mobile_app,fd4ec006a2ea1c62002c6b6b5a624173,Rolien smartphone prive,Mobiel,device,,,0,True,no labels at all,integration,
binary_sensor.mobiel_rolien_smartphone_prive_device_locked,Rolien smartphone prive Device locked,binary_sensor,mobile_app,fd4ec006a2ea1c62002c6b6b5a624173,Rolien smartphone prive,Mobiel,device,diagnostic,,0,True,no labels at all,integration,
binary_sensor.mobiel_rolien_smartphone_prive_device_secure,Rolien smartphone prive Device secure,binary_sensor,mobile_app,fd4ec006a2ea1c62002c6b6b5a624173,Rolien smartphone prive,Mobiel,device,diagnostic,,0,True,no labels at all,integration,
sensor.mobiel_rolien_smartphone_prive_do_not_disturb_sensor,Rolien smartphone prive Do Not Disturb sensor,sensor,mobile_app,fd4ec006a2ea1c62002c6b6b5a624173,Rolien smartphone prive,Mobiel,device,diagnostic,,0,True,no labels at all,integration,
binary_sensor.mobiel_rolien_smartphone_prive_doze_mode,Rolien smartphone prive Doze mode,binary_sensor,mobile_app,fd4ec006a2ea1c62002c6b6b5a624173,Rolien smartphone prive,Mobiel,device,diagnostic,,0,True,no labels at all,integration,
sensor.mobiel_rolien_smartphone_prive_external_storage,Rolien smartphone prive External storage,sensor,mobile_app,fd4ec006a2ea1c62002c6b6b5a624173,Rolien smartphone prive,Mobiel,device,diagnostic,,0,True,no labels at all,integration,
sensor.mobiel_rolien_smartphone_prive_geocoded_location,Rolien smartphone prive Geocoded location,sensor,mobile_app,fd4ec006a2ea1c62002c6b6b5a624173,Rolien smartphone prive,Mobiel,device,,"Mobile, Sensor, WiFi",3,False,missing category: brand,,
binary_sensor.mobiel_rolien_smartphone_prive_headphones,Rolien smartphone prive Headphones,binary_sensor,mobile_app,fd4ec006a2ea1c62002c6b6b5a624173,Rolien smartphone prive,Mobiel,device,,,0,True,no labels at all,integration,
binary_sensor.mobiel_rolien_smartphone_prive_high_accuracy_mode,Rolien smartphone prive High accuracy mode,binary_sensor,mobile_app,fd4ec006a2ea1c62002c6b6b5a624173,Rolien smartphone prive,Mobiel,device,diagnostic,,0,True,no labels at all,,
sensor.mobiel_rolien_smartphone_prive_high_accuracy_update_interval,Rolien smartphone prive High accuracy update interval,sensor,mobile_app,fd4ec006a2ea1c62002c6b6b5a624173,Rolien smartphone prive,Mobiel,device,diagnostic,,0,True,no labels at all,,
binary_sensor.mobiel_rolien_smartphone_prive_hotspot_state,Rolien smartphone prive Hotspot state,binary_sensor,mobile_app,fd4ec006a2ea1c62002c6b6b5a624173,Rolien smartphone prive,Mobiel,device,diagnostic,,0,True,no labels at all,integration,
binary_sensor.mobiel_rolien_smartphone_prive_interactive,Rolien smartphone prive Interactive,binary_sensor,mobile_app,fd4ec006a2ea1c62002c6b6b5a624173,Rolien smartphone prive,Mobiel,device,diagnostic,,0,True,no labels at all,integration,
sensor.mobiel_rolien_smartphone_prive_internal_storage,Rolien smartphone prive Internal storage,sensor,mobile_app,fd4ec006a2ea1c62002c6b6b5a624173,Rolien smartphone prive,Mobiel,device,diagnostic,,0,True,no labels at all,integration,
sensor.mobiel_rolien_smartphone_prive_ipv6_addresses,Rolien smartphone prive IPv6 addresses,sensor,mobile_app,fd4ec006a2ea1c62002c6b6b5a624173,Rolien smartphone prive,Mobiel,device,diagnostic,,0,True,no labels at all,integration,
binary_sensor.mobiel_rolien_smartphone_prive_is_charging,Rolien smartphone prive Is charging,binary_sensor,mobile_app,fd4ec006a2ea1c62002c6b6b5a624173,Rolien smartphone prive,Mobiel,device,diagnostic,,0,True,no labels at all,integration,
binary_sensor.mobiel_rolien_smartphone_prive_keyguard_locked,Rolien smartphone prive Keyguard locked,binary_sensor,mobile_app,fd4ec006a2ea1c62002c6b6b5a624173,Rolien smartphone prive,Mobiel,device,diagnostic,,0,True,no labels at all,integration,
binary_sensor.mobiel_rolien_smartphone_prive_keyguard_secure,Rolien smartphone prive Keyguard secure,binary_sensor,mobile_app,fd4ec006a2ea1c62002c6b6b5a624173,Rolien smartphone prive,Mobiel,device,diagnostic,,0,True,no labels at all,integration,
sensor.mobiel_rolien_smartphone_prive_last_notification,Rolien smartphone prive Last notification,sensor,mobile_app,fd4ec006a2ea1c62002c6b6b5a624173,Rolien smartphone prive,Mobiel,device,,,0,True,no labels at all,integration,
sensor.mobiel_rolien_smartphone_prive_last_reboot,Rolien smartphone prive Last reboot,sensor,mobile_app,fd4ec006a2ea1c62002c6b6b5a624173,Rolien smartphone prive,Mobiel,device,diagnostic,,0,True,no labels at all,integration,
sensor.mobiel_rolien_smartphone_prive_last_removed_notification,Rolien smartphone prive Last removed notification,sensor,mobile_app,fd4ec006a2ea1c62002c6b6b5a624173,Rolien smartphone prive,Mobiel,device,,,0,True,no labels at all,integration,
sensor.mobiel_rolien_smartphone_prive_last_update_trigger,Rolien smartphone prive Last update trigger,sensor,mobile_app,fd4ec006a2ea1c62002c6b6b5a624173,Rolien smartphone prive,Mobiel,device,diagnostic,,0,True,no labels at all,integration,
sensor.mobiel_rolien_smartphone_prive_last_used_app,Rolien smartphone prive Last used app,sensor,mobile_app,fd4ec006a2ea1c62002c6b6b5a624173,Rolien smartphone prive,Mobiel,device,,,0,True,no labels at all,integration,
sensor.mobiel_rolien_smartphone_prive_light_sensor,Rolien smartphone prive Light sensor,sensor,mobile_app,fd4ec006a2ea1c62002c6b6b5a624173,Rolien smartphone prive,Mobiel,device,,,0,True,no labels at all,integration,
sensor.mobiel_rolien_smartphone_prive_media_session,Rolien smartphone prive Media session,sensor,mobile_app,fd4ec006a2ea1c62002c6b6b5a624173,Rolien smartphone prive,Mobiel,device,,,0,True,no labels at all,integration,
binary_sensor.mobiel_rolien_smartphone_prive_mic_muted,Rolien smartphone prive Mic muted,binary_sensor,mobile_app,fd4ec006a2ea1c62002c6b6b5a624173,Rolien smartphone prive,Mobiel,device,,,0,True,no labels at all,integration,
binary_sensor.mobiel_rolien_smartphone_prive_mobile_data,Rolien smartphone prive Mobile data,binary_sensor,mobile_app,fd4ec006a2ea1c62002c6b6b5a624173,Rolien smartphone prive,Mobiel,device,diagnostic,,0,True,no labels at all,integration,
binary_sensor.mobiel_rolien_smartphone_prive_mobile_data_roaming,Rolien smartphone prive Mobile data roaming,binary_sensor,mobile_app,fd4ec006a2ea1c62002c6b6b5a624173,Rolien smartphone prive,Mobiel,device,diagnostic,,0,True,no labels at all,integration,
sensor.mobiel_rolien_smartphone_prive_mobile_rx_gb,Rolien smartphone prive Mobile Rx GB,sensor,mobile_app,fd4ec006a2ea1c62002c6b6b5a624173,Rolien smartphone prive,Mobiel,device,diagnostic,,0,True,no labels at all,integration,
sensor.mobiel_rolien_smartphone_prive_mobile_tx_gb,Rolien smartphone prive Mobile Tx GB,sensor,mobile_app,fd4ec006a2ea1c62002c6b6b5a624173,Rolien smartphone prive,Mobiel,device,diagnostic,,0,True,no labels at all,integration,
binary_sensor.mobiel_rolien_smartphone_prive_music_active,Rolien smartphone prive Music active,binary_sensor,mobile_app,fd4ec006a2ea1c62002c6b6b5a624173,Rolien smartphone prive,Mobiel,device,,,0,True,no labels at all,integration,
sensor.mobiel_rolien_smartphone_prive_network_type,Rolien smartphone prive Network type,sensor,mobile_app,fd4ec006a2ea1c62002c6b6b5a624173,Rolien smartphone prive,Mobiel,device,diagnostic,,0,True,no labels at all,integration,
sensor.mobiel_rolien_smartphone_prive_next_alarm,Rolien smartphone prive Next alarm,sensor,mobile_app,fd4ec006a2ea1c62002c6b6b5a624173,Rolien smartphone prive,Mobiel,device,,,0,True,no labels at all,integration,
binary_sensor.mobiel_rolien_smartphone_prive_nfc_state,Rolien smartphone prive NFC state,binary_sensor,mobile_app,fd4ec006a2ea1c62002c6b6b5a624173,Rolien smartphone prive,Mobiel,device,diagnostic,,0,True,no labels at all,integration,
sensor.mobiel_rolien_smartphone_prive_os_version,Rolien smartphone prive OS version,sensor,mobile_app,fd4ec006a2ea1c62002c6b6b5a624173,Rolien smartphone prive,Mobiel,device,diagnostic,,0,True,no labels at all,integration,
sensor.mobiel_rolien_smartphone_prive_phone_state,Rolien smartphone prive Phone state,sensor,mobile_app,fd4ec006a2ea1c62002c6b6b5a624173,Rolien smartphone prive,Mobiel,device,,,0,True,no labels at all,integration,
binary_sensor.mobiel_rolien_smartphone_prive_power_save,Rolien smartphone prive Power save,binary_sensor,mobile_app,fd4ec006a2ea1c62002c6b6b5a624173,Rolien smartphone prive,Mobiel,device,diagnostic,,0,True,no labels at all,integration,
sensor.mobiel_rolien_smartphone_prive_proximity_sensor,Rolien smartphone prive Proximity sensor,sensor,mobile_app,fd4ec006a2ea1c62002c6b6b5a624173,Rolien smartphone prive,Mobiel,device,diagnostic,,0,True,no labels at all,integration,
sensor.mobiel_rolien_smartphone_prive_public_ip_address,Rolien smartphone prive Public IP address,sensor,mobile_app,fd4ec006a2ea1c62002c6b6b5a624173,Rolien smartphone prive,Mobiel,device,diagnostic,,0,True,no labels at all,integration,
sensor.mobiel_rolien_smartphone_prive_remaining_charge_time,Rolien smartphone prive Remaining charge time,sensor,mobile_app,fd4ec006a2ea1c62002c6b6b5a624173,Rolien smartphone prive,Mobiel,device,diagnostic,,0,True,no labels at all,integration,
sensor.mobiel_rolien_smartphone_prive_ringer_mode,Rolien smartphone prive Ringer mode,sensor,mobile_app,fd4ec006a2ea1c62002c6b6b5a624173,Rolien smartphone prive,Mobiel,device,,,0,True,no labels at all,integration,
device_tracker.mobiel_rolien_smartphone_prive,Rolien smartphone prive,device_tracker,mobile_app,fd4ec006a2ea1c62002c6b6b5a624173,Rolien smartphone prive,Mobiel,device,diagnostic,"Mobile, WiFi",2,False,"missing category: brand, function",,
notify.mobiel_rolien_smartphone_prive,,notify,mobile_app,fd4ec006a2ea1c62002c6b6b5a624173,Rolien smartphone prive,Mobiel,device,,,0,True,no labels at all,,
sensor.mobiel_rolien_smartphone_prive_screen_brightness,Rolien smartphone prive Screen brightness,sensor,mobile_app,fd4ec006a2ea1c62002c6b6b5a624173,Rolien smartphone prive,Mobiel,device,,,0,True,no labels at all,integration,
sensor.mobiel_rolien_smartphone_prive_screen_off_timeout,Rolien smartphone prive Screen off timeout,sensor,mobile_app,fd4ec006a2ea1c62002c6b6b5a624173,Rolien smartphone prive,Mobiel,device,,,0,True,no labels at all,integration,
sensor.mobiel_rolien_smartphone_prive_screen_orientation,Rolien smartphone prive Screen orientation,sensor,mobile_app,fd4ec006a2ea1c62002c6b6b5a624173,Rolien smartphone prive,Mobiel,device,,,0,True,no labels at all,integration,
sensor.mobiel_rolien_smartphone_prive_screen_rotation,Rolien smartphone prive Screen rotation,sensor,mobile_app,fd4ec006a2ea1c62002c6b6b5a624173,Rolien smartphone prive,Mobiel,device,,,0,True,no labels at all,integration,
sensor.mobiel_rolien_smartphone_prive_security_patch,Rolien smartphone prive Security patch,sensor,mobile_app,fd4ec006a2ea1c62002c6b6b5a624173,Rolien smartphone prive,Mobiel,device,diagnostic,,0,True,no labels at all,integration,
sensor.mobiel_rolien_smartphone_prive_signal_strength_sim_1,Rolien smartphone prive Signal strength (SIM 1),sensor,mobile_app,fd4ec006a2ea1c62002c6b6b5a624173,Rolien smartphone prive,Mobiel,device,diagnostic,,0,True,no labels at all,integration,
sensor.mobiel_rolien_smartphone_prive_signal_strength_sim_2,Rolien smartphone prive Signal strength (SIM 2),sensor,mobile_app,fd4ec006a2ea1c62002c6b6b5a624173,Rolien smartphone prive,Mobiel,device,diagnostic,,0,True,no labels at all,integration,
sensor.mobiel_rolien_smartphone_prive_sim_1,Rolien smartphone prive SIM 1,sensor,mobile_app,fd4ec006a2ea1c62002c6b6b5a624173,Rolien smartphone prive,Mobiel,device,diagnostic,,0,True,no labels at all,integration,
sensor.mobiel_rolien_smartphone_prive_sim_2,Rolien smartphone prive SIM 2,sensor,mobile_app,fd4ec006a2ea1c62002c6b6b5a624173,Rolien smartphone prive,Mobiel,device,diagnostic,,0,True,no labels at all,integration,
sensor.mobiel_rolien_smartphone_prive_sleep_confidence,Rolien smartphone prive Sleep confidence,sensor,mobile_app,fd4ec006a2ea1c62002c6b6b5a624173,Rolien smartphone prive,Mobiel,device,,,0,True,no labels at all,integration,
sensor.mobiel_rolien_smartphone_prive_sleep_segment,Rolien smartphone prive Sleep segment,sensor,mobile_app,fd4ec006a2ea1c62002c6b6b5a624173,Rolien smartphone prive,Mobiel,device,,,0,True,no labels at all,integration,
binary_sensor.mobiel_rolien_smartphone_prive_speakerphone,Rolien smartphone prive Speakerphone,binary_sensor,mobile_app,fd4ec006a2ea1c62002c6b6b5a624173,Rolien smartphone prive,Mobiel,device,,,0,True,no labels at all,integration,
sensor.mobiel_rolien_smartphone_prive_steps_sensor,Rolien smartphone prive Steps sensor,sensor,mobile_app,fd4ec006a2ea1c62002c6b6b5a624173,Rolien smartphone prive,Mobiel,device,,,0,True,no labels at all,integration,
sensor.mobiel_rolien_smartphone_prive_total_rx_gb,Rolien smartphone prive Total Rx GB,sensor,mobile_app,fd4ec006a2ea1c62002c6b6b5a624173,Rolien smartphone prive,Mobiel,device,diagnostic,,0,True,no labels at all,integration,
sensor.mobiel_rolien_smartphone_prive_total_tx_gb,Rolien smartphone prive Total Tx GB,sensor,mobile_app,fd4ec006a2ea1c62002c6b6b5a624173,Rolien smartphone prive,Mobiel,device,diagnostic,,0,True,no labels at all,integration,
sensor.mobiel_rolien_smartphone_prive_volume_level_accessibility,Rolien smartphone prive Volume level accessibility,sensor,mobile_app,fd4ec006a2ea1c62002c6b6b5a624173,Rolien smartphone prive,Mobiel,device,diagnostic,,0,True,no labels at all,integration,
sensor.mobiel_rolien_smartphone_prive_volume_level_alarm,Rolien smartphone prive Volume level alarm,sensor,mobile_app,fd4ec006a2ea1c62002c6b6b5a624173,Rolien smartphone prive,Mobiel,device,diagnostic,,0,True,no labels at all,integration,
sensor.mobiel_rolien_smartphone_prive_volume_level_call,Rolien smartphone prive Volume level call,sensor,mobile_app,fd4ec006a2ea1c62002c6b6b5a624173,Rolien smartphone prive,Mobiel,device,diagnostic,,0,True,no labels at all,integration,
sensor.mobiel_rolien_smartphone_prive_volume_level_dtmf,Rolien smartphone prive Volume level DTMF,sensor,mobile_app,fd4ec006a2ea1c62002c6b6b5a624173,Rolien smartphone prive,Mobiel,device,diagnostic,,0,True,no labels at all,integration,
sensor.mobiel_rolien_smartphone_prive_volume_level_music,Rolien smartphone prive Volume level music,sensor,mobile_app,fd4ec006a2ea1c62002c6b6b5a624173,Rolien smartphone prive,Mobiel,device,diagnostic,,0,True,no labels at all,integration,
sensor.mobiel_rolien_smartphone_prive_volume_level_notification,Rolien smartphone prive Volume level notification,sensor,mobile_app,fd4ec006a2ea1c62002c6b6b5a624173,Rolien smartphone prive,Mobiel,device,diagnostic,,0,True,no labels at all,integration,
sensor.mobiel_rolien_smartphone_prive_volume_level_ringer,Rolien smartphone prive Volume level ringer,sensor,mobile_app,fd4ec006a2ea1c62002c6b6b5a624173,Rolien smartphone prive,Mobiel,device,diagnostic,,0,True,no labels at all,integration,
sensor.mobiel_rolien_smartphone_prive_volume_level_system,Rolien smartphone prive Volume level system,sensor,mobile_app,fd4ec006a2ea1c62002c6b6b5a624173,Rolien smartphone prive,Mobiel,device,diagnostic,,0,True,no labels at all,integration,
sensor.mobiel_rolien_smartphone_prive_wi_fi_bssid,Rolien smartphone prive Wi-Fi BSSID,sensor,mobile_app,fd4ec006a2ea1c62002c6b6b5a624173,Rolien smartphone prive,Mobiel,device,diagnostic,,0,True,no labels at all,integration,
sensor.mobiel_rolien_smartphone_prive_wi_fi_connection,Rolien smartphone prive Wi-Fi connection,sensor,mobile_app,fd4ec006a2ea1c62002c6b6b5a624173,Rolien smartphone prive,Mobiel,device,diagnostic,,0,True,no labels at all,integration,
sensor.mobiel_rolien_smartphone_prive_wi_fi_frequency,Rolien smartphone prive Wi-Fi frequency,sensor,mobile_app,fd4ec006a2ea1c62002c6b6b5a624173,Rolien smartphone prive,Mobiel,device,diagnostic,,0,True,no labels at all,integration,
sensor.mobiel_rolien_smartphone_prive_wi_fi_ip_address,Rolien smartphone prive Wi-Fi IP address,sensor,mobile_app,fd4ec006a2ea1c62002c6b6b5a624173,Rolien smartphone prive,Mobiel,device,diagnostic,,0,True,no labels at all,integration,
sensor.mobiel_rolien_smartphone_prive_wi_fi_link_speed,Rolien smartphone prive Wi-Fi link speed,sensor,mobile_app,fd4ec006a2ea1c62002c6b6b5a624173,Rolien smartphone prive,Mobiel,device,diagnostic,,0,True,no labels at all,integration,
sensor.mobiel_rolien_smartphone_prive_wi_fi_signal_strength,Rolien smartphone prive Wi-Fi signal strength,sensor,mobile_app,fd4ec006a2ea1c62002c6b6b5a624173,Rolien smartphone prive,Mobiel,device,diagnostic,,0,True,no labels at all,integration,
binary_sensor.mobiel_rolien_smartphone_prive_wi_fi_state,Rolien smartphone prive Wi-Fi state,binary_sensor,mobile_app,fd4ec006a2ea1c62002c6b6b5a624173,Rolien smartphone prive,Mobiel,device,diagnostic,,0,True,no labels at all,integration,
binary_sensor.mobiel_rolien_smartphone_prive_work_profile,Rolien smartphone prive Work profile,binary_sensor,mobile_app,fd4ec006a2ea1c62002c6b6b5a624173,Rolien smartphone prive,Mobiel,device,,,0,True,no labels at all,integration,
sensor.mobiel_rudi_smartphone_rudiphone55_detected_activity,RudiPhone55 Detected activity,sensor,mobile_app,4c668be435eb5ac5eae8b29e160000f2,Rudi smartphone,Mobiel,device,,,0,True,no labels at all,integration,
sensor.mobiel_rudi_smartphone_rudiphone55_sleep_confidence,RudiPhone55 Sleep confidence,sensor,mobile_app,4c668be435eb5ac5eae8b29e160000f2,Rudi smartphone,Mobiel,device,,,0,True,no labels at all,integration,
sensor.mobiel_rudi_smartphone_rudiphone55_sleep_segment,RudiPhone55 Sleep segment,sensor,mobile_app,4c668be435eb5ac5eae8b29e160000f2,Rudi smartphone,Mobiel,device,,,0,True,no labels at all,integration,
binary_sensor.mobiel_rudi_smartphone_rudiphone55_android_auto,RudiPhone55 Android Auto,binary_sensor,mobile_app,4c668be435eb5ac5eae8b29e160000f2,Rudi smartphone,Mobiel,device,,,0,True,no labels at all,,
sensor.mobiel_rudi_smartphone_rudiphone55_os_version,RudiPhone55 OS version,sensor,mobile_app,4c668be435eb5ac5eae8b29e160000f2,Rudi smartphone,Mobiel,device,diagnostic,,0,True,no labels at all,integration,
sensor.mobiel_rudi_smartphone_rudiphone55_security_patch,RudiPhone55 Security patch,sensor,mobile_app,4c668be435eb5ac5eae8b29e160000f2,Rudi smartphone,Mobiel,device,diagnostic,,0,True,no labels at all,integration,
sensor.mobiel_rudi_smartphone_rudiphone55_current_version,RudiPhone55 Current version,sensor,mobile_app,4c668be435eb5ac5eae8b29e160000f2,Rudi smartphone,Mobiel,device,diagnostic,,0,True,no labels at all,integration,
sensor.mobiel_rudi_smartphone_rudiphone55_app_rx_gb,RudiPhone55 App Rx GB,sensor,mobile_app,4c668be435eb5ac5eae8b29e160000f2,Rudi smartphone,Mobiel,device,diagnostic,,0,True,no labels at all,integration,
sensor.mobiel_rudi_smartphone_rudiphone55_app_tx_gb,RudiPhone55 App Tx GB,sensor,mobile_app,4c668be435eb5ac5eae8b29e160000f2,Rudi smartphone,Mobiel,device,diagnostic,,0,True,no labels at all,integration,
sensor.mobiel_rudi_smartphone_rudiphone55_app_memory,RudiPhone55 App memory,sensor,mobile_app,4c668be435eb5ac5eae8b29e160000f2,Rudi smartphone,Mobiel,device,diagnostic,,0,True,no labels at all,integration,
binary_sensor.mobiel_rudi_smartphone_rudiphone55_app_inactive,RudiPhone55 App inactive,binary_sensor,mobile_app,4c668be435eb5ac5eae8b29e160000f2,Rudi smartphone,Mobiel,device,diagnostic,,0,True,no labels at all,integration,
sensor.mobiel_rudi_smartphone_rudiphone55_app_standby_bucket,RudiPhone55 App standby bucket,sensor,mobile_app,4c668be435eb5ac5eae8b29e160000f2,Rudi smartphone,Mobiel,device,diagnostic,,0,True,no labels at all,integration,
sensor.mobiel_rudi_smartphone_rudiphone55_app_importance,RudiPhone55 App importance,sensor,mobile_app,4c668be435eb5ac5eae8b29e160000f2,Rudi smartphone,Mobiel,device,diagnostic,,0,True,no labels at all,integration,
sensor.mobiel_rudi_smartphone_rudiphone55_ringer_mode,RudiPhone55 Ringer mode,sensor,mobile_app,4c668be435eb5ac5eae8b29e160000f2,Rudi smartphone,Mobiel,device,,,0,True,no labels at all,integration,
sensor.mobiel_rudi_smartphone_rudiphone55_audio_mode,RudiPhone55 Audio mode,sensor,mobile_app,4c668be435eb5ac5eae8b29e160000f2,Rudi smartphone,Mobiel,device,,,0,True,no labels at all,integration,
binary_sensor.mobiel_rudi_smartphone_rudiphone55_headphones,RudiPhone55 Headphones,binary_sensor,mobile_app,4c668be435eb5ac5eae8b29e160000f2,Rudi smartphone,Mobiel,device,,,0,True,no labels at all,integration,
binary_sensor.mobiel_rudi_smartphone_rudiphone55_mic_muted,RudiPhone55 Mic muted,binary_sensor,mobile_app,4c668be435eb5ac5eae8b29e160000f2,Rudi smartphone,Mobiel,device,,,0,True,no labels at all,integration,
binary_sensor.mobiel_rudi_smartphone_rudiphone55_speakerphone,RudiPhone55 Speakerphone,binary_sensor,mobile_app,4c668be435eb5ac5eae8b29e160000f2,Rudi smartphone,Mobiel,device,,,0,True,no labels at all,integration,
binary_sensor.mobiel_rudi_smartphone_rudiphone55_music_active,RudiPhone55 Music active,binary_sensor,mobile_app,4c668be435eb5ac5eae8b29e160000f2,Rudi smartphone,Mobiel,device,,,0,True,no labels at all,integration,
sensor.mobiel_rudi_smartphone_rudiphone55_volume_level_alarm,RudiPhone55 Volume level alarm,sensor,mobile_app,4c668be435eb5ac5eae8b29e160000f2,Rudi smartphone,Mobiel,device,diagnostic,,0,True,no labels at all,integration,
sensor.mobiel_rudi_smartphone_rudiphone55_volume_level_call,RudiPhone55 Volume level call,sensor,mobile_app,4c668be435eb5ac5eae8b29e160000f2,Rudi smartphone,Mobiel,device,diagnostic,,0,True,no labels at all,integration,
sensor.mobiel_rudi_smartphone_rudiphone55_volume_level_music,RudiPhone55 Volume level music,sensor,mobile_app,4c668be435eb5ac5eae8b29e160000f2,Rudi smartphone,Mobiel,device,diagnostic,,0,True,no labels at all,integration,
sensor.mobiel_rudi_smartphone_rudiphone55_volume_level_ringer,RudiPhone55 Volume level ringer,sensor,mobile_app,4c668be435eb5ac5eae8b29e160000f2,Rudi smartphone,Mobiel,device,diagnostic,,0,True,no labels at all,integration,
sensor.mobiel_rudi_smartphone_rudiphone55_volume_level_notification,RudiPhone55 Volume level notification,sensor,mobile_app,4c668be435eb5ac5eae8b29e160000f2,Rudi smartphone,Mobiel,device,diagnostic,,0,True,no labels at all,integration,
sensor.mobiel_rudi_smartphone_rudiphone55_volume_level_system,RudiPhone55 Volume level system,sensor,mobile_app,4c668be435eb5ac5eae8b29e160000f2,Rudi smartphone,Mobiel,device,diagnostic,,0,True,no labels at all,integration,
sensor.mobiel_rudi_smartphone_rudiphone55_volume_level_dtmf,RudiPhone55 Volume level DTMF,sensor,mobile_app,4c668be435eb5ac5eae8b29e160000f2,Rudi smartphone,Mobiel,device,diagnostic,,0,True,no labels at all,integration,
sensor.mobiel_rudi_smartphone_rudiphone55_volume_level_accessibility,RudiPhone55 Volume level accessibility,sensor,mobile_app,4c668be435eb5ac5eae8b29e160000f2,Rudi smartphone,Mobiel,device,diagnostic,,0,True,no labels at all,integration,
sensor.mobiel_rudi_smartphone_rudiphone55_battery_level,RudiPhone55 Battery level,sensor,mobile_app,4c668be435eb5ac5eae8b29e160000f2,Rudi smartphone,Mobiel,device,diagnostic,,0,True,no labels at all,,
sensor.mobiel_rudi_smartphone_rudiphone55_battery_state,RudiPhone55 Battery state,sensor,mobile_app,4c668be435eb5ac5eae8b29e160000f2,Rudi smartphone,Mobiel,device,diagnostic,,0,True,no labels at all,,
binary_sensor.mobiel_rudi_smartphone_rudiphone55_is_charging,RudiPhone55 Is charging,binary_sensor,mobile_app,4c668be435eb5ac5eae8b29e160000f2,Rudi smartphone,Mobiel,device,diagnostic,,0,True,no labels at all,integration,
sensor.mobiel_rudi_smartphone_rudiphone55_charger_type,RudiPhone55 Charger type,sensor,mobile_app,4c668be435eb5ac5eae8b29e160000f2,Rudi smartphone,Mobiel,device,diagnostic,,0,True,no labels at all,,
sensor.mobiel_rudi_smartphone_rudiphone55_battery_health,RudiPhone55 Battery health,sensor,mobile_app,4c668be435eb5ac5eae8b29e160000f2,Rudi smartphone,Mobiel,device,diagnostic,,0,True,no labels at all,integration,
sensor.mobiel_rudi_smartphone_rudiphone55_battery_temperature,RudiPhone55 Battery temperature,sensor,mobile_app,4c668be435eb5ac5eae8b29e160000f2,Rudi smartphone,Mobiel,device,diagnostic,,0,True,no labels at all,integration,
sensor.mobiel_rudi_smartphone_rudiphone55_battery_power,RudiPhone55 Battery power,sensor,mobile_app,4c668be435eb5ac5eae8b29e160000f2,Rudi smartphone,Mobiel,device,diagnostic,,0,True,no labels at all,integration,
sensor.mobiel_rudi_smartphone_rudiphone55_remaining_charge_time,RudiPhone55 Remaining charge time,sensor,mobile_app,4c668be435eb5ac5eae8b29e160000f2,Rudi smartphone,Mobiel,device,diagnostic,,0,True,no labels at all,integration,
sensor.mobiel_rudi_smartphone_rudiphone55_battery_cycle_count,RudiPhone55 Battery cycle count,sensor,mobile_app,4c668be435eb5ac5eae8b29e160000f2,Rudi smartphone,Mobiel,device,diagnostic,,0,True,no labels at all,integration,
sensor.mobiel_rudi_smartphone_rudiphone55_bluetooth_connection,RudiPhone55 Bluetooth connection,sensor,mobile_app,4c668be435eb5ac5eae8b29e160000f2,Rudi smartphone,Mobiel,device,,,0,True,no labels at all,integration,
binary_sensor.mobiel_rudi_smartphone_rudiphone55_bluetooth_state,RudiPhone55 Bluetooth state,binary_sensor,mobile_app,4c668be435eb5ac5eae8b29e160000f2,Rudi smartphone,Mobiel,device,diagnostic,,0,True,no labels at all,integration,
sensor.mobiel_rudi_smartphone_rudiphone55_ble_transmitter,RudiPhone55 BLE transmitter,sensor,mobile_app,4c668be435eb5ac5eae8b29e160000f2,Rudi smartphone,Mobiel,device,diagnostic,,0,True,no labels at all,integration,
sensor.mobiel_rudi_smartphone_rudiphone55_beacon_monitor,RudiPhone55 Beacon monitor,sensor,mobile_app,4c668be435eb5ac5eae8b29e160000f2,Rudi smartphone,Mobiel,device,diagnostic,,0,True,no labels at all,integration,
sensor.mobiel_rudi_smartphone_rudiphone55_car_battery,RudiPhone55 Car battery,sensor,mobile_app,4c668be435eb5ac5eae8b29e160000f2,Rudi smartphone,Mobiel,device,diagnostic,,0,True,no labels at all,integration,
sensor.mobiel_rudi_smartphone_rudiphone55_car_name,RudiPhone55 Car name,sensor,mobile_app,4c668be435eb5ac5eae8b29e160000f2,Rudi smartphone,Mobiel,device,,,0,True,no labels at all,integration,
sensor.mobiel_rudi_smartphone_rudiphone55_car_charging_status,RudiPhone55 Car charging status,sensor,mobile_app,4c668be435eb5ac5eae8b29e160000f2,Rudi smartphone,Mobiel,device,,,0,True,no labels at all,integration,
sensor.mobiel_rudi_smartphone_rudiphone55_car_ev_connector_type,RudiPhone55 Car EV connector type,sensor,mobile_app,4c668be435eb5ac5eae8b29e160000f2,Rudi smartphone,Mobiel,device,diagnostic,,0,True,no labels at all,integration,
sensor.mobiel_rudi_smartphone_rudiphone55_car_fuel,RudiPhone55 Car fuel,sensor,mobile_app,4c668be435eb5ac5eae8b29e160000f2,Rudi smartphone,Mobiel,device,,,0,True,no labels at all,integration,
sensor.mobiel_rudi_smartphone_rudiphone55_car_fuel_type,RudiPhone55 Car fuel type,sensor,mobile_app,4c668be435eb5ac5eae8b29e160000f2,Rudi smartphone,Mobiel,device,diagnostic,,0,True,no labels at all,integration,
sensor.mobiel_rudi_smartphone_rudiphone55_car_odometer,RudiPhone55 Car odometer,sensor,mobile_app,4c668be435eb5ac5eae8b29e160000f2,Rudi smartphone,Mobiel,device,,,0,True,no labels at all,integration,
sensor.mobiel_rudi_smartphone_rudiphone55_car_speed,RudiPhone55 Car speed,sensor,mobile_app,4c668be435eb5ac5eae8b29e160000f2,Rudi smartphone,Mobiel,device,,,0,True,no labels at all,integration,
sensor.mobiel_rudi_smartphone_rudiphone55_car_range_remaining,RudiPhone55 Car range remaining,sensor,mobile_app,4c668be435eb5ac5eae8b29e160000f2,Rudi smartphone,Mobiel,device,diagnostic,,0,True,no labels at all,integration,
sensor.mobiel_rudi_smartphone_rudiphone55_screen_brightness,RudiPhone55 Screen brightness,sensor,mobile_app,4c668be435eb5ac5eae8b29e160000f2,Rudi smartphone,Mobiel,device,,,0,True,no labels at all,integration,
sensor.mobiel_rudi_smartphone_rudiphone55_screen_off_timeout,RudiPhone55 Screen off timeout,sensor,mobile_app,4c668be435eb5ac5eae8b29e160000f2,Rudi smartphone,Mobiel,device,,,0,True,no labels at all,integration,
sensor.mobiel_rudi_smartphone_rudiphone55_screen_orientation,RudiPhone55 Screen orientation,sensor,mobile_app,4c668be435eb5ac5eae8b29e160000f2,Rudi smartphone,Mobiel,device,,,0,True,no labels at all,integration,
sensor.mobiel_rudi_smartphone_rudiphone55_screen_rotation,RudiPhone55 Screen rotation,sensor,mobile_app,4c668be435eb5ac5eae8b29e160000f2,Rudi smartphone,Mobiel,device,,,0,True,no labels at all,integration,
sensor.mobiel_rudi_smartphone_rudiphone55_do_not_disturb_sensor,RudiPhone55 Do Not Disturb sensor,sensor,mobile_app,4c668be435eb5ac5eae8b29e160000f2,Rudi smartphone,Mobiel,device,diagnostic,,0,True,no labels at all,integration,
sensor.mobiel_rudi_smartphone_rudiphone55_accent_color,RudiPhone55 Accent color,sensor,mobile_app,4c668be435eb5ac5eae8b29e160000f2,Rudi smartphone,Mobiel,device,diagnostic,,0,True,no labels at all,integration,
binary_sensor.mobiel_rudi_smartphone_rudiphone55_work_profile,RudiPhone55 Work profile,binary_sensor,mobile_app,4c668be435eb5ac5eae8b29e160000f2,Rudi smartphone,Mobiel,device,,,0,True,no labels at all,integration,
sensor.mobiel_rudi_smartphone_rudiphone55_geocoded_location,RudiPhone55 Geocoded location,sensor,mobile_app,4c668be435eb5ac5eae8b29e160000f2,Rudi smartphone,Mobiel,device,,,0,True,no labels at all,,
sensor.mobiel_rudi_smartphone_rudiphone55_active_calories_burned,RudiPhone55 Active calories burned,sensor,mobile_app,4c668be435eb5ac5eae8b29e160000f2,Rudi smartphone,Mobiel,device,diagnostic,,0,True,no labels at all,integration,
sensor.mobiel_rudi_smartphone_rudiphone55_basal_body_temperature,RudiPhone55 Basal body temperature,sensor,mobile_app,4c668be435eb5ac5eae8b29e160000f2,Rudi smartphone,Mobiel,device,diagnostic,,0,True,no labels at all,integration,
sensor.mobiel_rudi_smartphone_rudiphone55_basal_metabolic_rate,RudiPhone55 Basal metabolic rate,sensor,mobile_app,4c668be435eb5ac5eae8b29e160000f2,Rudi smartphone,Mobiel,device,diagnostic,,0,True,no labels at all,integration,
sensor.mobiel_rudi_smartphone_rudiphone55_blood_glucose,RudiPhone55 Blood glucose,sensor,mobile_app,4c668be435eb5ac5eae8b29e160000f2,Rudi smartphone,Mobiel,device,diagnostic,,0,True,no labels at all,integration,
sensor.mobiel_rudi_smartphone_rudiphone55_body_fat,RudiPhone55 Body fat,sensor,mobile_app,4c668be435eb5ac5eae8b29e160000f2,Rudi smartphone,Mobiel,device,diagnostic,,0,True,no labels at all,integration,
sensor.mobiel_rudi_smartphone_rudiphone55_body_temperature,RudiPhone55 Body temperature,sensor,mobile_app,4c668be435eb5ac5eae8b29e160000f2,Rudi smartphone,Mobiel,device,diagnostic,,0,True,no labels at all,integration,
sensor.mobiel_rudi_smartphone_rudiphone55_body_water_mass,RudiPhone55 Body water mass,sensor,mobile_app,4c668be435eb5ac5eae8b29e160000f2,Rudi smartphone,Mobiel,device,diagnostic,,0,True,no labels at all,integration,
sensor.mobiel_rudi_smartphone_rudiphone55_bone_mass,RudiPhone55 Bone mass,sensor,mobile_app,4c668be435eb5ac5eae8b29e160000f2,Rudi smartphone,Mobiel,device,diagnostic,,0,True,no labels at all,integration,
sensor.mobiel_rudi_smartphone_rudiphone55_diastolic_blood_pressure,RudiPhone55 Diastolic blood pressure,sensor,mobile_app,4c668be435eb5ac5eae8b29e160000f2,Rudi smartphone,Mobiel,device,diagnostic,,0,True,no labels at all,integration,
sensor.mobiel_rudi_smartphone_rudiphone55_daily_distance,RudiPhone55 Daily distance,sensor,mobile_app,4c668be435eb5ac5eae8b29e160000f2,Rudi smartphone,Mobiel,device,diagnostic,,0,True,no labels at all,integration,
sensor.mobiel_rudi_smartphone_rudiphone55_daily_elevation_gained,RudiPhone55 Daily elevation gained,sensor,mobile_app,4c668be435eb5ac5eae8b29e160000f2,Rudi smartphone,Mobiel,device,diagnostic,,0,True,no labels at all,integration,
sensor.mobiel_rudi_smartphone_rudiphone55_daily_floors,RudiPhone55 Daily floors,sensor,mobile_app,4c668be435eb5ac5eae8b29e160000f2,Rudi smartphone,Mobiel,device,diagnostic,,0,True,no labels at all,integration,
sensor.mobiel_rudi_smartphone_rudiphone55_heart_rate,RudiPhone55 Heart rate,sensor,mobile_app,4c668be435eb5ac5eae8b29e160000f2,Rudi smartphone,Mobiel,device,diagnostic,,0,True,no labels at all,integration,
sensor.mobiel_rudi_smartphone_rudiphone55_heart_rate_variability,RudiPhone55 Heart rate variability,sensor,mobile_app,4c668be435eb5ac5eae8b29e160000f2,Rudi smartphone,Mobiel,device,diagnostic,,0,True,no labels at all,integration,
sensor.mobiel_rudi_smartphone_rudiphone55_height,RudiPhone55 Height,sensor,mobile_app,4c668be435eb5ac5eae8b29e160000f2,Rudi smartphone,Mobiel,device,diagnostic,,0,True,no labels at all,integration,
sensor.mobiel_rudi_smartphone_rudiphone55_daily_hydration,RudiPhone55 Daily hydration,sensor,mobile_app,4c668be435eb5ac5eae8b29e160000f2,Rudi smartphone,Mobiel,device,diagnostic,,0,True,no labels at all,integration,
sensor.mobiel_rudi_smartphone_rudiphone55_lean_body_mass,RudiPhone55 Lean body mass,sensor,mobile_app,4c668be435eb5ac5eae8b29e160000f2,Rudi smartphone,Mobiel,device,diagnostic,,0,True,no labels at all,integration,
sensor.mobiel_rudi_smartphone_rudiphone55_oxygen_saturation,RudiPhone55 Oxygen saturation,sensor,mobile_app,4c668be435eb5ac5eae8b29e160000f2,Rudi smartphone,Mobiel,device,diagnostic,,0,True,no labels at all,integration,
sensor.mobiel_rudi_smartphone_rudiphone55_respiratory_rate,RudiPhone55 Respiratory rate,sensor,mobile_app,4c668be435eb5ac5eae8b29e160000f2,Rudi smartphone,Mobiel,device,diagnostic,,0,True,no labels at all,integration,
sensor.mobiel_rudi_smartphone_rudiphone55_resting_heart_rate,RudiPhone55 Resting heart rate,sensor,mobile_app,4c668be435eb5ac5eae8b29e160000f2,Rudi smartphone,Mobiel,device,diagnostic,,0,True,no labels at all,integration,
sensor.mobiel_rudi_smartphone_rudiphone55_sleep_duration,RudiPhone55 Sleep duration,sensor,mobile_app,4c668be435eb5ac5eae8b29e160000f2,Rudi smartphone,Mobiel,device,diagnostic,,0,True,no labels at all,integration,
sensor.mobiel_rudi_smartphone_rudiphone55_daily_steps,RudiPhone55 Daily steps,sensor,mobile_app,4c668be435eb5ac5eae8b29e160000f2,Rudi smartphone,Mobiel,device,diagnostic,,0,True,no labels at all,integration,
sensor.mobiel_rudi_smartphone_rudiphone55_systolic_blood_pressure,RudiPhone55 Systolic blood pressure,sensor,mobile_app,4c668be435eb5ac5eae8b29e160000f2,Rudi smartphone,Mobiel,device,diagnostic,,0,True,no labels at all,integration,
sensor.mobiel_rudi_smartphone_rudiphone55_total_calories_burned,RudiPhone55 Total calories burned,sensor,mobile_app,4c668be435eb5ac5eae8b29e160000f2,Rudi smartphone,Mobiel,device,diagnostic,,0,True,no labels at all,integration,
sensor.mobiel_rudi_smartphone_rudiphone55_vo2_max,RudiPhone55 VO2 max,sensor,mobile_app,4c668be435eb5ac5eae8b29e160000f2,Rudi smartphone,Mobiel,device,diagnostic,,0,True,no labels at all,integration,
sensor.mobiel_rudi_smartphone_rudiphone55_weight,RudiPhone55 Weight,sensor,mobile_app,4c668be435eb5ac5eae8b29e160000f2,Rudi smartphone,Mobiel,device,diagnostic,,0,True,no labels at all,integration,
binary_sensor.mobiel_rudi_smartphone_rudiphone55_device_locked,RudiPhone55 Device locked,binary_sensor,mobile_app,4c668be435eb5ac5eae8b29e160000f2,Rudi smartphone,Mobiel,device,diagnostic,,0,True,no labels at all,integration,
binary_sensor.mobiel_rudi_smartphone_rudiphone55_device_secure,RudiPhone55 Device secure,binary_sensor,mobile_app,4c668be435eb5ac5eae8b29e160000f2,Rudi smartphone,Mobiel,device,diagnostic,,0,True,no labels at all,integration,
binary_sensor.mobiel_rudi_smartphone_rudiphone55_keyguard_locked,RudiPhone55 Keyguard locked,binary_sensor,mobile_app,4c668be435eb5ac5eae8b29e160000f2,Rudi smartphone,Mobiel,device,diagnostic,,0,True,no labels at all,integration,
binary_sensor.mobiel_rudi_smartphone_rudiphone55_keyguard_secure,RudiPhone55 Keyguard secure,binary_sensor,mobile_app,4c668be435eb5ac5eae8b29e160000f2,Rudi smartphone,Mobiel,device,diagnostic,,0,True,no labels at all,integration,
sensor.mobiel_rudi_smartphone_rudiphone55_last_used_app,RudiPhone55 Last used app,sensor,mobile_app,4c668be435eb5ac5eae8b29e160000f2,Rudi smartphone,Mobiel,device,,,0,True,no labels at all,integration,
sensor.mobiel_rudi_smartphone_rudiphone55_last_reboot,RudiPhone55 Last reboot,sensor,mobile_app,4c668be435eb5ac5eae8b29e160000f2,Rudi smartphone,Mobiel,device,diagnostic,,0,True,no labels at all,integration,
sensor.mobiel_rudi_smartphone_rudiphone55_last_update_trigger,RudiPhone55 Last update trigger,sensor,mobile_app,4c668be435eb5ac5eae8b29e160000f2,Rudi smartphone,Mobiel,device,diagnostic,,0,True,no labels at all,integration,
sensor.mobiel_rudi_smartphone_rudiphone55_light_sensor,RudiPhone55 Light sensor,sensor,mobile_app,4c668be435eb5ac5eae8b29e160000f2,Rudi smartphone,Mobiel,device,,,0,True,no labels at all,integration,
binary_sensor.mobiel_rudi_smartphone_rudiphone55_high_accuracy_mode,RudiPhone55 High accuracy mode,binary_sensor,mobile_app,4c668be435eb5ac5eae8b29e160000f2,Rudi smartphone,Mobiel,device,diagnostic,,0,True,no labels at all,integration,
sensor.mobiel_rudi_smartphone_rudiphone55_high_accuracy_update_interval,RudiPhone55 High accuracy update interval,sensor,mobile_app,4c668be435eb5ac5eae8b29e160000f2,Rudi smartphone,Mobiel,device,diagnostic,,0,True,no labels at all,integration,
binary_sensor.mobiel_rudi_smartphone_rudiphone55_mobile_data,RudiPhone55 Mobile data,binary_sensor,mobile_app,4c668be435eb5ac5eae8b29e160000f2,Rudi smartphone,Mobiel,device,diagnostic,,0,True,no labels at all,integration,
binary_sensor.mobiel_rudi_smartphone_rudiphone55_mobile_data_roaming,RudiPhone55 Mobile data roaming,binary_sensor,mobile_app,4c668be435eb5ac5eae8b29e160000f2,Rudi smartphone,Mobiel,device,diagnostic,,0,True,no labels at all,integration,
sensor.mobiel_rudi_smartphone_rudiphone55_wi_fi_connection,RudiPhone55 Wi-Fi connection,sensor,mobile_app,4c668be435eb5ac5eae8b29e160000f2,Rudi smartphone,Mobiel,device,diagnostic,,0,True,no labels at all,integration,
sensor.mobiel_rudi_smartphone_rudiphone55_wi_fi_bssid,RudiPhone55 Wi-Fi BSSID,sensor,mobile_app,4c668be435eb5ac5eae8b29e160000f2,Rudi smartphone,Mobiel,device,diagnostic,,0,True,no labels at all,integration,
sensor.mobiel_rudi_smartphone_rudiphone55_wi_fi_ip_address,RudiPhone55 Wi-Fi IP address,sensor,mobile_app,4c668be435eb5ac5eae8b29e160000f2,Rudi smartphone,Mobiel,device,diagnostic,,0,True,no labels at all,integration,
sensor.mobiel_rudi_smartphone_rudiphone55_wi_fi_link_speed,RudiPhone55 Wi-Fi link speed,sensor,mobile_app,4c668be435eb5ac5eae8b29e160000f2,Rudi smartphone,Mobiel,device,diagnostic,,0,True,no labels at all,integration,
binary_sensor.mobiel_rudi_smartphone_rudiphone55_wi_fi_state,RudiPhone55 Wi-Fi state,binary_sensor,mobile_app,4c668be435eb5ac5eae8b29e160000f2,Rudi smartphone,Mobiel,device,diagnostic,,0,True,no labels at all,integration,
sensor.mobiel_rudi_smartphone_rudiphone55_wi_fi_frequency,RudiPhone55 Wi-Fi frequency,sensor,mobile_app,4c668be435eb5ac5eae8b29e160000f2,Rudi smartphone,Mobiel,device,diagnostic,,0,True,no labels at all,integration,
sensor.mobiel_rudi_smartphone_rudiphone55_wi_fi_signal_strength,RudiPhone55 Wi-Fi signal strength,sensor,mobile_app,4c668be435eb5ac5eae8b29e160000f2,Rudi smartphone,Mobiel,device,diagnostic,,0,True,no labels at all,integration,
sensor.mobiel_rudi_smartphone_rudiphone55_public_ip_address,RudiPhone55 Public IP address,sensor,mobile_app,4c668be435eb5ac5eae8b29e160000f2,Rudi smartphone,Mobiel,device,diagnostic,,0,True,no labels at all,integration,
binary_sensor.mobiel_rudi_smartphone_rudiphone55_hotspot_state,RudiPhone55 Hotspot state,binary_sensor,mobile_app,4c668be435eb5ac5eae8b29e160000f2,Rudi smartphone,Mobiel,device,diagnostic,,0,True,no labels at all,integration,
sensor.mobiel_rudi_smartphone_rudiphone55_network_type,RudiPhone55 Network type,sensor,mobile_app,4c668be435eb5ac5eae8b29e160000f2,Rudi smartphone,Mobiel,device,diagnostic,,0,True,no labels at all,integration,
sensor.mobiel_rudi_smartphone_rudiphone55_ipv6_addresses,RudiPhone55 IPv6 addresses,sensor,mobile_app,4c668be435eb5ac5eae8b29e160000f2,Rudi smartphone,Mobiel,device,diagnostic,,0,True,no labels at all,integration,
binary_sensor.mobiel_rudi_smartphone_rudiphone55_nfc_state,RudiPhone55 NFC state,binary_sensor,mobile_app,4c668be435eb5ac5eae8b29e160000f2,Rudi smartphone,Mobiel,device,diagnostic,,0,True,no labels at all,integration,
sensor.mobiel_rudi_smartphone_rudiphone55_next_alarm,RudiPhone55 Next alarm,sensor,mobile_app,4c668be435eb5ac5eae8b29e160000f2,Rudi smartphone,Mobiel,device,,,0,True,no labels at all,integration,
sensor.mobiel_rudi_smartphone_rudiphone55_last_notification,RudiPhone55 Last notification,sensor,mobile_app,4c668be435eb5ac5eae8b29e160000f2,Rudi smartphone,Mobiel,device,,,0,True,no labels at all,integration,
sensor.mobiel_rudi_smartphone_rudiphone55_last_removed_notification,RudiPhone55 Last removed notification,sensor,mobile_app,4c668be435eb5ac5eae8b29e160000f2,Rudi smartphone,Mobiel,device,,,0,True,no labels at all,integration,
sensor.mobiel_rudi_smartphone_rudiphone55_active_notification_count,RudiPhone55 Active notification count,sensor,mobile_app,4c668be435eb5ac5eae8b29e160000f2,Rudi smartphone,Mobiel,device,,,0,True,no labels at all,integration,
sensor.mobiel_rudi_smartphone_rudiphone55_media_session,RudiPhone55 Media session,sensor,mobile_app,4c668be435eb5ac5eae8b29e160000f2,Rudi smartphone,Mobiel,device,,,0,True,no labels at all,integration,
sensor.mobiel_rudi_smartphone_rudiphone55_phone_state,RudiPhone55 Phone state,sensor,mobile_app,4c668be435eb5ac5eae8b29e160000f2,Rudi smartphone,Mobiel,device,,,0,True,no labels at all,integration,
sensor.mobiel_rudi_smartphone_rudiphone55_sim_1,RudiPhone55 SIM 1,sensor,mobile_app,4c668be435eb5ac5eae8b29e160000f2,Rudi smartphone,Mobiel,device,diagnostic,,0,True,no labels at all,integration,
sensor.mobiel_rudi_smartphone_rudiphone55_sim_2,RudiPhone55 SIM 2,sensor,mobile_app,4c668be435eb5ac5eae8b29e160000f2,Rudi smartphone,Mobiel,device,diagnostic,,0,True,no labels at all,integration,
sensor.mobiel_rudi_smartphone_rudiphone55_signal_strength_sim_1,RudiPhone55 Signal strength (SIM 1),sensor,mobile_app,4c668be435eb5ac5eae8b29e160000f2,Rudi smartphone,Mobiel,device,diagnostic,,0,True,no labels at all,integration,
sensor.mobiel_rudi_smartphone_rudiphone55_signal_strength_sim_2,RudiPhone55 Signal strength (SIM 2),sensor,mobile_app,4c668be435eb5ac5eae8b29e160000f2,Rudi smartphone,Mobiel,device,diagnostic,,0,True,no labels at all,integration,
sensor.mobiel_rudi_smartphone_rudiphone55_data_network_type_sim_1,RudiPhone55 Data network type (SIM 1),sensor,mobile_app,4c668be435eb5ac5eae8b29e160000f2,Rudi smartphone,Mobiel,device,diagnostic,,0,True,no labels at all,integration,
sensor.mobiel_rudi_smartphone_rudiphone55_data_network_type_sim_2,RudiPhone55 Data network type (SIM 2),sensor,mobile_app,4c668be435eb5ac5eae8b29e160000f2,Rudi smartphone,Mobiel,device,diagnostic,,0,True,no labels at all,integration,
binary_sensor.mobiel_rudi_smartphone_rudiphone55_interactive,RudiPhone55 Interactive,binary_sensor,mobile_app,4c668be435eb5ac5eae8b29e160000f2,Rudi smartphone,Mobiel,device,diagnostic,,0,True,no labels at all,integration,
binary_sensor.mobiel_rudi_smartphone_rudiphone55_doze_mode,RudiPhone55 Doze mode,binary_sensor,mobile_app,4c668be435eb5ac5eae8b29e160000f2,Rudi smartphone,Mobiel,device,diagnostic,,0,True,no labels at all,integration,
binary_sensor.mobiel_rudi_smartphone_rudiphone55_power_save,RudiPhone55 Power save,binary_sensor,mobile_app,4c668be435eb5ac5eae8b29e160000f2,Rudi smartphone,Mobiel,device,diagnostic,,0,True,no labels at all,integration,
sensor.mobiel_rudi_smartphone_rudiphone55_proximity_sensor,RudiPhone55 Proximity sensor,sensor,mobile_app,4c668be435eb5ac5eae8b29e160000f2,Rudi smartphone,Mobiel,device,diagnostic,,0,True,no labels at all,integration,
sensor.mobiel_rudi_smartphone_rudiphone55_steps_sensor,RudiPhone55 Steps sensor,sensor,mobile_app,4c668be435eb5ac5eae8b29e160000f2,Rudi smartphone,Mobiel,device,,,0,True,no labels at all,integration,
sensor.mobiel_rudi_smartphone_rudiphone55_internal_storage,RudiPhone55 Internal storage,sensor,mobile_app,4c668be435eb5ac5eae8b29e160000f2,Rudi smartphone,Mobiel,device,diagnostic,,0,True,no labels at all,integration,
sensor.mobiel_rudi_smartphone_rudiphone55_external_storage,RudiPhone55 External storage,sensor,mobile_app,4c668be435eb5ac5eae8b29e160000f2,Rudi smartphone,Mobiel,device,diagnostic,,0,True,no labels at all,integration,
sensor.mobiel_rudi_smartphone_rudiphone55_current_time_zone,RudiPhone55 Current time zone,sensor,mobile_app,4c668be435eb5ac5eae8b29e160000f2,Rudi smartphone,Mobiel,device,diagnostic,,0,True,no labels at all,integration,
sensor.mobiel_rudi_smartphone_rudiphone55_mobile_rx_gb,RudiPhone55 Mobile Rx GB,sensor,mobile_app,4c668be435eb5ac5eae8b29e160000f2,Rudi smartphone,Mobiel,device,diagnostic,,0,True,no labels at all,integration,
sensor.mobiel_rudi_smartphone_rudiphone55_mobile_tx_gb,RudiPhone55 Mobile Tx GB,sensor,mobile_app,4c668be435eb5ac5eae8b29e160000f2,Rudi smartphone,Mobiel,device,diagnostic,,0,True,no labels at all,integration,
sensor.mobiel_rudi_smartphone_rudiphone55_total_rx_gb,RudiPhone55 Total Rx GB,sensor,mobile_app,4c668be435eb5ac5eae8b29e160000f2,Rudi smartphone,Mobiel,device,diagnostic,,0,True,no labels at all,integration,
sensor.mobiel_rudi_smartphone_rudiphone55_total_tx_gb,RudiPhone55 Total Tx GB,sensor,mobile_app,4c668be435eb5ac5eae8b29e160000f2,Rudi smartphone,Mobiel,device,diagnostic,,0,True,no labels at all,integration,
sensor.zolder_droger_energy_total,Energy Total,sensor,ha_washdata,5a141da697ec8522b78aa303e760b1fd,Droger,Zolder,device,,,0,True,no labels at all,,
button.zolder_droger_record_cycle_start,Record Cycle Start,button,ha_washdata,5a141da697ec8522b78aa303e760b1fd,Droger,Zolder,device,,,0,True,no labels at all,,
button.zolder_droger_record_cycle_stop,Record Cycle Stop,button,ha_washdata,5a141da697ec8522b78aa303e760b1fd,Droger,Zolder,device,,,0,True,no labels at all,,
sensor.keuken_vaatwasser_energy_total,Energy Total,sensor,ha_washdata,a6114b1064027ac6ecc2e1e52413f6c1,Vaatwasser,Keuken,device,,,0,True,no labels at all,,
button.keuken_vaatwasser_record_cycle_start,Record Cycle Start,button,ha_washdata,a6114b1064027ac6ecc2e1e52413f6c1,Vaatwasser,Keuken,device,,,0,True,no labels at all,,
button.keuken_vaatwasser_record_cycle_stop,Record Cycle Stop,button,ha_washdata,a6114b1064027ac6ecc2e1e52413f6c1,Vaatwasser,Keuken,device,,,0,True,no labels at all,,
sensor.zolder_wasmachine_energy_total,Energy Total,sensor,ha_washdata,369135bc288deeb3e126025bd58239b8,Wasmachine,Zolder,device,,,0,True,no labels at all,,
button.zolder_wasmachine_record_cycle_start,Record Cycle Start,button,ha_washdata,369135bc288deeb3e126025bd58239b8,Wasmachine,Zolder,device,,,0,True,no labels at all,,
button.zolder_wasmachine_record_cycle_stop,Record Cycle Stop,button,ha_washdata,369135bc288deeb3e126025bd58239b8,Wasmachine,Zolder,device,,,0,True,no labels at all,,
sensor.unknown_iq_microinverters_113203000786_power,113203000786 Power,sensor,enphase_ev,7a3dd62eb0b34976710c49299b847d9c,IQ Microinverters,Unknown,device,,,0,True,no labels at all,integration,
sensor.unknown_iq_microinverters_113203011963_power,113203011963 Power,sensor,enphase_ev,7a3dd62eb0b34976710c49299b847d9c,IQ Microinverters,Unknown,device,,,0,True,no labels at all,integration,
sensor.unknown_iq_microinverters_113203013390_power,113203013390 Power,sensor,enphase_ev,7a3dd62eb0b34976710c49299b847d9c,IQ Microinverters,Unknown,device,,,0,True,no labels at all,integration,
sensor.unknown_iq_microinverters_113203013624_power,113203013624 Power,sensor,enphase_ev,7a3dd62eb0b34976710c49299b847d9c,IQ Microinverters,Unknown,device,,,0,True,no labels at all,integration,
sensor.unknown_iq_microinverters_113203017296_power,113203017296 Power,sensor,enphase_ev,7a3dd62eb0b34976710c49299b847d9c,IQ Microinverters,Unknown,device,,,0,True,no labels at all,integration,
sensor.unknown_iq_microinverters_113203017303_power,113203017303 Power,sensor,enphase_ev,7a3dd62eb0b34976710c49299b847d9c,IQ Microinverters,Unknown,device,,,0,True,no labels at all,integration,
sensor.unknown_iq_microinverters_113203017394_power,113203017394 Power,sensor,enphase_ev,7a3dd62eb0b34976710c49299b847d9c,IQ Microinverters,Unknown,device,,,0,True,no labels at all,integration,
sensor.unknown_iq_microinverters_113203017400_power,113203017400 Power,sensor,enphase_ev,7a3dd62eb0b34976710c49299b847d9c,IQ Microinverters,Unknown,device,,,0,True,no labels at all,integration,
sensor.unknown_iq_microinverters_113203017402_power,113203017402 Power,sensor,enphase_ev,7a3dd62eb0b34976710c49299b847d9c,IQ Microinverters,Unknown,device,,,0,True,no labels at all,integration,
sensor.unknown_iq_microinverters_113203017544_power,113203017544 Power,sensor,enphase_ev,7a3dd62eb0b34976710c49299b847d9c,IQ Microinverters,Unknown,device,,,0,True,no labels at all,integration,
sensor.unknown_iq_microinverters_113203017575_power,113203017575 Power,sensor,enphase_ev,7a3dd62eb0b34976710c49299b847d9c,IQ Microinverters,Unknown,device,,,0,True,no labels at all,integration,
sensor.unknown_iq_microinverters_113203017626_power,113203017626 Power,sensor,enphase_ev,7a3dd62eb0b34976710c49299b847d9c,IQ Microinverters,Unknown,device,,,0,True,no labels at all,integration,
sensor.unknown_iq_microinverters_113203017701_power,113203017701 Power,sensor,enphase_ev,7a3dd62eb0b34976710c49299b847d9c,IQ Microinverters,Unknown,device,,,0,True,no labels at all,integration,
binary_sensor.unknown_enphase_cloud_active_system_events,Active System Events,binary_sensor,enphase_ev,0e6434e4a2f6fd184573d242d37e6f23,Enphase Cloud,Unknown,device,diagnostic,,0,True,no labels at all,,
calendar.unknown_enphase_cloud_system_event_history,System Event History,calendar,enphase_ev,0e6434e4a2f6fd184573d242d37e6f23,Enphase Cloud,Unknown,device,,,0,True,no labels at all,,
binary_sensor.woonkamer_rflink_connection_status,Connection status,binary_sensor,rflink_ui,da82ff5dbdc636b76e851045d5935122,RFlink,Woonkamer,device,,,0,True,no labels at all,,
radio_frequency.woonkamer_rflink_transmitter,Transmitter,radio_frequency,rflink_ui,da82ff5dbdc636b76e851045d5935122,RFlink,Woonkamer,device,,,0,True,no labels at all,,
switch.tafel_ui,,switch,rflink_ui,03baee986391ece45d53bc1a7ffed9f6,Tafel (ui),,,,,0,True,no labels at all,,
switch.deken_knop_ui,,switch,rflink_ui,3a3b23ea312bcce0a5da4b0cd7c90c16,Deken - knop (ui),,,,,0,True,no labels at all,,
switch.slaapkamer_r_r_deken_rr_ui,,switch,rflink_ui,6c1dba942237f613ea480b75609476ec,Deken RR (ui),Slaapkamer R/R,device,,,0,True,no labels at all,,
switch.rolluik_j_d_ui,,switch,rflink_ui,820e624c20dc5f2a3182a672e5544a6d,Rolluik J/D (ui),,,,,0,True,no labels at all,,
switch.rolluik_r_r_ui,,switch,rflink_ui,06efa07857884779ff6c9ec772642c5c,Rolluik R/R (ui),,,,,0,True,no labels at all,,
sensor.veranda_vijver_ui_battery,Battery,sensor,rflink_ui,d8d1686895cf260f0071af4376630054,Vijver (ui),Veranda,device,,,0,True,no labels at all,,
sensor.veranda_vijver_ui_humidity,Humidity,sensor,rflink_ui,d8d1686895cf260f0071af4376630054,Vijver (ui),Veranda,device,,,0,True,no labels at all,,
sensor.veranda_vijver_ui_temperature,Temperature,sensor,rflink_ui,d8d1686895cf260f0071af4376630054,Vijver (ui),Veranda,device,,,0,True,no labels at all,,
sensor.veranda_temperature,Temperature,sensor,rflink_ui,3be46574a6974b338fd2cb331e210328,Veranda (ui),Veranda,device,,,0,True,no labels at all,,
sensor.veranda_humidity,Humidity,sensor,rflink_ui,3be46574a6974b338fd2cb331e210328,Veranda (ui),Veranda,device,,,0,True,no labels at all,,
sensor.veranda_battery,Battery,sensor,rflink_ui,3be46574a6974b338fd2cb331e210328,Veranda (ui),Veranda,device,,,0,True,no labels at all,,
switch.achterdeurbel_ui,,switch,rflink_ui,504c651543f6dcebe9dda5d8bd1e4a60,Achterdeurbel (ui),,,,,0,True,no labels at all,,
switch.voordeurbel_ui,,switch,rflink_ui,7c1ace7253a5aa710dede06d696d8f63,Voordeurbel (ui),,,,,0,True,no labels at all,,
switch.keuken_plafondlicht_ui,,switch,rflink_ui,e7d9ee0ca461b3dc94e7abdf41d27f86,Keuken - plafondlicht (ui),Keuken,device,,,0,True,no labels at all,,
switch.badkamer_buiten_ui,,switch,rflink_ui,1125799b363becbbb08ea5f947b9b87c,Badkamer - buiten (ui),,,,,0,True,no labels at all,,
zone.philene,Philene,zone,zone,,,,,,,0,True,no labels at all,,
zone.breezand,Breezand,zone,zone,,,,,,,0,True,no labels at all,,
zone.tilburg,Tilburg,zone,zone,,,,,,,0,True,no labels at all,,
notify.mobiel_darius_smartphone,,notify,mobile_app,72f75e4048ff8788a8850dd2c9e6fd75,Darius smartphone,Mobiel,device,,,0,True,no labels at all,,
sensor.mobiel_darius_smartphone_darius_s25_detected_activity,darius-s25 Detected activity,sensor,mobile_app,72f75e4048ff8788a8850dd2c9e6fd75,Darius smartphone,Mobiel,device,,,0,True,no labels at all,integration,
sensor.mobiel_darius_smartphone_darius_s25_sleep_confidence,darius-s25 Sleep confidence,sensor,mobile_app,72f75e4048ff8788a8850dd2c9e6fd75,Darius smartphone,Mobiel,device,,,0,True,no labels at all,integration,
sensor.mobiel_darius_smartphone_darius_s25_sleep_segment,darius-s25 Sleep segment,sensor,mobile_app,72f75e4048ff8788a8850dd2c9e6fd75,Darius smartphone,Mobiel,device,,,0,True,no labels at all,integration,
binary_sensor.mobiel_darius_smartphone_darius_s25_android_auto,darius-s25 Android Auto,binary_sensor,mobile_app,72f75e4048ff8788a8850dd2c9e6fd75,Darius smartphone,Mobiel,device,,,0,True,no labels at all,integration,
sensor.mobiel_darius_smartphone_darius_s25_os_version,darius-s25 OS version,sensor,mobile_app,72f75e4048ff8788a8850dd2c9e6fd75,Darius smartphone,Mobiel,device,diagnostic,,0,True,no labels at all,integration,
sensor.mobiel_darius_smartphone_darius_s25_security_patch,darius-s25 Security patch,sensor,mobile_app,72f75e4048ff8788a8850dd2c9e6fd75,Darius smartphone,Mobiel,device,diagnostic,,0,True,no labels at all,integration,
sensor.mobiel_darius_smartphone_darius_s25_current_version,darius-s25 Current version,sensor,mobile_app,72f75e4048ff8788a8850dd2c9e6fd75,Darius smartphone,Mobiel,device,diagnostic,,0,True,no labels at all,integration,
sensor.mobiel_darius_smartphone_darius_s25_app_rx_gb,darius-s25 App Rx GB,sensor,mobile_app,72f75e4048ff8788a8850dd2c9e6fd75,Darius smartphone,Mobiel,device,diagnostic,,0,True,no labels at all,integration,
sensor.mobiel_darius_smartphone_darius_s25_app_tx_gb,darius-s25 App Tx GB,sensor,mobile_app,72f75e4048ff8788a8850dd2c9e6fd75,Darius smartphone,Mobiel,device,diagnostic,,0,True,no labels at all,integration,
sensor.mobiel_darius_smartphone_darius_s25_app_memory,darius-s25 App memory,sensor,mobile_app,72f75e4048ff8788a8850dd2c9e6fd75,Darius smartphone,Mobiel,device,diagnostic,,0,True,no labels at all,integration,
binary_sensor.mobiel_darius_smartphone_darius_s25_app_inactive,darius-s25 App inactive,binary_sensor,mobile_app,72f75e4048ff8788a8850dd2c9e6fd75,Darius smartphone,Mobiel,device,diagnostic,,0,True,no labels at all,integration,
sensor.mobiel_darius_smartphone_darius_s25_app_standby_bucket,darius-s25 App standby bucket,sensor,mobile_app,72f75e4048ff8788a8850dd2c9e6fd75,Darius smartphone,Mobiel,device,diagnostic,,0,True,no labels at all,integration,
sensor.mobiel_darius_smartphone_darius_s25_app_importance,darius-s25 App importance,sensor,mobile_app,72f75e4048ff8788a8850dd2c9e6fd75,Darius smartphone,Mobiel,device,diagnostic,,0,True,no labels at all,integration,
sensor.mobiel_darius_smartphone_darius_s25_ringer_mode,darius-s25 Ringer mode,sensor,mobile_app,72f75e4048ff8788a8850dd2c9e6fd75,Darius smartphone,Mobiel,device,,,0,True,no labels at all,integration,
sensor.mobiel_darius_smartphone_darius_s25_audio_mode,darius-s25 Audio mode,sensor,mobile_app,72f75e4048ff8788a8850dd2c9e6fd75,Darius smartphone,Mobiel,device,,,0,True,no labels at all,integration,
binary_sensor.mobiel_darius_smartphone_darius_s25_headphones,darius-s25 Headphones,binary_sensor,mobile_app,72f75e4048ff8788a8850dd2c9e6fd75,Darius smartphone,Mobiel,device,,,0,True,no labels at all,integration,
binary_sensor.mobiel_darius_smartphone_darius_s25_mic_muted,darius-s25 Mic muted,binary_sensor,mobile_app,72f75e4048ff8788a8850dd2c9e6fd75,Darius smartphone,Mobiel,device,,,0,True,no labels at all,integration,
binary_sensor.mobiel_darius_smartphone_darius_s25_speakerphone,darius-s25 Speakerphone,binary_sensor,mobile_app,72f75e4048ff8788a8850dd2c9e6fd75,Darius smartphone,Mobiel,device,,,0,True,no labels at all,integration,
binary_sensor.mobiel_darius_smartphone_darius_s25_music_active,darius-s25 Music active,binary_sensor,mobile_app,72f75e4048ff8788a8850dd2c9e6fd75,Darius smartphone,Mobiel,device,,,0,True,no labels at all,integration,
sensor.mobiel_darius_smartphone_darius_s25_volume_level_alarm,darius-s25 Volume level alarm,sensor,mobile_app,72f75e4048ff8788a8850dd2c9e6fd75,Darius smartphone,Mobiel,device,diagnostic,,0,True,no labels at all,integration,
sensor.mobiel_darius_smartphone_darius_s25_volume_level_call,darius-s25 Volume level call,sensor,mobile_app,72f75e4048ff8788a8850dd2c9e6fd75,Darius smartphone,Mobiel,device,diagnostic,,0,True,no labels at all,integration,
sensor.mobiel_darius_smartphone_darius_s25_volume_level_music,darius-s25 Volume level music,sensor,mobile_app,72f75e4048ff8788a8850dd2c9e6fd75,Darius smartphone,Mobiel,device,diagnostic,,0,True,no labels at all,integration,
sensor.mobiel_darius_smartphone_darius_s25_volume_level_ringer,darius-s25 Volume level ringer,sensor,mobile_app,72f75e4048ff8788a8850dd2c9e6fd75,Darius smartphone,Mobiel,device,diagnostic,,0,True,no labels at all,integration,
sensor.mobiel_darius_smartphone_darius_s25_volume_level_notification,darius-s25 Volume level notification,sensor,mobile_app,72f75e4048ff8788a8850dd2c9e6fd75,Darius smartphone,Mobiel,device,diagnostic,,0,True,no labels at all,integration,
sensor.mobiel_darius_smartphone_darius_s25_volume_level_system,darius-s25 Volume level system,sensor,mobile_app,72f75e4048ff8788a8850dd2c9e6fd75,Darius smartphone,Mobiel,device,diagnostic,,0,True,no labels at all,integration,
sensor.mobiel_darius_smartphone_darius_s25_volume_level_dtmf,darius-s25 Volume level DTMF,sensor,mobile_app,72f75e4048ff8788a8850dd2c9e6fd75,Darius smartphone,Mobiel,device,diagnostic,,0,True,no labels at all,integration,
sensor.mobiel_darius_smartphone_darius_s25_volume_level_accessibility,darius-s25 Volume level accessibility,sensor,mobile_app,72f75e4048ff8788a8850dd2c9e6fd75,Darius smartphone,Mobiel,device,diagnostic,,0,True,no labels at all,integration,
sensor.mobiel_darius_smartphone_darius_s25_battery_level,darius-s25 Battery level,sensor,mobile_app,72f75e4048ff8788a8850dd2c9e6fd75,Darius smartphone,Mobiel,device,diagnostic,,0,True,no labels at all,,
sensor.mobiel_darius_smartphone_darius_s25_battery_state,darius-s25 Battery state,sensor,mobile_app,72f75e4048ff8788a8850dd2c9e6fd75,Darius smartphone,Mobiel,device,diagnostic,,0,True,no labels at all,,
binary_sensor.mobiel_darius_smartphone_darius_s25_is_charging,darius-s25 Is charging,binary_sensor,mobile_app,72f75e4048ff8788a8850dd2c9e6fd75,Darius smartphone,Mobiel,device,diagnostic,,0,True,no labels at all,integration,
sensor.mobiel_darius_smartphone_darius_s25_charger_type,darius-s25 Charger type,sensor,mobile_app,72f75e4048ff8788a8850dd2c9e6fd75,Darius smartphone,Mobiel,device,diagnostic,,0,True,no labels at all,,
sensor.mobiel_darius_smartphone_darius_s25_battery_health,darius-s25 Battery health,sensor,mobile_app,72f75e4048ff8788a8850dd2c9e6fd75,Darius smartphone,Mobiel,device,diagnostic,,0,True,no labels at all,integration,
sensor.mobiel_darius_smartphone_darius_s25_battery_temperature,darius-s25 Battery temperature,sensor,mobile_app,72f75e4048ff8788a8850dd2c9e6fd75,Darius smartphone,Mobiel,device,diagnostic,,0,True,no labels at all,integration,
sensor.mobiel_darius_smartphone_darius_s25_battery_power,darius-s25 Battery power,sensor,mobile_app,72f75e4048ff8788a8850dd2c9e6fd75,Darius smartphone,Mobiel,device,diagnostic,,0,True,no labels at all,integration,
sensor.mobiel_darius_smartphone_darius_s25_remaining_charge_time,darius-s25 Remaining charge time,sensor,mobile_app,72f75e4048ff8788a8850dd2c9e6fd75,Darius smartphone,Mobiel,device,diagnostic,,0,True,no labels at all,integration,
sensor.mobiel_darius_smartphone_darius_s25_battery_cycle_count,darius-s25 Battery cycle count,sensor,mobile_app,72f75e4048ff8788a8850dd2c9e6fd75,Darius smartphone,Mobiel,device,diagnostic,,0,True,no labels at all,integration,
sensor.mobiel_darius_smartphone_darius_s25_bluetooth_connection,darius-s25 Bluetooth connection,sensor,mobile_app,72f75e4048ff8788a8850dd2c9e6fd75,Darius smartphone,Mobiel,device,,,0,True,no labels at all,integration,
binary_sensor.mobiel_darius_smartphone_darius_s25_bluetooth_state,darius-s25 Bluetooth state,binary_sensor,mobile_app,72f75e4048ff8788a8850dd2c9e6fd75,Darius smartphone,Mobiel,device,diagnostic,,0,True,no labels at all,integration,
sensor.mobiel_darius_smartphone_darius_s25_ble_transmitter,darius-s25 BLE transmitter,sensor,mobile_app,72f75e4048ff8788a8850dd2c9e6fd75,Darius smartphone,Mobiel,device,diagnostic,,0,True,no labels at all,integration,
sensor.mobiel_darius_smartphone_darius_s25_beacon_monitor,darius-s25 Beacon monitor,sensor,mobile_app,72f75e4048ff8788a8850dd2c9e6fd75,Darius smartphone,Mobiel,device,diagnostic,,0,True,no labels at all,integration,
sensor.mobiel_darius_smartphone_darius_s25_car_battery,darius-s25 Car battery,sensor,mobile_app,72f75e4048ff8788a8850dd2c9e6fd75,Darius smartphone,Mobiel,device,diagnostic,,0,True,no labels at all,integration,
sensor.mobiel_darius_smartphone_darius_s25_car_name,darius-s25 Car name,sensor,mobile_app,72f75e4048ff8788a8850dd2c9e6fd75,Darius smartphone,Mobiel,device,,,0,True,no labels at all,integration,
sensor.mobiel_darius_smartphone_darius_s25_car_charging_status,darius-s25 Car charging status,sensor,mobile_app,72f75e4048ff8788a8850dd2c9e6fd75,Darius smartphone,Mobiel,device,,,0,True,no labels at all,integration,
sensor.mobiel_darius_smartphone_darius_s25_car_ev_connector_type,darius-s25 Car EV connector type,sensor,mobile_app,72f75e4048ff8788a8850dd2c9e6fd75,Darius smartphone,Mobiel,device,diagnostic,,0,True,no labels at all,integration,
sensor.mobiel_darius_smartphone_darius_s25_car_fuel,darius-s25 Car fuel,sensor,mobile_app,72f75e4048ff8788a8850dd2c9e6fd75,Darius smartphone,Mobiel,device,,,0,True,no labels at all,integration,
sensor.mobiel_darius_smartphone_darius_s25_car_fuel_type,darius-s25 Car fuel type,sensor,mobile_app,72f75e4048ff8788a8850dd2c9e6fd75,Darius smartphone,Mobiel,device,diagnostic,,0,True,no labels at all,integration,
sensor.mobiel_darius_smartphone_darius_s25_car_odometer,darius-s25 Car odometer,sensor,mobile_app,72f75e4048ff8788a8850dd2c9e6fd75,Darius smartphone,Mobiel,device,,,0,True,no labels at all,integration,
sensor.mobiel_darius_smartphone_darius_s25_car_speed,darius-s25 Car speed,sensor,mobile_app,72f75e4048ff8788a8850dd2c9e6fd75,Darius smartphone,Mobiel,device,,,0,True,no labels at all,integration,
sensor.mobiel_darius_smartphone_darius_s25_car_range_remaining,darius-s25 Car range remaining,sensor,mobile_app,72f75e4048ff8788a8850dd2c9e6fd75,Darius smartphone,Mobiel,device,diagnostic,,0,True,no labels at all,integration,
sensor.mobiel_darius_smartphone_darius_s25_screen_brightness,darius-s25 Screen brightness,sensor,mobile_app,72f75e4048ff8788a8850dd2c9e6fd75,Darius smartphone,Mobiel,device,,,0,True,no labels at all,integration,
sensor.mobiel_darius_smartphone_darius_s25_screen_off_timeout,darius-s25 Screen off timeout,sensor,mobile_app,72f75e4048ff8788a8850dd2c9e6fd75,Darius smartphone,Mobiel,device,,,0,True,no labels at all,integration,
sensor.mobiel_darius_smartphone_darius_s25_screen_orientation,darius-s25 Screen orientation,sensor,mobile_app,72f75e4048ff8788a8850dd2c9e6fd75,Darius smartphone,Mobiel,device,,,0,True,no labels at all,integration,
sensor.mobiel_darius_smartphone_darius_s25_screen_rotation,darius-s25 Screen rotation,sensor,mobile_app,72f75e4048ff8788a8850dd2c9e6fd75,Darius smartphone,Mobiel,device,,,0,True,no labels at all,integration,
sensor.mobiel_darius_smartphone_darius_s25_do_not_disturb_sensor,darius-s25 Do Not Disturb sensor,sensor,mobile_app,72f75e4048ff8788a8850dd2c9e6fd75,Darius smartphone,Mobiel,device,diagnostic,,0,True,no labels at all,integration,
sensor.mobiel_darius_smartphone_darius_s25_accent_color,darius-s25 Accent color,sensor,mobile_app,72f75e4048ff8788a8850dd2c9e6fd75,Darius smartphone,Mobiel,device,diagnostic,,0,True,no labels at all,integration,
binary_sensor.mobiel_darius_smartphone_darius_s25_work_profile,darius-s25 Work profile,binary_sensor,mobile_app,72f75e4048ff8788a8850dd2c9e6fd75,Darius smartphone,Mobiel,device,,,0,True,no labels at all,integration,
sensor.mobiel_darius_smartphone_darius_s25_geocoded_location,darius-s25 Geocoded location,sensor,mobile_app,72f75e4048ff8788a8850dd2c9e6fd75,Darius smartphone,Mobiel,device,,,0,True,no labels at all,integration,
sensor.mobiel_darius_smartphone_darius_s25_active_calories_burned,darius-s25 Active calories burned,sensor,mobile_app,72f75e4048ff8788a8850dd2c9e6fd75,Darius smartphone,Mobiel,device,diagnostic,,0,True,no labels at all,integration,
sensor.mobiel_darius_smartphone_darius_s25_basal_body_temperature,darius-s25 Basal body temperature,sensor,mobile_app,72f75e4048ff8788a8850dd2c9e6fd75,Darius smartphone,Mobiel,device,diagnostic,,0,True,no labels at all,integration,
sensor.mobiel_darius_smartphone_darius_s25_basal_metabolic_rate,darius-s25 Basal metabolic rate,sensor,mobile_app,72f75e4048ff8788a8850dd2c9e6fd75,Darius smartphone,Mobiel,device,diagnostic,,0,True,no labels at all,integration,
sensor.mobiel_darius_smartphone_darius_s25_blood_glucose,darius-s25 Blood glucose,sensor,mobile_app,72f75e4048ff8788a8850dd2c9e6fd75,Darius smartphone,Mobiel,device,diagnostic,,0,True,no labels at all,integration,
sensor.mobiel_darius_smartphone_darius_s25_body_fat,darius-s25 Body fat,sensor,mobile_app,72f75e4048ff8788a8850dd2c9e6fd75,Darius smartphone,Mobiel,device,diagnostic,,0,True,no labels at all,integration,
sensor.mobiel_darius_smartphone_darius_s25_body_temperature,darius-s25 Body temperature,sensor,mobile_app,72f75e4048ff8788a8850dd2c9e6fd75,Darius smartphone,Mobiel,device,diagnostic,,0,True,no labels at all,integration,
sensor.mobiel_darius_smartphone_darius_s25_body_water_mass,darius-s25 Body water mass,sensor,mobile_app,72f75e4048ff8788a8850dd2c9e6fd75,Darius smartphone,Mobiel,device,diagnostic,,0,True,no labels at all,integration,
sensor.mobiel_darius_smartphone_darius_s25_bone_mass,darius-s25 Bone mass,sensor,mobile_app,72f75e4048ff8788a8850dd2c9e6fd75,Darius smartphone,Mobiel,device,diagnostic,,0,True,no labels at all,integration,
sensor.mobiel_darius_smartphone_darius_s25_diastolic_blood_pressure,darius-s25 Diastolic blood pressure,sensor,mobile_app,72f75e4048ff8788a8850dd2c9e6fd75,Darius smartphone,Mobiel,device,diagnostic,,0,True,no labels at all,integration,
sensor.mobiel_darius_smartphone_darius_s25_daily_distance,darius-s25 Daily distance,sensor,mobile_app,72f75e4048ff8788a8850dd2c9e6fd75,Darius smartphone,Mobiel,device,diagnostic,,0,True,no labels at all,integration,
sensor.mobiel_darius_smartphone_darius_s25_daily_elevation_gained,darius-s25 Daily elevation gained,sensor,mobile_app,72f75e4048ff8788a8850dd2c9e6fd75,Darius smartphone,Mobiel,device,diagnostic,,0,True,no labels at all,integration,
sensor.mobiel_darius_smartphone_darius_s25_daily_floors,darius-s25 Daily floors,sensor,mobile_app,72f75e4048ff8788a8850dd2c9e6fd75,Darius smartphone,Mobiel,device,diagnostic,,0,True,no labels at all,integration,
sensor.mobiel_darius_smartphone_darius_s25_heart_rate,darius-s25 Heart rate,sensor,mobile_app,72f75e4048ff8788a8850dd2c9e6fd75,Darius smartphone,Mobiel,device,diagnostic,,0,True,no labels at all,integration,
sensor.mobiel_darius_smartphone_darius_s25_heart_rate_variability,darius-s25 Heart rate variability,sensor,mobile_app,72f75e4048ff8788a8850dd2c9e6fd75,Darius smartphone,Mobiel,device,diagnostic,,0,True,no labels at all,integration,
sensor.mobiel_darius_smartphone_darius_s25_height,darius-s25 Height,sensor,mobile_app,72f75e4048ff8788a8850dd2c9e6fd75,Darius smartphone,Mobiel,device,diagnostic,,0,True,no labels at all,integration,
sensor.mobiel_darius_smartphone_darius_s25_daily_hydration,darius-s25 Daily hydration,sensor,mobile_app,72f75e4048ff8788a8850dd2c9e6fd75,Darius smartphone,Mobiel,device,diagnostic,,0,True,no labels at all,integration,
sensor.mobiel_darius_smartphone_darius_s25_lean_body_mass,darius-s25 Lean body mass,sensor,mobile_app,72f75e4048ff8788a8850dd2c9e6fd75,Darius smartphone,Mobiel,device,diagnostic,,0,True,no labels at all,integration,
sensor.mobiel_darius_smartphone_darius_s25_oxygen_saturation,darius-s25 Oxygen saturation,sensor,mobile_app,72f75e4048ff8788a8850dd2c9e6fd75,Darius smartphone,Mobiel,device,diagnostic,,0,True,no labels at all,integration,
sensor.mobiel_darius_smartphone_darius_s25_respiratory_rate,darius-s25 Respiratory rate,sensor,mobile_app,72f75e4048ff8788a8850dd2c9e6fd75,Darius smartphone,Mobiel,device,diagnostic,,0,True,no labels at all,integration,
sensor.mobiel_darius_smartphone_darius_s25_resting_heart_rate,darius-s25 Resting heart rate,sensor,mobile_app,72f75e4048ff8788a8850dd2c9e6fd75,Darius smartphone,Mobiel,device,diagnostic,,0,True,no labels at all,integration,
sensor.mobiel_darius_smartphone_darius_s25_sleep_duration,darius-s25 Sleep duration,sensor,mobile_app,72f75e4048ff8788a8850dd2c9e6fd75,Darius smartphone,Mobiel,device,diagnostic,,0,True,no labels at all,integration,
sensor.mobiel_darius_smartphone_darius_s25_daily_steps,darius-s25 Daily steps,sensor,mobile_app,72f75e4048ff8788a8850dd2c9e6fd75,Darius smartphone,Mobiel,device,diagnostic,,0,True,no labels at all,integration,
sensor.mobiel_darius_smartphone_darius_s25_systolic_blood_pressure,darius-s25 Systolic blood pressure,sensor,mobile_app,72f75e4048ff8788a8850dd2c9e6fd75,Darius smartphone,Mobiel,device,diagnostic,,0,True,no labels at all,integration,
sensor.mobiel_darius_smartphone_darius_s25_total_calories_burned,darius-s25 Total calories burned,sensor,mobile_app,72f75e4048ff8788a8850dd2c9e6fd75,Darius smartphone,Mobiel,device,diagnostic,,0,True,no labels at all,integration,
sensor.mobiel_darius_smartphone_darius_s25_vo2_max,darius-s25 VO2 max,sensor,mobile_app,72f75e4048ff8788a8850dd2c9e6fd75,Darius smartphone,Mobiel,device,diagnostic,,0,True,no labels at all,integration,
sensor.mobiel_darius_smartphone_darius_s25_weight,darius-s25 Weight,sensor,mobile_app,72f75e4048ff8788a8850dd2c9e6fd75,Darius smartphone,Mobiel,device,diagnostic,,0,True,no labels at all,integration,
binary_sensor.mobiel_darius_smartphone_darius_s25_device_locked,darius-s25 Device locked,binary_sensor,mobile_app,72f75e4048ff8788a8850dd2c9e6fd75,Darius smartphone,Mobiel,device,diagnostic,,0,True,no labels at all,integration,
binary_sensor.mobiel_darius_smartphone_darius_s25_device_secure,darius-s25 Device secure,binary_sensor,mobile_app,72f75e4048ff8788a8850dd2c9e6fd75,Darius smartphone,Mobiel,device,diagnostic,,0,True,no labels at all,integration,
binary_sensor.mobiel_darius_smartphone_darius_s25_keyguard_locked,darius-s25 Keyguard locked,binary_sensor,mobile_app,72f75e4048ff8788a8850dd2c9e6fd75,Darius smartphone,Mobiel,device,diagnostic,,0,True,no labels at all,integration,
binary_sensor.mobiel_darius_smartphone_darius_s25_keyguard_secure,darius-s25 Keyguard secure,binary_sensor,mobile_app,72f75e4048ff8788a8850dd2c9e6fd75,Darius smartphone,Mobiel,device,diagnostic,,0,True,no labels at all,integration,
sensor.mobiel_darius_smartphone_darius_s25_last_used_app,darius-s25 Last used app,sensor,mobile_app,72f75e4048ff8788a8850dd2c9e6fd75,Darius smartphone,Mobiel,device,,,0,True,no labels at all,integration,
sensor.mobiel_darius_smartphone_darius_s25_last_reboot,darius-s25 Last reboot,sensor,mobile_app,72f75e4048ff8788a8850dd2c9e6fd75,Darius smartphone,Mobiel,device,diagnostic,,0,True,no labels at all,integration,
sensor.mobiel_darius_smartphone_darius_s25_last_update_trigger,darius-s25 Last update trigger,sensor,mobile_app,72f75e4048ff8788a8850dd2c9e6fd75,Darius smartphone,Mobiel,device,diagnostic,,0,True,no labels at all,integration,
sensor.mobiel_darius_smartphone_darius_s25_light_sensor,darius-s25 Light sensor,sensor,mobile_app,72f75e4048ff8788a8850dd2c9e6fd75,Darius smartphone,Mobiel,device,,,0,True,no labels at all,integration,
binary_sensor.mobiel_darius_smartphone_darius_s25_high_accuracy_mode,darius-s25 High accuracy mode,binary_sensor,mobile_app,72f75e4048ff8788a8850dd2c9e6fd75,Darius smartphone,Mobiel,device,diagnostic,,0,True,no labels at all,integration,
sensor.mobiel_darius_smartphone_darius_s25_high_accuracy_update_interval,darius-s25 High accuracy update interval,sensor,mobile_app,72f75e4048ff8788a8850dd2c9e6fd75,Darius smartphone,Mobiel,device,diagnostic,,0,True,no labels at all,integration,
binary_sensor.mobiel_darius_smartphone_darius_s25_mobile_data,darius-s25 Mobile data,binary_sensor,mobile_app,72f75e4048ff8788a8850dd2c9e6fd75,Darius smartphone,Mobiel,device,diagnostic,,0,True,no labels at all,integration,
binary_sensor.mobiel_darius_smartphone_darius_s25_mobile_data_roaming,darius-s25 Mobile data roaming,binary_sensor,mobile_app,72f75e4048ff8788a8850dd2c9e6fd75,Darius smartphone,Mobiel,device,diagnostic,,0,True,no labels at all,integration,
sensor.mobiel_darius_smartphone_darius_s25_wi_fi_connection,darius-s25 Wi-Fi connection,sensor,mobile_app,72f75e4048ff8788a8850dd2c9e6fd75,Darius smartphone,Mobiel,device,diagnostic,,0,True,no labels at all,integration,
sensor.mobiel_darius_smartphone_darius_s25_wi_fi_bssid,darius-s25 Wi-Fi BSSID,sensor,mobile_app,72f75e4048ff8788a8850dd2c9e6fd75,Darius smartphone,Mobiel,device,diagnostic,,0,True,no labels at all,integration,
sensor.mobiel_darius_smartphone_darius_s25_wi_fi_ip_address,darius-s25 Wi-Fi IP address,sensor,mobile_app,72f75e4048ff8788a8850dd2c9e6fd75,Darius smartphone,Mobiel,device,diagnostic,,0,True,no labels at all,integration,
sensor.mobiel_darius_smartphone_darius_s25_wi_fi_link_speed,darius-s25 Wi-Fi link speed,sensor,mobile_app,72f75e4048ff8788a8850dd2c9e6fd75,Darius smartphone,Mobiel,device,diagnostic,,0,True,no labels at all,integration,
binary_sensor.mobiel_darius_smartphone_darius_s25_wi_fi_state,darius-s25 Wi-Fi state,binary_sensor,mobile_app,72f75e4048ff8788a8850dd2c9e6fd75,Darius smartphone,Mobiel,device,diagnostic,,0,True,no labels at all,integration,
sensor.mobiel_darius_smartphone_darius_s25_wi_fi_frequency,darius-s25 Wi-Fi frequency,sensor,mobile_app,72f75e4048ff8788a8850dd2c9e6fd75,Darius smartphone,Mobiel,device,diagnostic,,0,True,no labels at all,integration,
sensor.mobiel_darius_smartphone_darius_s25_wi_fi_signal_strength,darius-s25 Wi-Fi signal strength,sensor,mobile_app,72f75e4048ff8788a8850dd2c9e6fd75,Darius smartphone,Mobiel,device,diagnostic,,0,True,no labels at all,integration,
sensor.mobiel_darius_smartphone_darius_s25_public_ip_address,darius-s25 Public IP address,sensor,mobile_app,72f75e4048ff8788a8850dd2c9e6fd75,Darius smartphone,Mobiel,device,diagnostic,,0,True,no labels at all,integration,
binary_sensor.mobiel_darius_smartphone_darius_s25_hotspot_state,darius-s25 Hotspot state,binary_sensor,mobile_app,72f75e4048ff8788a8850dd2c9e6fd75,Darius smartphone,Mobiel,device,diagnostic,,0,True,no labels at all,integration,
sensor.mobiel_darius_smartphone_darius_s25_network_type,darius-s25 Network type,sensor,mobile_app,72f75e4048ff8788a8850dd2c9e6fd75,Darius smartphone,Mobiel,device,diagnostic,,0,True,no labels at all,integration,
sensor.mobiel_darius_smartphone_darius_s25_ipv6_addresses,darius-s25 IPv6 addresses,sensor,mobile_app,72f75e4048ff8788a8850dd2c9e6fd75,Darius smartphone,Mobiel,device,diagnostic,,0,True,no labels at all,integration,
binary_sensor.mobiel_darius_smartphone_darius_s25_nfc_state,darius-s25 NFC state,binary_sensor,mobile_app,72f75e4048ff8788a8850dd2c9e6fd75,Darius smartphone,Mobiel,device,diagnostic,,0,True,no labels at all,integration,
sensor.mobiel_darius_smartphone_darius_s25_next_alarm,darius-s25 Next alarm,sensor,mobile_app,72f75e4048ff8788a8850dd2c9e6fd75,Darius smartphone,Mobiel,device,,,0,True,no labels at all,integration,
sensor.mobiel_darius_smartphone_darius_s25_last_notification,darius-s25 Last notification,sensor,mobile_app,72f75e4048ff8788a8850dd2c9e6fd75,Darius smartphone,Mobiel,device,,,0,True,no labels at all,integration,
sensor.mobiel_darius_smartphone_darius_s25_last_removed_notification,darius-s25 Last removed notification,sensor,mobile_app,72f75e4048ff8788a8850dd2c9e6fd75,Darius smartphone,Mobiel,device,,,0,True,no labels at all,integration,
sensor.mobiel_darius_smartphone_darius_s25_active_notification_count,darius-s25 Active notification count,sensor,mobile_app,72f75e4048ff8788a8850dd2c9e6fd75,Darius smartphone,Mobiel,device,,,0,True,no labels at all,integration,
sensor.mobiel_darius_smartphone_darius_s25_media_session,darius-s25 Media session,sensor,mobile_app,72f75e4048ff8788a8850dd2c9e6fd75,Darius smartphone,Mobiel,device,,,0,True,no labels at all,integration,
sensor.mobiel_darius_smartphone_darius_s25_phone_state,darius-s25 Phone state,sensor,mobile_app,72f75e4048ff8788a8850dd2c9e6fd75,Darius smartphone,Mobiel,device,,,0,True,no labels at all,integration,
sensor.mobiel_darius_smartphone_darius_s25_sim_1,darius-s25 SIM 1,sensor,mobile_app,72f75e4048ff8788a8850dd2c9e6fd75,Darius smartphone,Mobiel,device,diagnostic,,0,True,no labels at all,integration,
sensor.mobiel_darius_smartphone_darius_s25_sim_2,darius-s25 SIM 2,sensor,mobile_app,72f75e4048ff8788a8850dd2c9e6fd75,Darius smartphone,Mobiel,device,diagnostic,,0,True,no labels at all,integration,
sensor.mobiel_darius_smartphone_darius_s25_signal_strength_sim_1,darius-s25 Signal strength (SIM 1),sensor,mobile_app,72f75e4048ff8788a8850dd2c9e6fd75,Darius smartphone,Mobiel,device,diagnostic,,0,True,no labels at all,integration,
sensor.mobiel_darius_smartphone_darius_s25_signal_strength_sim_2,darius-s25 Signal strength (SIM 2),sensor,mobile_app,72f75e4048ff8788a8850dd2c9e6fd75,Darius smartphone,Mobiel,device,diagnostic,,0,True,no labels at all,integration,
sensor.mobiel_darius_smartphone_darius_s25_data_network_type_sim_1,darius-s25 Data network type (SIM 1),sensor,mobile_app,72f75e4048ff8788a8850dd2c9e6fd75,Darius smartphone,Mobiel,device,diagnostic,,0,True,no labels at all,integration,
sensor.mobiel_darius_smartphone_darius_s25_data_network_type_sim_2,darius-s25 Data network type (SIM 2),sensor,mobile_app,72f75e4048ff8788a8850dd2c9e6fd75,Darius smartphone,Mobiel,device,diagnostic,,0,True,no labels at all,integration,
binary_sensor.mobiel_darius_smartphone_darius_s25_interactive,darius-s25 Interactive,binary_sensor,mobile_app,72f75e4048ff8788a8850dd2c9e6fd75,Darius smartphone,Mobiel,device,diagnostic,,0,True,no labels at all,integration,
binary_sensor.mobiel_darius_smartphone_darius_s25_doze_mode,darius-s25 Doze mode,binary_sensor,mobile_app,72f75e4048ff8788a8850dd2c9e6fd75,Darius smartphone,Mobiel,device,diagnostic,,0,True,no labels at all,integration,
binary_sensor.mobiel_darius_smartphone_darius_s25_power_save,darius-s25 Power save,binary_sensor,mobile_app,72f75e4048ff8788a8850dd2c9e6fd75,Darius smartphone,Mobiel,device,diagnostic,,0,True,no labels at all,integration,
sensor.mobiel_darius_smartphone_darius_s25_pressure_sensor,darius-s25 Pressure sensor,sensor,mobile_app,72f75e4048ff8788a8850dd2c9e6fd75,Darius smartphone,Mobiel,device,,,0,True,no labels at all,integration,
sensor.mobiel_darius_smartphone_darius_s25_proximity_sensor,darius-s25 Proximity sensor,sensor,mobile_app,72f75e4048ff8788a8850dd2c9e6fd75,Darius smartphone,Mobiel,device,diagnostic,,0,True,no labels at all,integration,
sensor.mobiel_darius_smartphone_darius_s25_steps_sensor,darius-s25 Steps sensor,sensor,mobile_app,72f75e4048ff8788a8850dd2c9e6fd75,Darius smartphone,Mobiel,device,,,0,True,no labels at all,integration,
sensor.mobiel_darius_smartphone_darius_s25_internal_storage,darius-s25 Internal storage,sensor,mobile_app,72f75e4048ff8788a8850dd2c9e6fd75,Darius smartphone,Mobiel,device,diagnostic,,0,True,no labels at all,integration,
sensor.mobiel_darius_smartphone_darius_s25_external_storage,darius-s25 External storage,sensor,mobile_app,72f75e4048ff8788a8850dd2c9e6fd75,Darius smartphone,Mobiel,device,diagnostic,,0,True,no labels at all,integration,
sensor.mobiel_darius_smartphone_darius_s25_current_time_zone,darius-s25 Current time zone,sensor,mobile_app,72f75e4048ff8788a8850dd2c9e6fd75,Darius smartphone,Mobiel,device,diagnostic,,0,True,no labels at all,integration,
sensor.mobiel_darius_smartphone_darius_s25_mobile_rx_gb,darius-s25 Mobile Rx GB,sensor,mobile_app,72f75e4048ff8788a8850dd2c9e6fd75,Darius smartphone,Mobiel,device,diagnostic,,0,True,no labels at all,integration,
sensor.mobiel_darius_smartphone_darius_s25_mobile_tx_gb,darius-s25 Mobile Tx GB,sensor,mobile_app,72f75e4048ff8788a8850dd2c9e6fd75,Darius smartphone,Mobiel,device,diagnostic,,0,True,no labels at all,integration,
sensor.mobiel_darius_smartphone_darius_s25_total_rx_gb,darius-s25 Total Rx GB,sensor,mobile_app,72f75e4048ff8788a8850dd2c9e6fd75,Darius smartphone,Mobiel,device,diagnostic,,0,True,no labels at all,integration,
sensor.mobiel_darius_smartphone_darius_s25_total_tx_gb,darius-s25 Total Tx GB,sensor,mobile_app,72f75e4048ff8788a8850dd2c9e6fd75,Darius smartphone,Mobiel,device,diagnostic,,0,True,no labels at all,integration,
device_tracker.mobiel_darius_smartphone,Darius smartphone,device_tracker,mobile_app,72f75e4048ff8788a8850dd2c9e6fd75,Darius smartphone,Mobiel,device,diagnostic,,0,True,no labels at all,,
binary_sensor.digital_only_ev3_accessory,Accessory,binary_sensor,kia_uvo,a6208ccc2c783ccb8c28649eb60df6b6,EV3,Digital only,device,diagnostic,,0,True,no labels at all,,
binary_sensor.digital_only_ev3_ign3,IGN3,binary_sensor,kia_uvo,a6208ccc2c783ccb8c28649eb60df6b6,EV3,Digital only,device,diagnostic,,0,True,no labels at all,,
binary_sensor.digital_only_ev3_sleep_mode_check,Sleep Mode Check,binary_sensor,kia_uvo,a6208ccc2c783ccb8c28649eb60df6b6,EV3,Digital only,device,diagnostic,,0,True,no labels at all,,
switch.badkamer_binnen_ui,,switch,rflink_ui,f64642c9ad381d5e77a14137a4c782f5,Badkamer - binnen (ui),,,,,0,True,no labels at all,,
automation.badkamerlicht_buiten,Badkamerlicht - buiten,automation,automation,,,Digital only,entity,,"Automation, Digital only",2,False,"missing category: brand, protocol; uncategorized label(s): Automation",,
automation.badkamerlicht_binnen,Badkamerlicht - binnen,automation,automation,,,Digital only,entity,,"Automation, Digital only",2,False,"missing category: brand, protocol; uncategorized label(s): Automation",,
stt.faster_whisper,faster-whisper,stt,wyoming,,,,,,,0,True,no labels at all,,
binary_sensor.whisper_running,Running,binary_sensor,hassio,1341c1745afa4e98f0559ec71422871e,Whisper,Digital only,device,,,0,True,no labels at all,integration,
sensor.whisper_version,Version,sensor,hassio,1341c1745afa4e98f0559ec71422871e,Whisper,Digital only,device,,,0,True,no labels at all,integration,
sensor.whisper_newest_version,Newest version,sensor,hassio,1341c1745afa4e98f0559ec71422871e,Whisper,Digital only,device,,,0,True,no labels at all,integration,
sensor.whisper_cpu_percent,CPU percent,sensor,hassio,1341c1745afa4e98f0559ec71422871e,Whisper,Digital only,device,,,0,True,no labels at all,integration,
sensor.whisper_memory_percent,Memory percent,sensor,hassio,1341c1745afa4e98f0559ec71422871e,Whisper,Digital only,device,,,0,True,no labels at all,integration,
switch.whisper,,switch,hassio,1341c1745afa4e98f0559ec71422871e,Whisper,Digital only,device,,,0,True,no labels at all,integration,
update.whisper_update,Update,update,hassio,1341c1745afa4e98f0559ec71422871e,Whisper,Digital only,device,config,,0,True,no labels at all,,
light.badkamer_ventilator,Badkamer ventilator rflink 1,light,rflink,,,Badkamer,entity,,"Light, RF device",2,False,missing category: brand,,
light.badkamer_fan_nieuw,Badkamer ventilator rflink 2,light,rflink,,,Badkamer,entity,,"Light, RF device",2,False,missing category: brand,,
update.lovelace_card_templater_update,Update,update,hacs,01d17d62ee5a3cde89e558e63b3fa2be,Lovelace Card Templater,,,config,,0,True,no labels at all,,
switch.lovelace_card_templater_pre_release,Pre-release,switch,hacs,01d17d62ee5a3cde89e558e63b3fa2be,Lovelace Card Templater,,,diagnostic,,0,True,no labels at all,integration,
number.voortuin_kleinpaal_default_charge_level,Default Charge Level,number,enphase_ev,bcb097c35263d2a48844a2286b06586d,Kleinpaal,Voortuin,device,,,0,True,no labels at all,,
switch.kleinpaal_auth_via_app,Auth via App,switch,enphase_ev,bcb097c35263d2a48844a2286b06586d,Kleinpaal,Voortuin,device,,,0,True,no labels at all,,
binary_sensor.timmerflotte_temp_hmd_sensor_hardware_faults_3,Hardware faults,binary_sensor,matter,ed547a771bfb2ca0149ac99f4ad24f40,TIMMERFLOTTE temp/hmd sensor,Achtertuin,device,diagnostic,,0,True,no labels at all,integration,
binary_sensor.timmerflotte_temp_hmd_sensor_radio_faults_3,Radio faults,binary_sensor,matter,ed547a771bfb2ca0149ac99f4ad24f40,TIMMERFLOTTE temp/hmd sensor,Achtertuin,device,diagnostic,,0,True,no labels at all,integration,
binary_sensor.timmerflotte_temp_hmd_sensor_network_faults_3,Network faults,binary_sensor,matter,ed547a771bfb2ca0149ac99f4ad24f40,TIMMERFLOTTE temp/hmd sensor,Achtertuin,device,diagnostic,,0,True,no labels at all,integration,
sensor.timmerflotte_temp_hmd_sensor_battery_3,Battery,sensor,matter,ed547a771bfb2ca0149ac99f4ad24f40,TIMMERFLOTTE temp/hmd sensor,Achtertuin,device,diagnostic,,0,True,no labels at all,,
sensor.timmerflotte_temp_hmd_sensor_battery_voltage_3,Battery voltage,sensor,matter,ed547a771bfb2ca0149ac99f4ad24f40,TIMMERFLOTTE temp/hmd sensor,Achtertuin,device,diagnostic,,0,True,no labels at all,,
sensor.timmerflotte_temp_hmd_sensor_battery_type_3,Battery type,sensor,matter,ed547a771bfb2ca0149ac99f4ad24f40,TIMMERFLOTTE temp/hmd sensor,Achtertuin,device,diagnostic,,0,True,no labels at all,,
sensor.timmerflotte_temp_hmd_sensor_thread_channel_3,Thread channel,sensor,matter,ed547a771bfb2ca0149ac99f4ad24f40,TIMMERFLOTTE temp/hmd sensor,Achtertuin,device,diagnostic,,0,True,no labels at all,integration,
sensor.timmerflotte_temp_hmd_sensor_thread_routing_role_3,Thread routing role,sensor,matter,ed547a771bfb2ca0149ac99f4ad24f40,TIMMERFLOTTE temp/hmd sensor,Achtertuin,device,diagnostic,,0,True,no labels at all,integration,
sensor.timmerflotte_temp_hmd_sensor_thread_network_name_3,Thread network name,sensor,matter,ed547a771bfb2ca0149ac99f4ad24f40,TIMMERFLOTTE temp/hmd sensor,Achtertuin,device,diagnostic,,0,True,no labels at all,integration,
sensor.timmerflotte_temp_hmd_sensor_reboot_count_3,Reboot count,sensor,matter,ed547a771bfb2ca0149ac99f4ad24f40,TIMMERFLOTTE temp/hmd sensor,Achtertuin,device,diagnostic,,0,True,no labels at all,integration,
sensor.timmerflotte_temp_hmd_sensor_uptime_3,Uptime,sensor,matter,ed547a771bfb2ca0149ac99f4ad24f40,TIMMERFLOTTE temp/hmd sensor,Achtertuin,device,diagnostic,,0,True,no labels at all,integration,
sensor.timmerflotte_temp_hmd_sensor_boot_reason_3,Boot reason,sensor,matter,ed547a771bfb2ca0149ac99f4ad24f40,TIMMERFLOTTE temp/hmd sensor,Achtertuin,device,diagnostic,,0,True,no labels at all,integration,
update.timmerflotte_temp_hmd_sensor_firmware_3,Firmware,update,matter,ed547a771bfb2ca0149ac99f4ad24f40,TIMMERFLOTTE temp/hmd sensor,Achtertuin,device,config,,0,True,no labels at all,,
button.timmerflotte_temp_hmd_sensor_identify_1_3,Identify (1),button,matter,ed547a771bfb2ca0149ac99f4ad24f40,TIMMERFLOTTE temp/hmd sensor,Achtertuin,device,diagnostic,,0,True,no labels at all,,
sensor.timmerflotte_temp_hmd_sensor_temperature_3,Temperature,sensor,matter,ed547a771bfb2ca0149ac99f4ad24f40,TIMMERFLOTTE temp/hmd sensor,Achtertuin,device,,,0,True,no labels at all,,
button.timmerflotte_temp_hmd_sensor_identify_2_3,Identify (2),button,matter,ed547a771bfb2ca0149ac99f4ad24f40,TIMMERFLOTTE temp/hmd sensor,Achtertuin,device,diagnostic,,0,True,no labels at all,,
sensor.timmerflotte_temp_hmd_sensor_humidity_3,Humidity,sensor,matter,ed547a771bfb2ca0149ac99f4ad24f40,TIMMERFLOTTE temp/hmd sensor,Achtertuin,device,,,0,True,no labels at all,,
sensor.veranda_veranda_thermometer_battery,Battery,sensor,matter,117206864f353d90b8d39a0d7baec6a9,Veranda thermometer,Veranda,device,diagnostic,,0,True,no labels at all,,
sensor.veranda_veranda_thermometer_battery_type,Battery type,sensor,matter,117206864f353d90b8d39a0d7baec6a9,Veranda thermometer,Veranda,device,diagnostic,,0,True,no labels at all,,
sensor.veranda_veranda_thermometer_battery_voltage,Battery voltage,sensor,matter,117206864f353d90b8d39a0d7baec6a9,Veranda thermometer,Veranda,device,diagnostic,,0,True,no labels at all,,
sensor.veranda_veranda_thermometer_boot_reason,Boot reason,sensor,matter,117206864f353d90b8d39a0d7baec6a9,Veranda thermometer,Veranda,device,diagnostic,,0,True,no labels at all,integration,
update.veranda_veranda_thermometer_firmware,Firmware,update,matter,117206864f353d90b8d39a0d7baec6a9,Veranda thermometer,Veranda,device,config,,0,True,no labels at all,,
binary_sensor.veranda_veranda_thermometer_hardware_faults,Hardware faults,binary_sensor,matter,117206864f353d90b8d39a0d7baec6a9,Veranda thermometer,Veranda,device,diagnostic,,0,True,no labels at all,integration,
sensor.veranda_veranda_thermometer_humidity,Humidity,sensor,matter,117206864f353d90b8d39a0d7baec6a9,Veranda thermometer,Veranda,device,,,0,True,no labels at all,,
button.veranda_veranda_thermometer_identify_1,Identify (1),button,matter,117206864f353d90b8d39a0d7baec6a9,Veranda thermometer,Veranda,device,diagnostic,,0,True,no labels at all,,
button.veranda_veranda_thermometer_identify_2,Identify (2),button,matter,117206864f353d90b8d39a0d7baec6a9,Veranda thermometer,Veranda,device,diagnostic,,0,True,no labels at all,,
binary_sensor.veranda_veranda_thermometer_network_faults,Network faults,binary_sensor,matter,117206864f353d90b8d39a0d7baec6a9,Veranda thermometer,Veranda,device,diagnostic,,0,True,no labels at all,integration,
binary_sensor.veranda_veranda_thermometer_radio_faults,Radio faults,binary_sensor,matter,117206864f353d90b8d39a0d7baec6a9,Veranda thermometer,Veranda,device,diagnostic,,0,True,no labels at all,integration,
sensor.veranda_veranda_thermometer_reboot_count,Reboot count,sensor,matter,117206864f353d90b8d39a0d7baec6a9,Veranda thermometer,Veranda,device,diagnostic,,0,True,no labels at all,integration,
sensor.veranda_veranda_thermometer_temperature,Temperature,sensor,matter,117206864f353d90b8d39a0d7baec6a9,Veranda thermometer,Veranda,device,,,0,True,no labels at all,,
sensor.veranda_veranda_thermometer_thread_channel,Thread channel,sensor,matter,117206864f353d90b8d39a0d7baec6a9,Veranda thermometer,Veranda,device,diagnostic,,0,True,no labels at all,integration,
sensor.veranda_veranda_thermometer_thread_network_name,Thread network name,sensor,matter,117206864f353d90b8d39a0d7baec6a9,Veranda thermometer,Veranda,device,diagnostic,,0,True,no labels at all,integration,
sensor.veranda_veranda_thermometer_thread_routing_role,Thread routing role,sensor,matter,117206864f353d90b8d39a0d7baec6a9,Veranda thermometer,Veranda,device,diagnostic,,0,True,no labels at all,integration,
sensor.veranda_veranda_thermometer_uptime,Uptime,sensor,matter,117206864f353d90b8d39a0d7baec6a9,Veranda thermometer,Veranda,device,diagnostic,,0,True,no labels at all,integration,
